[
    {
        "replenish": true,
        "skus": [
            [
                "SKU-000347C",
                1
            ],
            [
                "SKU-000253C",
                1
            ],
            [
                "SKU-000500C",
                1
            ],
            [
                "SKU-000175C",
                1
            ],
            [
                "SKU-000336D",
                1
            ],
            [
                "SKU-000473B",
                1
            ],
            [
                "SKU-000281B",
                1
            ],
            [
                "SKU-000073A",
                1
            ],
            [
                "SKU-000069D",
                1
            ],
            [
                "SKU-000009B",
                1
            ],
            [
                "SKU-000217B",
                1
            ]
        ],
        "pickTime": "2025-07-01 02:56:07"
    },
    {
        "replenish": true,
        "skus": [
            [
                "SKU-000078D",
                1
            ]
        ],
        "pickTime": "2025-07-01 19:52:01"
    },
    {
        "replenish": true,
        "skus": [
            [
                "SKU-000391A",
                1
            ]
        ],
        "pickTime": "2025-07-01 22:19:10"
    },
    {
        "replenish": true,
        "skus": [
            [
                "SKU-000112B",
                1
            ],
            [
                "SKU-000063C",
                1
            ],
            [
                "SKU-000471A",
                1
            ],
            [
                "SKU-000015D",
                1
            ],
            [
                "SKU-000469D",
                1
            ],
            [
                "SKU-000393A",
                1
            ],
            [
                "SKU-000089D",
                1
            ]
        ],
        "pickTime": "2025-07-02 20:14:34"
    },
    {
        "replenish": true,
        "skus": [
            [
                "SKU-000413A",
                1
            ],
            [
                "SKU-000081A",
                1
            ]
        ],
        "pickTime": "2025-07-02 20:54:58"
    },
    {
        "replenish": true,
        "skus": [
            [
                "SKU-000442B",
                1
            ],
            [
                "SKU-000399C",
                1
            ],
            [
                "SKU-000429C",
                1
            ],
            [
                "SKU-000047A",
                1
            ]
        ],
        "pickTime": "2025-07-03 00:10:05"
    },
    {
        "replenish": true,
        "skus": [
            [
                "SKU-000389B",
                1
            ],
            [
                "SKU-000320A",
                1
            ],
            [
                "SKU-000192A",
                1
            ],
            [
                "SKU-000031C",
                1
            ],
            [
                "SKU-000422A",
                1
            ],
            [
                "SKU-000420D",
                1
            ],
            [
                "SKU-000231B",
                1
            ],
            [
                "SKU-000318A",
                1
            ],
            [
                "SKU-000256A",
                1
            ],
            [
                "SKU-000138D",
                1
            ],
            [
                "SKU-000217B",
                1
            ],
            [
                "SKU-000206A",
                1
            ],
            [
                "SKU-000405D",
                1
            ],
            [
                "SKU-000390C",
                1
            ],
            [
                "SKU-000311C",
                1
            ],
            [
                "SKU-000137D",
                1
            ],
            [
                "SKU-000301B",
                1
            ],
            [
                "SKU-000444A",
                1
            ],
            [
                "SKU-000432A",
                1
            ],
            [
                "SKU-000125D",
                1
            ]
        ],
        "pickTime": "2025-07-03 08:59:44"
    },
    {
        "replenish": true,
        "skus": [
            [
                "SKU-000119A",
                1
            ],
            [
                "SKU-000336D",
                1
            ],
            [
                "SKU-000430B",
                1
            ]
        ],
        "pickTime": "2025-07-03 10:22:03"
    },
    {
        "replenish": true,
        "skus": [
            [
                "SKU-000369D",
                1
            ],
            [
                "SKU-000140D",
                1
            ]
        ],
        "pickTime": "2025-07-03 19:14:47"
    },
    {
        "replenish": true,
        "skus": [
            [
                "SKU-000246A",
                1
            ],
            [
                "SKU-000264B",
                1
            ],
            [
                "SKU-000497D",
                1
            ],
            [
                "SKU-000128A",
                1
            ],
            [
                "SKU-000137A",
                1
            ],
            [
                "SKU-000382A",
                1
            ]
        ],
        "pickTime": "2025-07-03 23:06:57"
    },
    {
        "replenish": true,
        "skus": [
            [
                "SKU-000256A",
                1
            ],
            [
                "SKU-000311C",
                1
            ]
        ],
        "pickTime": "2025-07-03 23:18:56"
    },
    {
        "replenish": true,
        "skus": [
            [
                "SKU-000363A",
                1
            ],
            [
                "SKU-000244C",
                1
            ]
        ],
        "pickTime": "2025-07-03 23:32:47"
    },
    {
        "replenish": true,
        "skus": [
            [
                "SKU-000080C",
                1
            ],
            [
                "SKU-000237B",
                1
            ],
            [
                "SKU-000305B",
                1
            ],
            [
                "SKU-000080A",
                1
            ]
        ],
        "pickTime": "2025-07-04 02:01:10"
    },
    {
        "replenish": true,
        "skus": [
            [
                "SKU-000320B",
                1
            ],
            [
                "SKU-000126C",
                1
            ],
            [
                "SKU-000301B",
                1
            ],
            [
                "SKU-000290B",
                1
            ],
            [
                "SKU-000140C",
                1
            ]
        ],
        "pickTime": "2025-07-04 09:57:53"
    },
    {
        "replenish": true,
        "skus": [
            [
                "SKU-000027C",
                1
            ],
            [
                "SKU-000157A",
                1
            ],
            [
                "SKU-000469C",
                1
            ],
            [
                "SKU-000443D",
                1
            ],
            [
                "SKU-000334B",
                1
            ],
            [
                "SKU-000317B",
                1
            ],
            [
                "SKU-000363A",
                1
            ],
            [
                "SKU-000096D",
                1
            ],
            [
                "SKU-000153C",
                1
            ],
            [
                "SKU-000046D",
                1
            ],
            [
                "SKU-000369C",
                1
            ],
            [
                "SKU-000411D",
                1
            ],
            [
                "SKU-000483B",
                1
            ],
            [
                "SKU-000179B",
                1
            ],
            [
                "SKU-000316C",
                1
            ],
            [
                "SKU-000073A",
                1
            ],
            [
                "SKU-000215C",
                1
            ],
            [
                "SKU-000287D",
                1
            ],
            [
                "SKU-000037B",
                1
            ],
            [
                "SKU-000019D",
                1
            ],
            [
                "SKU-000498B",
                1
            ],
            [
                "SKU-000493A",
                1
            ],
            [
                "SKU-000413C",
                1
            ],
            [
                "SKU-000179B",
                1
            ],
            [
                "SKU-000138D",
                1
            ],
            [
                "SKU-000197C",
                1
            ],
            [
                "SKU-000052B",
                1
            ],
            [
                "SKU-000325B",
                1
            ]
        ],
        "pickTime": "2025-07-04 17:45:49"
    },
    {
        "replenish": true,
        "skus": [
            [
                "SKU-000464B",
                1
            ]
        ],
        "pickTime": "2025-07-04 21:22:59"
    },
    {
        "replenish": true,
        "skus": [
            [
                "SKU-000498A",
                1
            ],
            [
                "SKU-000330D",
                1
            ],
            [
                "SKU-000362D",
                1
            ],
            [
                "SKU-000488A",
                1
            ]
        ],
        "pickTime": "2025-07-05 01:27:25"
    },
    {
        "replenish": true,
        "skus": [
            [
                "SKU-000494D",
                1
            ],
            [
                "SKU-000422D",
                1
            ],
            [
                "SKU-000450B",
                1
            ],
            [
                "SKU-000206A",
                1
            ]
        ],
        "pickTime": "2025-07-05 04:27:45"
    },
    {
        "replenish": true,
        "skus": [
            [
                "SKU-000421B",
                1
            ],
            [
                "SKU-000313B",
                1
            ],
            [
                "SKU-000188D",
                1
            ],
            [
                "SKU-000472D",
                1
            ],
            [
                "SKU-000095B",
                1
            ]
        ],
        "pickTime": "2025-07-05 13:37:58"
    },
    {
        "replenish": true,
        "skus": [
            [
                "SKU-000408A",
                1
            ],
            [
                "SKU-000459B",
                1
            ]
        ],
        "pickTime": "2025-07-05 15:32:55"
    },
    {
        "replenish": true,
        "skus": [
            [
                "SKU-000303D",
                1
            ],
            [
                "SKU-000178D",
                1
            ],
            [
                "SKU-000325A",
                1
            ],
            [
                "SKU-000350B",
                1
            ],
            [
                "SKU-000226A",
                1
            ],
            [
                "SKU-000039D",
                1
            ],
            [
                "SKU-000041C",
                1
            ],
            [
                "SKU-000116D",
                1
            ],
            [
                "SKU-000412A",
                1
            ],
            [
                "SKU-000179D",
                1
            ],
            [
                "SKU-000380C",
                1
            ],
            [
                "SKU-000130B",
                1
            ],
            [
                "SKU-000241A",
                1
            ],
            [
                "SKU-000195D",
                1
            ]
        ],
        "pickTime": "2025-07-05 16:10:46"
    },
    {
        "replenish": true,
        "skus": [
            [
                "SKU-000417C",
                1
            ],
            [
                "SKU-000433A",
                1
            ],
            [
                "SKU-000087B",
                1
            ],
            [
                "SKU-000458A",
                1
            ],
            [
                "SKU-000440C",
                1
            ],
            [
                "SKU-000137D",
                1
            ],
            [
                "SKU-000331C",
                1
            ],
            [
                "SKU-000458A",
                1
            ]
        ],
        "pickTime": "2025-07-06 00:03:04"
    },
    {
        "replenish": true,
        "skus": [
            [
                "SKU-000019D",
                1
            ],
            [
                "SKU-000237A",
                1
            ]
        ],
        "pickTime": "2025-07-06 03:12:53"
    },
    {
        "replenish": true,
        "skus": [
            [
                "SKU-000155B",
                1
            ]
        ],
        "pickTime": "2025-07-06 05:01:07"
    },
    {
        "replenish": true,
        "skus": [
            [
                "SKU-000078C",
                1
            ]
        ],
        "pickTime": "2025-07-06 06:55:30"
    },
    {
        "replenish": true,
        "skus": [
            [
                "SKU-000208A",
                1
            ],
            [
                "SKU-000177D",
                1
            ],
            [
                "SKU-000331A",
                1
            ],
            [
                "SKU-000006A",
                1
            ],
            [
                "SKU-000327C",
                1
            ],
            [
                "SKU-000190A",
                1
            ],
            [
                "SKU-000016B",
                1
            ],
            [
                "SKU-000301C",
                1
            ],
            [
                "SKU-000098B",
                1
            ],
            [
                "SKU-000265B",
                1
            ],
            [
                "SKU-000171D",
                1
            ],
            [
                "SKU-000076B",
                1
            ],
            [
                "SKU-000071D",
                1
            ],
            [
                "SKU-000138D",
                1
            ]
        ],
        "pickTime": "2025-07-06 12:00:22"
    },
    {
        "replenish": true,
        "skus": [
            [
                "SKU-000476D",
                1
            ]
        ],
        "pickTime": "2025-07-06 18:06:37"
    },
    {
        "replenish": true,
        "skus": [
            [
                "SKU-000090B",
                1
            ],
            [
                "SKU-000049A",
                1
            ],
            [
                "SKU-000212B",
                1
            ],
            [
                "SKU-000485D",
                1
            ],
            [
                "SKU-000389B",
                1
            ],
            [
                "SKU-000385D",
                1
            ],
            [
                "SKU-000376B",
                1
            ],
            [
                "SKU-000076B",
                1
            ],
            [
                "SKU-000391B",
                1
            ],
            [
                "SKU-000146A",
                1
            ],
            [
                "SKU-000138D",
                1
            ]
        ],
        "pickTime": "2025-07-07 00:50:35"
    },
    {
        "replenish": true,
        "skus": [
            [
                "SKU-000131B",
                1
            ],
            [
                "SKU-000456C",
                1
            ],
            [
                "SKU-000123B",
                1
            ],
            [
                "SKU-000340A",
                1
            ],
            [
                "SKU-000128A",
                1
            ],
            [
                "SKU-000458B",
                1
            ],
            [
                "SKU-000492D",
                1
            ],
            [
                "SKU-000346A",
                1
            ]
        ],
        "pickTime": "2025-07-07 01:06:48"
    },
    {
        "replenish": true,
        "skus": [
            [
                "SKU-000015D",
                1
            ],
            [
                "SKU-000249B",
                1
            ]
        ],
        "pickTime": "2025-07-07 02:50:25"
    },
    {
        "replenish": true,
        "skus": [
            [
                "SKU-000435D",
                1
            ],
            [
                "SKU-000476D",
                1
            ],
            [
                "SKU-000410C",
                1
            ],
            [
                "SKU-000132B",
                1
            ],
            [
                "SKU-000288C",
                1
            ],
            [
                "SKU-000488C",
                1
            ],
            [
                "SKU-000117D",
                1
            ],
            [
                "SKU-000399C",
                1
            ],
            [
                "SKU-000352B",
                1
            ],
            [
                "SKU-000132D",
                1
            ],
            [
                "SKU-000206A",
                1
            ],
            [
                "SKU-000401C",
                1
            ],
            [
                "SKU-000173A",
                1
            ],
            [
                "SKU-000255D",
                1
            ],
            [
                "SKU-000194B",
                1
            ],
            [
                "SKU-000450D",
                1
            ],
            [
                "SKU-000186C",
                1
            ],
            [
                "SKU-000408A",
                1
            ],
            [
                "SKU-000355D",
                1
            ],
            [
                "SKU-000073C",
                1
            ],
            [
                "SKU-000117B",
                1
            ],
            [
                "SKU-000363C",
                1
            ],
            [
                "SKU-000267D",
                1
            ],
            [
                "SKU-000046D",
                1
            ],
            [
                "SKU-000140C",
                1
            ],
            [
                "SKU-000129D",
                1
            ],
            [
                "SKU-000232B",
                1
            ],
            [
                "SKU-000257C",
                1
            ],
            [
                "SKU-000045D",
                1
            ],
            [
                "SKU-000475A",
                1
            ],
            [
                "SKU-000475A",
                1
            ],
            [
                "SKU-000220D",
                1
            ],
            [
                "SKU-000080A",
                1
            ],
            [
                "SKU-000167B",
                1
            ],
            [
                "SKU-000048C",
                1
            ],
            [
                "SKU-000453D",
                1
            ],
            [
                "SKU-000129A",
                1
            ],
            [
                "SKU-000250C",
                1
            ],
            [
                "SKU-000313D",
                1
            ],
            [
                "SKU-000308C",
                1
            ],
            [
                "SKU-000429C",
                1
            ]
        ],
        "pickTime": "2025-07-07 03:11:40"
    },
    {
        "replenish": true,
        "skus": [
            [
                "SKU-000411D",
                1
            ],
            [
                "SKU-000256A",
                1
            ],
            [
                "SKU-000437B",
                1
            ],
            [
                "SKU-000423D",
                1
            ],
            [
                "SKU-000339B",
                1
            ],
            [
                "SKU-000022C",
                1
            ]
        ],
        "pickTime": "2025-07-07 04:08:53"
    },
    {
        "replenish": true,
        "skus": [
            [
                "SKU-000067B",
                1
            ],
            [
                "SKU-000184B",
                1
            ]
        ],
        "pickTime": "2025-07-07 05:57:04"
    },
    {
        "replenish": true,
        "skus": [
            [
                "SKU-000268D",
                1
            ],
            [
                "SKU-000210D",
                1
            ],
            [
                "SKU-000017D",
                1
            ],
            [
                "SKU-000008D",
                1
            ],
            [
                "SKU-000354D",
                1
            ],
            [
                "SKU-000213C",
                1
            ],
            [
                "SKU-000475A",
                1
            ],
            [
                "SKU-000382A",
                1
            ],
            [
                "SKU-000198D",
                1
            ]
        ],
        "pickTime": "2025-07-07 23:41:39"
    },
    {
        "replenish": true,
        "skus": [
            [
                "SKU-000382D",
                1
            ],
            [
                "SKU-000142B",
                1
            ]
        ],
        "pickTime": "2025-07-08 02:45:48"
    },
    {
        "replenish": true,
        "skus": [
            [
                "SKU-000104D",
                1
            ],
            [
                "SKU-000151A",
                1
            ],
            [
                "SKU-000386C",
                1
            ],
            [
                "SKU-000329D",
                1
            ],
            [
                "SKU-000211A",
                1
            ],
            [
                "SKU-000086B",
                1
            ],
            [
                "SKU-000363A",
                1
            ],
            [
                "SKU-000219B",
                1
            ],
            [
                "SKU-000150D",
                1
            ],
            [
                "SKU-000176D",
                1
            ],
            [
                "SKU-000317C",
                1
            ],
            [
                "SKU-000040D",
                1
            ],
            [
                "SKU-000336A",
                1
            ],
            [
                "SKU-000134A",
                1
            ],
            [
                "SKU-000296B",
                1
            ],
            [
                "SKU-000491B",
                1
            ],
            [
                "SKU-000019D",
                1
            ]
        ],
        "pickTime": "2025-07-08 10:48:11"
    },
    {
        "replenish": true,
        "skus": [
            [
                "SKU-000474B",
                1
            ],
            [
                "SKU-000330D",
                1
            ],
            [
                "SKU-000143A",
                1
            ],
            [
                "SKU-000434A",
                1
            ],
            [
                "SKU-000042D",
                1
            ],
            [
                "SKU-000410C",
                1
            ],
            [
                "SKU-000040C",
                1
            ],
            [
                "SKU-000315B",
                1
            ],
            [
                "SKU-000176D",
                1
            ],
            [
                "SKU-000060D",
                1
            ],
            [
                "SKU-000267D",
                1
            ],
            [
                "SKU-000206C",
                1
            ],
            [
                "SKU-000301C",
                1
            ],
            [
                "SKU-000331B",
                1
            ],
            [
                "SKU-000120B",
                1
            ],
            [
                "SKU-000190A",
                1
            ],
            [
                "SKU-000011A",
                1
            ],
            [
                "SKU-000382C",
                1
            ]
        ],
        "pickTime": "2025-07-08 11:32:41"
    },
    {
        "replenish": true,
        "skus": [
            [
                "SKU-000121A",
                1
            ],
            [
                "SKU-000339B",
                1
            ],
            [
                "SKU-000173A",
                1
            ],
            [
                "SKU-000381A",
                1
            ],
            [
                "SKU-000202A",
                1
            ],
            [
                "SKU-000033B",
                1
            ],
            [
                "SKU-000074A",
                1
            ],
            [
                "SKU-000148D",
                1
            ],
            [
                "SKU-000073A",
                1
            ],
            [
                "SKU-000373B",
                1
            ],
            [
                "SKU-000476D",
                1
            ]
        ],
        "pickTime": "2025-07-08 19:07:50"
    },
    {
        "replenish": true,
        "skus": [
            [
                "SKU-000443D",
                1
            ],
            [
                "SKU-000005B",
                1
            ],
            [
                "SKU-000018B",
                1
            ],
            [
                "SKU-000130B",
                1
            ],
            [
                "SKU-000215C",
                1
            ],
            [
                "SKU-000346C",
                1
            ],
            [
                "SKU-000393C",
                1
            ],
            [
                "SKU-000267D",
                1
            ],
            [
                "SKU-000392B",
                1
            ],
            [
                "SKU-000490D",
                1
            ]
        ],
        "pickTime": "2025-07-09 01:05:05"
    },
    {
        "replenish": true,
        "skus": [
            [
                "SKU-000155B",
                1
            ],
            [
                "SKU-000040D",
                1
            ],
            [
                "SKU-000268D",
                1
            ],
            [
                "SKU-000181C",
                1
            ],
            [
                "SKU-000178A",
                1
            ],
            [
                "SKU-000348B",
                1
            ],
            [
                "SKU-000301C",
                1
            ],
            [
                "SKU-000119C",
                1
            ],
            [
                "SKU-000008D",
                1
            ],
            [
                "SKU-000112A",
                1
            ],
            [
                "SKU-000412C",
                1
            ]
        ],
        "pickTime": "2025-07-09 02:21:26"
    },
    {
        "replenish": true,
        "skus": [
            [
                "SKU-000390D",
                1
            ]
        ],
        "pickTime": "2025-07-09 13:16:26"
    },
    {
        "replenish": true,
        "skus": [
            [
                "SKU-000299D",
                1
            ],
            [
                "SKU-000178A",
                1
            ],
            [
                "SKU-000393A",
                1
            ],
            [
                "SKU-000450B",
                1
            ],
            [
                "SKU-000406B",
                1
            ],
            [
                "SKU-000486B",
                1
            ],
            [
                "SKU-000498A",
                1
            ]
        ],
        "pickTime": "2025-07-09 19:51:30"
    },
    {
        "replenish": true,
        "skus": [
            [
                "SKU-000297D",
                1
            ],
            [
                "SKU-000128A",
                1
            ],
            [
                "SKU-000282A",
                1
            ],
            [
                "SKU-000103B",
                1
            ]
        ],
        "pickTime": "2025-07-10 00:42:54"
    },
    {
        "replenish": true,
        "skus": [
            [
                "SKU-000370D",
                1
            ],
            [
                "SKU-000025D",
                1
            ],
            [
                "SKU-000141B",
                1
            ],
            [
                "SKU-000165C",
                1
            ],
            [
                "SKU-000079C",
                1
            ],
            [
                "SKU-000430B",
                1
            ],
            [
                "SKU-000318D",
                1
            ],
            [
                "SKU-000362D",
                1
            ],
            [
                "SKU-000465A",
                1
            ],
            [
                "SKU-000249B",
                1
            ],
            [
                "SKU-000304B",
                1
            ],
            [
                "SKU-000037B",
                1
            ],
            [
                "SKU-000332B",
                1
            ],
            [
                "SKU-000056A",
                1
            ],
            [
                "SKU-000049A",
                1
            ],
            [
                "SKU-000037B",
                1
            ]
        ],
        "pickTime": "2025-07-10 01:25:38"
    },
    {
        "replenish": true,
        "skus": [
            [
                "SKU-000224A",
                1
            ],
            [
                "SKU-000175A",
                1
            ],
            [
                "SKU-000429C",
                1
            ]
        ],
        "pickTime": "2025-07-14 00:23:26"
    },
    {
        "replenish": true,
        "skus": [
            [
                "SKU-000005B",
                1
            ]
        ],
        "pickTime": "2025-07-14 04:49:42"
    },
    {
        "replenish": true,
        "skus": [
            [
                "SKU-000422B",
                1
            ],
            [
                "SKU-000093D",
                1
            ],
            [
                "SKU-000254C",
                1
            ],
            [
                "SKU-000202B",
                1
            ],
            [
                "SKU-000483B",
                1
            ],
            [
                "SKU-000249B",
                1
            ],
            [
                "SKU-000445C",
                1
            ],
            [
                "SKU-000257D",
                1
            ]
        ],
        "pickTime": "2025-07-14 08:43:25"
    },
    {
        "replenish": true,
        "skus": [
            [
                "SKU-000394D",
                1
            ],
            [
                "SKU-000334D",
                1
            ],
            [
                "SKU-000128A",
                1
            ],
            [
                "SKU-000092D",
                1
            ],
            [
                "SKU-000351D",
                1
            ],
            [
                "SKU-000165D",
                1
            ],
            [
                "SKU-000424D",
                1
            ],
            [
                "SKU-000077D",
                1
            ],
            [
                "SKU-000162D",
                1
            ]
        ],
        "pickTime": "2025-07-14 21:18:44"
    },
    {
        "replenish": true,
        "skus": [
            [
                "SKU-000028D",
                1
            ],
            [
                "SKU-000069B",
                1
            ]
        ],
        "pickTime": "2025-07-15 09:03:04"
    },
    {
        "replenish": true,
        "skus": [
            [
                "SKU-000060D",
                1
            ],
            [
                "SKU-000328D",
                1
            ],
            [
                "SKU-000031B",
                1
            ]
        ],
        "pickTime": "2025-07-15 10:02:13"
    },
    {
        "replenish": false,
        "skus": [
            [
                "SKU-000303D",
                1
            ],
            [
                "SKU-000018B",
                1
            ],
            [
                "SKU-000410C",
                1
            ],
            [
                "SKU-000380C",
                1
            ],
            [
                "SKU-000270B",
                1
            ]
        ],
        "pickTime": "2025-07-15 22:17:25"
    },
    {
        "replenish": false,
        "skus": [
            [
                "SKU-000287D",
                1
            ],
            [
                "SKU-000414C",
                1
            ],
            [
                "SKU-000442B",
                1
            ]
        ],
        "pickTime": "2025-07-16 12:17:36"
    },
    {
        "replenish": false,
        "skus": [
            [
                "SKU-000096D",
                1
            ],
            [
                "SKU-000112A",
                1
            ],
            [
                "SKU-000156D",
                1
            ],
            [
                "SKU-000362B",
                1
            ]
        ],
        "pickTime": "2025-07-17 00:41:25"
    },
    {
        "replenish": false,
        "skus": [
            [
                "SKU-000363A",
                1
            ],
            [
                "SKU-000436A",
                1
            ],
            [
                "SKU-000308B",
                1
            ],
            [
                "SKU-000213B",
                1
            ],
            [
                "SKU-000305A",
                1
            ],
            [
                "SKU-000483B",
                1
            ],
            [
                "SKU-000396C",
                1
            ]
        ],
        "pickTime": "2025-07-17 01:57:48"
    },
    {
        "replenish": false,
        "skus": [
            [
                "SKU-000010A",
                1
            ],
            [
                "SKU-000108A",
                1
            ],
            [
                "SKU-000153C",
                1
            ]
        ],
        "pickTime": "2025-07-17 09:22:49"
    },
    {
        "replenish": false,
        "skus": [
            [
                "SKU-000388D",
                1
            ],
            [
                "SKU-000298A",
                1
            ]
        ],
        "pickTime": "2025-07-18 09:14:28"
    },
    {
        "replenish": false,
        "skus": [
            [
                "SKU-000173A",
                1
            ]
        ],
        "pickTime": "2025-07-18 13:15:42"
    },
    {
        "replenish": false,
        "skus": [
            [
                "SKU-000500C",
                1
            ],
            [
                "SKU-000217B",
                1
            ],
            [
                "SKU-000220A",
                1
            ]
        ],
        "pickTime": "2025-07-18 20:48:42"
    },
    {
        "replenish": false,
        "skus": [
            [
                "SKU-000051A",
                1
            ]
        ],
        "pickTime": "2025-07-18 22:56:17"
    },
    {
        "replenish": false,
        "skus": [
            [
                "SKU-000267A",
                1
            ],
            [
                "SKU-000212B",
                1
            ],
            [
                "SKU-000133B",
                1
            ],
            [
                "SKU-000456A",
                1
            ],
            [
                "SKU-000393A",
                1
            ],
            [
                "SKU-000365C",
                1
            ],
            [
                "SKU-000400C",
                1
            ],
            [
                "SKU-000097C",
                1
            ],
            [
                "SKU-000019D",
                1
            ]
        ],
        "pickTime": "2025-07-19 01:50:52"
    },
    {
        "replenish": false,
        "skus": [
            [
                "SKU-000168C",
                1
            ]
        ],
        "pickTime": "2025-07-19 05:54:23"
    },
    {
        "replenish": false,
        "skus": [
            [
                "SKU-000084D",
                1
            ],
            [
                "SKU-000045D",
                1
            ],
            [
                "SKU-000346C",
                1
            ],
            [
                "SKU-000410C",
                1
            ]
        ],
        "pickTime": "2025-07-19 07:08:58"
    },
    {
        "replenish": false,
        "skus": [
            [
                "SKU-000173A",
                1
            ],
            [
                "SKU-000153A",
                1
            ],
            [
                "SKU-000142B",
                1
            ],
            [
                "SKU-000475A",
                1
            ],
            [
                "SKU-000236A",
                1
            ],
            [
                "SKU-000016A",
                1
            ],
            [
                "SKU-000354A",
                1
            ],
            [
                "SKU-000208D",
                1
            ]
        ],
        "pickTime": "2025-07-19 18:42:54"
    },
    {
        "replenish": false,
        "skus": [
            [
                "SKU-000073B",
                1
            ],
            [
                "SKU-000294D",
                1
            ],
            [
                "SKU-000488C",
                1
            ],
            [
                "SKU-000292A",
                1
            ],
            [
                "SKU-000341C",
                1
            ],
            [
                "SKU-000424D",
                1
            ],
            [
                "SKU-000139D",
                1
            ],
            [
                "SKU-000108D",
                1
            ],
            [
                "SKU-000004D",
                1
            ],
            [
                "SKU-000500B",
                1
            ],
            [
                "SKU-000324C",
                1
            ],
            [
                "SKU-000206C",
                1
            ],
            [
                "SKU-000491B",
                1
            ],
            [
                "SKU-000150B",
                1
            ],
            [
                "SKU-000157A",
                1
            ],
            [
                "SKU-000227B",
                1
            ],
            [
                "SKU-000304C",
                1
            ],
            [
                "SKU-000470B",
                1
            ],
            [
                "SKU-000002D",
                1
            ],
            [
                "SKU-000369D",
                1
            ],
            [
                "SKU-000305A",
                1
            ],
            [
                "SKU-000002D",
                1
            ]
        ],
        "pickTime": "2025-07-20 02:58:04"
    },
    {
        "replenish": false,
        "skus": [
            [
                "SKU-000080A",
                1
            ],
            [
                "SKU-000052A",
                1
            ],
            [
                "SKU-000192A",
                1
            ],
            [
                "SKU-000166A",
                1
            ],
            [
                "SKU-000153C",
                1
            ]
        ],
        "pickTime": "2025-07-21 03:25:18"
    },
    {
        "replenish": false,
        "skus": [
            [
                "SKU-000111D",
                1
            ],
            [
                "SKU-000464C",
                1
            ],
            [
                "SKU-000269B",
                1
            ]
        ],
        "pickTime": "2025-07-21 14:51:46"
    },
    {
        "replenish": false,
        "skus": [
            [
                "SKU-000179C",
                1
            ],
            [
                "SKU-000010A",
                1
            ],
            [
                "SKU-000420D",
                1
            ],
            [
                "SKU-000119C",
                1
            ]
        ],
        "pickTime": "2025-07-21 23:46:10"
    },
    {
        "replenish": false,
        "skus": [
            [
                "SKU-000017D",
                1
            ],
            [
                "SKU-000240C",
                1
            ],
            [
                "SKU-000490B",
                1
            ],
            [
                "SKU-000005B",
                1
            ],
            [
                "SKU-000436D",
                1
            ],
            [
                "SKU-000239D",
                1
            ],
            [
                "SKU-000229D",
                1
            ],
            [
                "SKU-000131A",
                1
            ]
        ],
        "pickTime": "2025-07-22 01:38:20"
    },
    {
        "replenish": false,
        "skus": [
            [
                "SKU-000194B",
                1
            ]
        ],
        "pickTime": "2025-07-22 01:43:33"
    },
    {
        "replenish": false,
        "skus": [
            [
                "SKU-000228C",
                1
            ],
            [
                "SKU-000037B",
                1
            ],
            [
                "SKU-000207D",
                1
            ],
            [
                "SKU-000028B",
                1
            ]
        ],
        "pickTime": "2025-07-22 07:13:35"
    },
    {
        "replenish": false,
        "skus": [
            [
                "SKU-000462A",
                1
            ],
            [
                "SKU-000159B",
                1
            ]
        ],
        "pickTime": "2025-07-22 12:13:18"
    },
    {
        "replenish": false,
        "skus": [
            [
                "SKU-000091D",
                1
            ]
        ],
        "pickTime": "2025-07-23 00:00:13"
    },
    {
        "replenish": false,
        "skus": [
            [
                "SKU-000160D",
                1
            ],
            [
                "SKU-000412B",
                1
            ],
            [
                "SKU-000141C",
                1
            ],
            [
                "SKU-000475A",
                1
            ],
            [
                "SKU-000220A",
                1
            ],
            [
                "SKU-000157A",
                1
            ]
        ],
        "pickTime": "2025-07-23 04:56:03"
    },
    {
        "replenish": false,
        "skus": [
            [
                "SKU-000080C",
                1
            ],
            [
                "SKU-000146D",
                1
            ],
            [
                "SKU-000491A",
                1
            ]
        ],
        "pickTime": "2025-07-23 10:53:20"
    },
    {
        "replenish": false,
        "skus": [
            [
                "SKU-000047A",
                1
            ],
            [
                "SKU-000226B",
                1
            ],
            [
                "SKU-000010B",
                1
            ],
            [
                "SKU-000452D",
                1
            ]
        ],
        "pickTime": "2025-07-23 23:09:29"
    },
    {
        "replenish": false,
        "skus": [
            [
                "SKU-000297A",
                1
            ]
        ],
        "pickTime": "2025-07-25 00:37:58"
    },
    {
        "replenish": false,
        "skus": [
            [
                "SKU-000151B",
                1
            ]
        ],
        "pickTime": "2025-07-25 01:51:19"
    },
    {
        "replenish": false,
        "skus": [
            [
                "SKU-000113C",
                1
            ],
            [
                "SKU-000096D",
                1
            ]
        ],
        "pickTime": "2025-07-25 04:20:30"
    },
    {
        "replenish": false,
        "skus": [
            [
                "SKU-000202D",
                1
            ]
        ],
        "pickTime": "2025-07-25 04:31:45"
    },
    {
        "replenish": false,
        "skus": [
            [
                "SKU-000083A",
                1
            ]
        ],
        "pickTime": "2025-07-25 14:19:13"
    },
    {
        "replenish": false,
        "skus": [
            [
                "SKU-000145B",
                1
            ],
            [
                "SKU-000218D",
                1
            ],
            [
                "SKU-000452B",
                1
            ],
            [
                "SKU-000112D",
                1
            ],
            [
                "SKU-000367D",
                1
            ],
            [
                "SKU-000429C",
                1
            ],
            [
                "SKU-000405D",
                1
            ],
            [
                "SKU-000028A",
                1
            ],
            [
                "SKU-000416D",
                1
            ],
            [
                "SKU-000311C",
                1
            ]
        ],
        "pickTime": "2025-07-25 21:01:28"
    },
    {
        "replenish": false,
        "skus": [
            [
                "SKU-000498A",
                1
            ]
        ],
        "pickTime": "2025-07-25 22:56:41"
    },
    {
        "replenish": false,
        "skus": [
            [
                "SKU-000316D",
                1
            ],
            [
                "SKU-000247A",
                1
            ],
            [
                "SKU-000247A",
                1
            ]
        ],
        "pickTime": "2025-07-26 08:28:06"
    },
    {
        "replenish": false,
        "skus": [
            [
                "SKU-000174C",
                1
            ],
            [
                "SKU-000185A",
                1
            ]
        ],
        "pickTime": "2025-07-26 16:12:11"
    },
    {
        "replenish": false,
        "skus": [
            [
                "SKU-000430C",
                1
            ],
            [
                "SKU-000431A",
                1
            ],
            [
                "SKU-000355A",
                1
            ],
            [
                "SKU-000498B",
                1
            ],
            [
                "SKU-000355C",
                1
            ],
            [
                "SKU-000210C",
                1
            ]
        ],
        "pickTime": "2025-07-26 20:13:29"
    },
    {
        "replenish": false,
        "skus": [
            [
                "SKU-000063C",
                1
            ],
            [
                "SKU-000364B",
                1
            ]
        ],
        "pickTime": "2025-07-26 23:32:24"
    },
    {
        "replenish": false,
        "skus": [
            [
                "SKU-000148D",
                1
            ],
            [
                "SKU-000430D",
                1
            ],
            [
                "SKU-000260C",
                1
            ],
            [
                "SKU-000352B",
                1
            ],
            [
                "SKU-000488B",
                1
            ],
            [
                "SKU-000466C",
                1
            ]
        ],
        "pickTime": "2025-07-27 13:16:56"
    },
    {
        "replenish": false,
        "skus": [
            [
                "SKU-000194B",
                1
            ],
            [
                "SKU-000435B",
                1
            ],
            [
                "SKU-000473B",
                1
            ]
        ],
        "pickTime": "2025-07-27 19:05:29"
    },
    {
        "replenish": false,
        "skus": [
            [
                "SKU-000175A",
                1
            ]
        ],
        "pickTime": "2025-07-28 20:51:50"
    },
    {
        "replenish": false,
        "skus": [
            [
                "SKU-000439B",
                1
            ]
        ],
        "pickTime": "2025-07-28 22:06:31"
    },
    {
        "replenish": false,
        "skus": [
            [
                "SKU-000244C",
                1
            ],
            [
                "SKU-000313D",
                1
            ],
            [
                "SKU-000068D",
                1
            ],
            [
                "SKU-000314D",
                1
            ],
            [
                "SKU-000405D",
                1
            ],
            [
                "SKU-000174C",
                1
            ],
            [
                "SKU-000211A",
                1
            ],
            [
                "SKU-000325B",
                1
            ]
        ],
        "pickTime": "2025-07-28 23:48:40"
    },
    {
        "replenish": false,
        "skus": [
            [
                "SKU-000429D",
                1
            ],
            [
                "SKU-000054D",
                1
            ],
            [
                "SKU-000005C",
                1
            ],
            [
                "SKU-000436A",
                1
            ],
            [
                "SKU-000243C",
                1
            ],
            [
                "SKU-000076B",
                1
            ]
        ],
        "pickTime": "2025-07-29 02:53:45"
    },
    {
        "replenish": false,
        "skus": [
            [
                "SKU-000328D",
                1
            ]
        ],
        "pickTime": "2025-07-29 08:50:55"
    },
    {
        "replenish": false,
        "skus": [
            [
                "SKU-000435B",
                1
            ],
            [
                "SKU-000183D",
                1
            ],
            [
                "SKU-000078D",
                1
            ],
            [
                "SKU-000349A",
                1
            ],
            [
                "SKU-000480D",
                1
            ]
        ],
        "pickTime": "2025-07-29 12:04:09"
    },
    {
        "replenish": false,
        "skus": [
            [
                "SKU-000021A",
                1
            ],
            [
                "SKU-000423A",
                1
            ],
            [
                "SKU-000271B",
                1
            ],
            [
                "SKU-000323C",
                1
            ],
            [
                "SKU-000279A",
                1
            ],
            [
                "SKU-000207B",
                1
            ],
            [
                "SKU-000271D",
                1
            ],
            [
                "SKU-000382C",
                1
            ],
            [
                "SKU-000254C",
                1
            ],
            [
                "SKU-000157A",
                1
            ]
        ],
        "pickTime": "2025-07-29 17:02:26"
    },
    {
        "replenish": false,
        "skus": [
            [
                "SKU-000347C",
                1
            ],
            [
                "SKU-000242C",
                1
            ],
            [
                "SKU-000312C",
                1
            ]
        ],
        "pickTime": "2025-07-29 23:48:29"
    },
    {
        "replenish": false,
        "skus": [
            [
                "SKU-000257B",
                1
            ],
            [
                "SKU-000300D",
                1
            ],
            [
                "SKU-000116A",
                1
            ]
        ],
        "pickTime": "2025-07-30 01:39:42"
    },
    {
        "replenish": false,
        "skus": [
            [
                "SKU-000351C",
                1
            ],
            [
                "SKU-000259D",
                1
            ],
            [
                "SKU-000345C",
                1
            ],
            [
                "SKU-000215C",
                1
            ],
            [
                "SKU-000162D",
                1
            ]
        ],
        "pickTime": "2025-07-30 05:13:09"
    },
    {
        "replenish": false,
        "skus": [
            [
                "SKU-000315D",
                1
            ],
            [
                "SKU-000420D",
                1
            ]
        ],
        "pickTime": "2025-07-30 08:16:14"
    },
    {
        "replenish": false,
        "skus": [
            [
                "SKU-000326C",
                1
            ]
        ],
        "pickTime": "2025-07-30 13:31:22"
    }
]