[
    {
        "replenish": true,
        "skus": [
            [
                "SKU-000273B",
                1
            ]
        ],
        "pickTime": "2025-07-01 01:10:32"
    },
    {
        "replenish": true,
        "skus": [
            [
                "SKU-000363D",
                1
            ],
            [
                "SKU-000264D",
                1
            ],
            [
                "SKU-000112B",
                1
            ],
            [
                "SKU-000352B",
                1
            ],
            [
                "SKU-000335B",
                1
            ]
        ],
        "pickTime": "2025-07-02 02:59:39"
    },
    {
        "replenish": true,
        "skus": [
            [
                "SKU-000314B",
                1
            ],
            [
                "SKU-000180D",
                1
            ],
            [
                "SKU-000344B",
                1
            ],
            [
                "SKU-000469A",
                1
            ]
        ],
        "pickTime": "2025-07-02 11:24:27"
    },
    {
        "replenish": true,
        "skus": [
            [
                "SKU-000184C",
                1
            ],
            [
                "SKU-000482D",
                1
            ],
            [
                "SKU-000309B",
                1
            ],
            [
                "SKU-000075C",
                1
            ],
            [
                "SKU-000400C",
                1
            ],
            [
                "SKU-000075D",
                1
            ],
            [
                "SKU-000107A",
                1
            ],
            [
                "SKU-000241C",
                1
            ],
            [
                "SKU-000198D",
                1
            ],
            [
                "SKU-000189D",
                1
            ],
            [
                "SKU-000352B",
                1
            ],
            [
                "SKU-000271C",
                1
            ],
            [
                "SKU-000461B",
                1
            ],
            [
                "SKU-000297D",
                1
            ],
            [
                "SKU-000347A",
                1
            ],
            [
                "SKU-000007B",
                1
            ],
            [
                "SKU-000380D",
                1
            ],
            [
                "SKU-000248D",
                1
            ],
            [
                "SKU-000187C",
                1
            ],
            [
                "SKU-000083D",
                1
            ]
        ],
        "pickTime": "2025-07-02 11:57:53"
    },
    {
        "replenish": true,
        "skus": [
            [
                "SKU-000420B",
                1
            ],
            [
                "SKU-000221D",
                1
            ]
        ],
        "pickTime": "2025-07-02 13:29:38"
    },
    {
        "replenish": true,
        "skus": [
            [
                "SKU-000169C",
                1
            ],
            [
                "SKU-000218D",
                1
            ],
            [
                "SKU-000455B",
                1
            ],
            [
                "SKU-000126C",
                1
            ],
            [
                "SKU-000270B",
                1
            ]
        ],
        "pickTime": "2025-07-02 16:49:10"
    },
    {
        "replenish": true,
        "skus": [
            [
                "SKU-000185A",
                1
            ],
            [
                "SKU-000458C",
                1
            ],
            [
                "SKU-000114D",
                1
            ],
            [
                "SKU-000471A",
                1
            ],
            [
                "SKU-000032B",
                1
            ],
            [
                "SKU-000419C",
                1
            ]
        ],
        "pickTime": "2025-07-02 22:33:31"
    },
    {
        "replenish": true,
        "skus": [
            [
                "SKU-000262D",
                1
            ],
            [
                "SKU-000258D",
                1
            ],
            [
                "SKU-000457C",
                1
            ],
            [
                "SKU-000451A",
                1
            ],
            [
                "SKU-000385C",
                1
            ],
            [
                "SKU-000136B",
                1
            ],
            [
                "SKU-000422A",
                1
            ],
            [
                "SKU-000046D",
                1
            ]
        ],
        "pickTime": "2025-07-03 15:26:54"
    },
    {
        "replenish": true,
        "skus": [
            [
                "SKU-000172A",
                1
            ],
            [
                "SKU-000494D",
                1
            ],
            [
                "SKU-000322C",
                1
            ],
            [
                "SKU-000291D",
                1
            ]
        ],
        "pickTime": "2025-07-04 03:15:07"
    },
    {
        "replenish": true,
        "skus": [
            [
                "SKU-000055B",
                1
            ],
            [
                "SKU-000439D",
                1
            ],
            [
                "SKU-000294D",
                1
            ],
            [
                "SKU-000045D",
                1
            ],
            [
                "SKU-000059A",
                1
            ],
            [
                "SKU-000252A",
                1
            ],
            [
                "SKU-000215D",
                1
            ],
            [
                "SKU-000374B",
                1
            ],
            [
                "SKU-000431A",
                1
            ],
            [
                "SKU-000250C",
                1
            ],
            [
                "SKU-000073A",
                1
            ],
            [
                "SKU-000494D",
                1
            ],
            [
                "SKU-000110D",
                1
            ],
            [
                "SKU-000170C",
                1
            ],
            [
                "SKU-000227C",
                1
            ],
            [
                "SKU-000401B",
                1
            ],
            [
                "SKU-000307D",
                1
            ],
            [
                "SKU-000159B",
                1
            ],
            [
                "SKU-000310D",
                1
            ]
        ],
        "pickTime": "2025-07-04 04:41:00"
    },
    {
        "replenish": true,
        "skus": [
            [
                "SKU-000439D",
                1
            ],
            [
                "SKU-000023C",
                1
            ],
            [
                "SKU-000221D",
                1
            ]
        ],
        "pickTime": "2025-07-04 08:19:30"
    },
    {
        "replenish": true,
        "skus": [
            [
                "SKU-000473B",
                1
            ],
            [
                "SKU-000137C",
                1
            ],
            [
                "SKU-000039C",
                1
            ],
            [
                "SKU-000466A",
                1
            ],
            [
                "SKU-000218B",
                1
            ],
            [
                "SKU-000366C",
                1
            ],
            [
                "SKU-000201C",
                1
            ],
            [
                "SKU-000271D",
                1
            ]
        ],
        "pickTime": "2025-07-04 08:25:39"
    },
    {
        "replenish": true,
        "skus": [
            [
                "SKU-000456D",
                1
            ],
            [
                "SKU-000473B",
                1
            ],
            [
                "SKU-000063B",
                1
            ],
            [
                "SKU-000228D",
                1
            ],
            [
                "SKU-000294B",
                1
            ],
            [
                "SKU-000080B",
                1
            ],
            [
                "SKU-000226D",
                1
            ],
            [
                "SKU-000348D",
                1
            ],
            [
                "SKU-000424D",
                1
            ],
            [
                "SKU-000432D",
                1
            ],
            [
                "SKU-000276A",
                1
            ],
            [
                "SKU-000264D",
                1
            ],
            [
                "SKU-000294D",
                1
            ],
            [
                "SKU-000305B",
                1
            ],
            [
                "SKU-000459A",
                1
            ],
            [
                "SKU-000230B",
                1
            ],
            [
                "SKU-000440A",
                1
            ]
        ],
        "pickTime": "2025-07-04 14:35:19"
    },
    {
        "replenish": true,
        "skus": [
            [
                "SKU-000499B",
                1
            ],
            [
                "SKU-000209D",
                1
            ],
            [
                "SKU-000075D",
                1
            ]
        ],
        "pickTime": "2025-07-04 16:16:09"
    },
    {
        "replenish": true,
        "skus": [
            [
                "SKU-000201D",
                1
            ],
            [
                "SKU-000369D",
                1
            ],
            [
                "SKU-000439A",
                1
            ],
            [
                "SKU-000192D",
                1
            ],
            [
                "SKU-000250C",
                1
            ],
            [
                "SKU-000463C",
                1
            ],
            [
                "SKU-000140A",
                1
            ],
            [
                "SKU-000405B",
                1
            ],
            [
                "SKU-000208D",
                1
            ],
            [
                "SKU-000379D",
                1
            ]
        ],
        "pickTime": "2025-07-04 16:59:34"
    },
    {
        "replenish": true,
        "skus": [
            [
                "SKU-000165C",
                1
            ],
            [
                "SKU-000235C",
                1
            ]
        ],
        "pickTime": "2025-07-05 03:57:18"
    },
    {
        "replenish": true,
        "skus": [
            [
                "SKU-000455D",
                1
            ],
            [
                "SKU-000055B",
                1
            ]
        ],
        "pickTime": "2025-07-05 12:15:40"
    },
    {
        "replenish": true,
        "skus": [
            [
                "SKU-000274B",
                1
            ],
            [
                "SKU-000256B",
                1
            ],
            [
                "SKU-000471D",
                1
            ],
            [
                "SKU-000415C",
                1
            ],
            [
                "SKU-000094C",
                1
            ]
        ],
        "pickTime": "2025-07-05 21:18:33"
    },
    {
        "replenish": true,
        "skus": [
            [
                "SKU-000320D",
                1
            ],
            [
                "SKU-000089D",
                1
            ],
            [
                "SKU-000100A",
                1
            ],
            [
                "SKU-000147C",
                1
            ],
            [
                "SKU-000212B",
                1
            ],
            [
                "SKU-000046B",
                1
            ]
        ],
        "pickTime": "2025-07-06 04:16:41"
    },
    {
        "replenish": true,
        "skus": [
            [
                "SKU-000070C",
                1
            ]
        ],
        "pickTime": "2025-07-06 07:26:20"
    },
    {
        "replenish": true,
        "skus": [
            [
                "SKU-000161A",
                1
            ],
            [
                "SKU-000463B",
                1
            ],
            [
                "SKU-000192A",
                1
            ],
            [
                "SKU-000068D",
                1
            ],
            [
                "SKU-000120B",
                1
            ],
            [
                "SKU-000292B",
                1
            ],
            [
                "SKU-000145A",
                1
            ],
            [
                "SKU-000445B",
                1
            ],
            [
                "SKU-000161D",
                1
            ],
            [
                "SKU-000248D",
                1
            ],
            [
                "SKU-000338A",
                1
            ],
            [
                "SKU-000348D",
                1
            ],
            [
                "SKU-000163B",
                1
            ]
        ],
        "pickTime": "2025-07-06 13:48:18"
    },
    {
        "replenish": true,
        "skus": [
            [
                "SKU-000126C",
                1
            ],
            [
                "SKU-000348C",
                1
            ],
            [
                "SKU-000181B",
                1
            ],
            [
                "SKU-000207D",
                1
            ],
            [
                "SKU-000198D",
                1
            ],
            [
                "SKU-000276B",
                1
            ],
            [
                "SKU-000149B",
                1
            ],
            [
                "SKU-000093C",
                1
            ],
            [
                "SKU-000407C",
                1
            ],
            [
                "SKU-000064A",
                1
            ],
            [
                "SKU-000142A",
                1
            ],
            [
                "SKU-000318B",
                1
            ],
            [
                "SKU-000462A",
                1
            ],
            [
                "SKU-000472A",
                1
            ],
            [
                "SKU-000267A",
                1
            ]
        ],
        "pickTime": "2025-07-06 14:54:15"
    },
    {
        "replenish": true,
        "skus": [
            [
                "SKU-000272D",
                1
            ],
            [
                "SKU-000105D",
                1
            ],
            [
                "SKU-000374A",
                1
            ],
            [
                "SKU-000458C",
                1
            ],
            [
                "SKU-000369D",
                1
            ],
            [
                "SKU-000346C",
                1
            ],
            [
                "SKU-000258A",
                1
            ],
            [
                "SKU-000188A",
                1
            ],
            [
                "SKU-000404A",
                1
            ],
            [
                "SKU-000379D",
                1
            ],
            [
                "SKU-000395B",
                1
            ],
            [
                "SKU-000167D",
                1
            ],
            [
                "SKU-000065D",
                1
            ],
            [
                "SKU-000300D",
                1
            ],
            [
                "SKU-000033B",
                1
            ],
            [
                "SKU-000411C",
                1
            ],
            [
                "SKU-000212B",
                1
            ]
        ],
        "pickTime": "2025-07-07 13:44:31"
    },
    {
        "replenish": true,
        "skus": [
            [
                "SKU-000301A",
                1
            ],
            [
                "SKU-000393A",
                1
            ],
            [
                "SKU-000346C",
                1
            ],
            [
                "SKU-000107D",
                1
            ],
            [
                "SKU-000492B",
                1
            ],
            [
                "SKU-000334A",
                1
            ],
            [
                "SKU-000253D",
                1
            ],
            [
                "SKU-000340A",
                1
            ],
            [
                "SKU-000340A",
                1
            ],
            [
                "SKU-000401A",
                1
            ],
            [
                "SKU-000252A",
                1
            ],
            [
                "SKU-000078B",
                1
            ],
            [
                "SKU-000064B",
                1
            ],
            [
                "SKU-000317C",
                1
            ],
            [
                "SKU-000236A",
                1
            ]
        ],
        "pickTime": "2025-07-07 14:10:22"
    },
    {
        "replenish": true,
        "skus": [
            [
                "SKU-000083A",
                1
            ],
            [
                "SKU-000180A",
                1
            ]
        ],
        "pickTime": "2025-07-08 05:32:26"
    },
    {
        "replenish": true,
        "skus": [
            [
                "SKU-000335A",
                1
            ],
            [
                "SKU-000312C",
                1
            ],
            [
                "SKU-000348D",
                1
            ],
            [
                "SKU-000028B",
                1
            ],
            [
                "SKU-000297C",
                1
            ],
            [
                "SKU-000367B",
                1
            ],
            [
                "SKU-000099A",
                1
            ]
        ],
        "pickTime": "2025-07-08 09:03:18"
    },
    {
        "replenish": true,
        "skus": [
            [
                "SKU-000070C",
                1
            ],
            [
                "SKU-000209C",
                1
            ]
        ],
        "pickTime": "2025-07-08 10:37:44"
    },
    {
        "replenish": true,
        "skus": [
            [
                "SKU-000201D",
                1
            ],
            [
                "SKU-000201C",
                1
            ],
            [
                "SKU-000232A",
                1
            ],
            [
                "SKU-000134A",
                1
            ],
            [
                "SKU-000038B",
                1
            ],
            [
                "SKU-000419B",
                1
            ],
            [
                "SKU-000136A",
                1
            ],
            [
                "SKU-000331C",
                1
            ],
            [
                "SKU-000256D",
                1
            ],
            [
                "SKU-000274B",
                1
            ]
        ],
        "pickTime": "2025-07-08 13:52:57"
    },
    {
        "replenish": true,
        "skus": [
            [
                "SKU-000408B",
                1
            ],
            [
                "SKU-000070B",
                1
            ],
            [
                "SKU-000313A",
                1
            ],
            [
                "SKU-000258D",
                1
            ],
            [
                "SKU-000290D",
                1
            ],
            [
                "SKU-000428C",
                1
            ],
            [
                "SKU-000272A",
                1
            ],
            [
                "SKU-000082B",
                1
            ],
            [
                "SKU-000028A",
                1
            ],
            [
                "SKU-000126C",
                1
            ],
            [
                "SKU-000294D",
                1
            ],
            [
                "SKU-000107A",
                1
            ],
            [
                "SKU-000271B",
                1
            ],
            [
                "SKU-000500D",
                1
            ],
            [
                "SKU-000139B",
                1
            ],
            [
                "SKU-000100B",
                1
            ],
            [
                "SKU-000289B",
                1
            ],
            [
                "SKU-000167C",
                1
            ],
            [
                "SKU-000080B",
                1
            ]
        ],
        "pickTime": "2025-07-09 07:53:02"
    },
    {
        "replenish": true,
        "skus": [
            [
                "SKU-000080C",
                1
            ]
        ],
        "pickTime": "2025-07-09 10:59:23"
    },
    {
        "replenish": true,
        "skus": [
            [
                "SKU-000423C",
                1
            ],
            [
                "SKU-000430D",
                1
            ],
            [
                "SKU-000055B",
                1
            ],
            [
                "SKU-000027C",
                1
            ]
        ],
        "pickTime": "2025-07-09 15:15:55"
    },
    {
        "replenish": true,
        "skus": [
            [
                "SKU-000462D",
                1
            ],
            [
                "SKU-000445D",
                1
            ],
            [
                "SKU-000465B",
                1
            ],
            [
                "SKU-000077B",
                1
            ],
            [
                "SKU-000258D",
                1
            ],
            [
                "SKU-000064B",
                1
            ]
        ],
        "pickTime": "2025-07-09 21:10:53"
    },
    {
        "replenish": true,
        "skus": [
            [
                "SKU-000013D",
                1
            ]
        ],
        "pickTime": "2025-07-09 22:04:40"
    },
    {
        "replenish": true,
        "skus": [
            [
                "SKU-000496A",
                1
            ],
            [
                "SKU-000225A",
                1
            ],
            [
                "SKU-000014C",
                1
            ],
            [
                "SKU-000065D",
                1
            ],
            [
                "SKU-000210D",
                1
            ]
        ],
        "pickTime": "2025-07-10 00:07:05"
    },
    {
        "replenish": true,
        "skus": [
            [
                "SKU-000134B",
                1
            ],
            [
                "SKU-000040C",
                1
            ],
            [
                "SKU-000448A",
                1
            ],
            [
                "SKU-000366C",
                1
            ],
            [
                "SKU-000028A",
                1
            ],
            [
                "SKU-000289B",
                1
            ],
            [
                "SKU-000493A",
                1
            ],
            [
                "SKU-000218B",
                1
            ],
            [
                "SKU-000089A",
                1
            ],
            [
                "SKU-000188C",
                1
            ],
            [
                "SKU-000072D",
                1
            ],
            [
                "SKU-000486D",
                1
            ],
            [
                "SKU-000493B",
                1
            ]
        ],
        "pickTime": "2025-07-10 04:45:16"
    },
    {
        "replenish": true,
        "skus": [
            [
                "SKU-000263A",
                1
            ],
            [
                "SKU-000375D",
                1
            ],
            [
                "SKU-000474D",
                1
            ],
            [
                "SKU-000412A",
                1
            ],
            [
                "SKU-000257A",
                1
            ],
            [
                "SKU-000358C",
                1
            ]
        ],
        "pickTime": "2025-07-10 14:12:12"
    },
    {
        "replenish": true,
        "skus": [
            [
                "SKU-000005B",
                1
            ],
            [
                "SKU-000067C",
                1
            ],
            [
                "SKU-000076D",
                1
            ],
            [
                "SKU-000281D",
                1
            ],
            [
                "SKU-000370D",
                1
            ],
            [
                "SKU-000388C",
                1
            ],
            [
                "SKU-000075C",
                1
            ],
            [
                "SKU-000441B",
                1
            ],
            [
                "SKU-000232A",
                1
            ]
        ],
        "pickTime": "2025-07-10 21:16:17"
    },
    {
        "replenish": true,
        "skus": [
            [
                "SKU-000083A",
                1
            ],
            [
                "SKU-000338A",
                1
            ],
            [
                "SKU-000020A",
                1
            ],
            [
                "SKU-000063A",
                1
            ]
        ],
        "pickTime": "2025-07-11 23:43:38"
    },
    {
        "replenish": true,
        "skus": [
            [
                "SKU-000484D",
                1
            ]
        ],
        "pickTime": "2025-07-12 02:16:02"
    },
    {
        "replenish": true,
        "skus": [
            [
                "SKU-000064B",
                1
            ],
            [
                "SKU-000217A",
                1
            ],
            [
                "SKU-000083A",
                1
            ],
            [
                "SKU-000394A",
                1
            ],
            [
                "SKU-000084D",
                1
            ],
            [
                "SKU-000311B",
                1
            ],
            [
                "SKU-000422D",
                1
            ],
            [
                "SKU-000316A",
                1
            ]
        ],
        "pickTime": "2025-07-12 09:22:52"
    },
    {
        "replenish": true,
        "skus": [
            [
                "SKU-000150D",
                1
            ],
            [
                "SKU-000440B",
                1
            ],
            [
                "SKU-000172C",
                1
            ],
            [
                "SKU-000313A",
                1
            ],
            [
                "SKU-000471C",
                1
            ],
            [
                "SKU-000012C",
                1
            ],
            [
                "SKU-000375C",
                1
            ],
            [
                "SKU-000272B",
                1
            ],
            [
                "SKU-000048C",
                1
            ],
            [
                "SKU-000256A",
                1
            ],
            [
                "SKU-000229D",
                1
            ],
            [
                "SKU-000051A",
                1
            ],
            [
                "SKU-000493B",
                1
            ],
            [
                "SKU-000419B",
                1
            ]
        ],
        "pickTime": "2025-07-13 01:07:33"
    },
    {
        "replenish": true,
        "skus": [
            [
                "SKU-000495B",
                1
            ],
            [
                "SKU-000094C",
                1
            ],
            [
                "SKU-000118C",
                1
            ]
        ],
        "pickTime": "2025-07-14 08:28:45"
    },
    {
        "replenish": true,
        "skus": [
            [
                "SKU-000112B",
                1
            ],
            [
                "SKU-000381D",
                1
            ]
        ],
        "pickTime": "2025-07-14 13:55:52"
    },
    {
        "replenish": true,
        "skus": [
            [
                "SKU-000419C",
                1
            ],
            [
                "SKU-000037B",
                1
            ],
            [
                "SKU-000409B",
                1
            ],
            [
                "SKU-000205A",
                1
            ],
            [
                "SKU-000358C",
                1
            ],
            [
                "SKU-000176D",
                1
            ],
            [
                "SKU-000166A",
                1
            ],
            [
                "SKU-000473C",
                1
            ],
            [
                "SKU-000204B",
                1
            ],
            [
                "SKU-000075C",
                1
            ],
            [
                "SKU-000188A",
                1
            ],
            [
                "SKU-000258D",
                1
            ],
            [
                "SKU-000467D",
                1
            ],
            [
                "SKU-000029B",
                1
            ]
        ],
        "pickTime": "2025-07-14 18:48:27"
    },
    {
        "replenish": true,
        "skus": [
            [
                "SKU-000260C",
                1
            ],
            [
                "SKU-000084A",
                1
            ],
            [
                "SKU-000043A",
                1
            ],
            [
                "SKU-000489A",
                1
            ],
            [
                "SKU-000233D",
                1
            ],
            [
                "SKU-000369D",
                1
            ],
            [
                "SKU-000146A",
                1
            ],
            [
                "SKU-000198B",
                1
            ],
            [
                "SKU-000438C",
                1
            ],
            [
                "SKU-000201C",
                1
            ]
        ],
        "pickTime": "2025-07-15 08:04:29"
    },
    {
        "replenish": true,
        "skus": [
            [
                "SKU-000389A",
                1
            ],
            [
                "SKU-000486D",
                1
            ],
            [
                "SKU-000471A",
                1
            ]
        ],
        "pickTime": "2025-07-15 14:30:26"
    },
    {
        "replenish": true,
        "skus": [
            [
                "SKU-000304A",
                1
            ]
        ],
        "pickTime": "2025-07-15 15:32:43"
    },
    {
        "replenish": true,
        "skus": [
            [
                "SKU-000251B",
                1
            ],
            [
                "SKU-000352B",
                1
            ],
            [
                "SKU-000058D",
                1
            ],
            [
                "SKU-000082A",
                1
            ],
            [
                "SKU-000161D",
                1
            ],
            [
                "SKU-000294D",
                1
            ]
        ],
        "pickTime": "2025-07-16 06:00:46"
    },
    {
        "replenish": true,
        "skus": [
            [
                "SKU-000126C",
                1
            ],
            [
                "SKU-000197A",
                1
            ],
            [
                "SKU-000203D",
                1
            ],
            [
                "SKU-000434A",
                1
            ],
            [
                "SKU-000216A",
                1
            ],
            [
                "SKU-000145C",
                1
            ]
        ],
        "pickTime": "2025-07-16 12:55:30"
    },
    {
        "replenish": true,
        "skus": [
            [
                "SKU-000124D",
                1
            ],
            [
                "SKU-000331C",
                1
            ],
            [
                "SKU-000231B",
                1
            ],
            [
                "SKU-000270B",
                1
            ],
            [
                "SKU-000070B",
                1
            ],
            [
                "SKU-000097A",
                1
            ],
            [
                "SKU-000407D",
                1
            ],
            [
                "SKU-000250B",
                1
            ],
            [
                "SKU-000067B",
                1
            ],
            [
                "SKU-000463C",
                1
            ],
            [
                "SKU-000172A",
                1
            ],
            [
                "SKU-000392A",
                1
            ],
            [
                "SKU-000487A",
                1
            ],
            [
                "SKU-000445A",
                1
            ],
            [
                "SKU-000367D",
                1
            ],
            [
                "SKU-000296A",
                1
            ],
            [
                "SKU-000164A",
                1
            ],
            [
                "SKU-000429D",
                1
            ],
            [
                "SKU-000193C",
                1
            ],
            [
                "SKU-000103A",
                1
            ],
            [
                "SKU-000262C",
                1
            ],
            [
                "SKU-000375C",
                1
            ],
            [
                "SKU-000445A",
                1
            ],
            [
                "SKU-000049A",
                1
            ],
            [
                "SKU-000239D",
                1
            ],
            [
                "SKU-000008A",
                1
            ],
            [
                "SKU-000285B",
                1
            ],
            [
                "SKU-000243B",
                1
            ],
            [
                "SKU-000267A",
                1
            ],
            [
                "SKU-000271C",
                1
            ],
            [
                "SKU-000416C",
                1
            ],
            [
                "SKU-000010C",
                1
            ],
            [
                "SKU-000329B",
                1
            ],
            [
                "SKU-000439D",
                1
            ],
            [
                "SKU-000248C",
                1
            ],
            [
                "SKU-000491D",
                1
            ],
            [
                "SKU-000374A",
                1
            ],
            [
                "SKU-000084D",
                1
            ],
            [
                "SKU-000459B",
                1
            ],
            [
                "SKU-000325A",
                1
            ],
            [
                "SKU-000363D",
                1
            ],
            [
                "SKU-000046D",
                1
            ],
            [
                "SKU-000368B",
                1
            ],
            [
                "SKU-000315B",
                1
            ],
            [
                "SKU-000325C",
                1
            ],
            [
                "SKU-000329C",
                1
            ],
            [
                "SKU-000173B",
                1
            ],
            [
                "SKU-000098B",
                1
            ],
            [
                "SKU-000348C",
                1
            ],
            [
                "SKU-000034D",
                1
            ],
            [
                "SKU-000143A",
                1
            ],
            [
                "SKU-000487A",
                1
            ],
            [
                "SKU-000183D",
                1
            ],
            [
                "SKU-000277D",
                1
            ]
        ],
        "pickTime": "2025-07-17 00:04:33"
    },
    {
        "replenish": false,
        "skus": [
            [
                "SKU-000074C",
                1
            ]
        ],
        "pickTime": "2025-07-17 06:59:03"
    },
    {
        "replenish": false,
        "skus": [
            [
                "SKU-000142A",
                1
            ],
            [
                "SKU-000498C",
                1
            ],
            [
                "SKU-000393A",
                1
            ],
            [
                "SKU-000397A",
                1
            ]
        ],
        "pickTime": "2025-07-17 08:11:59"
    },
    {
        "replenish": false,
        "skus": [
            [
                "SKU-000359A",
                1
            ],
            [
                "SKU-000096B",
                1
            ],
            [
                "SKU-000346C",
                1
            ],
            [
                "SKU-000338A",
                1
            ],
            [
                "SKU-000026B",
                1
            ]
        ],
        "pickTime": "2025-07-17 08:52:19"
    },
    {
        "replenish": false,
        "skus": [
            [
                "SKU-000367D",
                1
            ]
        ],
        "pickTime": "2025-07-18 05:18:00"
    },
    {
        "replenish": false,
        "skus": [
            [
                "SKU-000090B",
                1
            ]
        ],
        "pickTime": "2025-07-18 07:30:24"
    },
    {
        "replenish": false,
        "skus": [
            [
                "SKU-000463C",
                1
            ],
            [
                "SKU-000439D",
                1
            ],
            [
                "SKU-000313C",
                1
            ]
        ],
        "pickTime": "2025-07-18 11:52:16"
    },
    {
        "replenish": false,
        "skus": [
            [
                "SKU-000022A",
                1
            ],
            [
                "SKU-000040C",
                1
            ]
        ],
        "pickTime": "2025-07-18 17:56:11"
    },
    {
        "replenish": false,
        "skus": [
            [
                "SKU-000169C",
                1
            ],
            [
                "SKU-000479B",
                1
            ],
            [
                "SKU-000484D",
                1
            ]
        ],
        "pickTime": "2025-07-18 18:14:50"
    },
    {
        "replenish": false,
        "skus": [
            [
                "SKU-000176B",
                1
            ],
            [
                "SKU-000103A",
                1
            ]
        ],
        "pickTime": "2025-07-18 21:46:14"
    },
    {
        "replenish": false,
        "skus": [
            [
                "SKU-000346D",
                1
            ]
        ],
        "pickTime": "2025-07-19 07:35:14"
    },
    {
        "replenish": false,
        "skus": [
            [
                "SKU-000379D",
                1
            ]
        ],
        "pickTime": "2025-07-19 11:58:56"
    },
    {
        "replenish": false,
        "skus": [
            [
                "SKU-000407B",
                1
            ],
            [
                "SKU-000496D",
                1
            ]
        ],
        "pickTime": "2025-07-19 14:41:55"
    },
    {
        "replenish": false,
        "skus": [
            [
                "SKU-000204C",
                1
            ],
            [
                "SKU-000260C",
                1
            ],
            [
                "SKU-000204C",
                1
            ],
            [
                "SKU-000438A",
                1
            ],
            [
                "SKU-000421C",
                1
            ]
        ],
        "pickTime": "2025-07-19 15:13:50"
    },
    {
        "replenish": false,
        "skus": [
            [
                "SKU-000113C",
                1
            ],
            [
                "SKU-000351D",
                1
            ],
            [
                "SKU-000323C",
                1
            ],
            [
                "SKU-000458B",
                1
            ]
        ],
        "pickTime": "2025-07-20 00:40:31"
    },
    {
        "replenish": false,
        "skus": [
            [
                "SKU-000349D",
                1
            ]
        ],
        "pickTime": "2025-07-20 03:23:47"
    },
    {
        "replenish": false,
        "skus": [
            [
                "SKU-000420C",
                1
            ],
            [
                "SKU-000496B",
                1
            ],
            [
                "SKU-000360A",
                1
            ]
        ],
        "pickTime": "2025-07-20 07:39:55"
    },
    {
        "replenish": false,
        "skus": [
            [
                "SKU-000486B",
                1
            ],
            [
                "SKU-000031A",
                1
            ]
        ],
        "pickTime": "2025-07-20 10:01:38"
    },
    {
        "replenish": false,
        "skus": [
            [
                "SKU-000422A",
                1
            ],
            [
                "SKU-000025C",
                1
            ]
        ],
        "pickTime": "2025-07-20 14:53:12"
    },
    {
        "replenish": false,
        "skus": [
            [
                "SKU-000021D",
                1
            ]
        ],
        "pickTime": "2025-07-20 17:02:33"
    },
    {
        "replenish": false,
        "skus": [
            [
                "SKU-000072A",
                1
            ],
            [
                "SKU-000251B",
                1
            ],
            [
                "SKU-000072A",
                1
            ]
        ],
        "pickTime": "2025-07-22 00:05:23"
    },
    {
        "replenish": false,
        "skus": [
            [
                "SKU-000336B",
                1
            ],
            [
                "SKU-000379A",
                1
            ],
            [
                "SKU-000269B",
                1
            ],
            [
                "SKU-000151B",
                1
            ],
            [
                "SKU-000111D",
                1
            ]
        ],
        "pickTime": "2025-07-22 09:26:19"
    },
    {
        "replenish": false,
        "skus": [
            [
                "SKU-000211C",
                1
            ],
            [
                "SKU-000316C",
                1
            ],
            [
                "SKU-000473C",
                1
            ],
            [
                "SKU-000324D",
                1
            ]
        ],
        "pickTime": "2025-07-22 13:14:44"
    },
    {
        "replenish": false,
        "skus": [
            [
                "SKU-000422A",
                1
            ]
        ],
        "pickTime": "2025-07-23 07:27:19"
    },
    {
        "replenish": false,
        "skus": [
            [
                "SKU-000335A",
                1
            ]
        ],
        "pickTime": "2025-07-23 08:23:36"
    },
    {
        "replenish": false,
        "skus": [
            [
                "SKU-000229A",
                1
            ],
            [
                "SKU-000500B",
                1
            ]
        ],
        "pickTime": "2025-07-23 14:28:23"
    },
    {
        "replenish": false,
        "skus": [
            [
                "SKU-000024C",
                1
            ],
            [
                "SKU-000200D",
                1
            ],
            [
                "SKU-000185A",
                1
            ],
            [
                "SKU-000277A",
                1
            ],
            [
                "SKU-000150B",
                1
            ]
        ],
        "pickTime": "2025-07-23 20:25:57"
    },
    {
        "replenish": false,
        "skus": [
            [
                "SKU-000072C",
                1
            ],
            [
                "SKU-000373D",
                1
            ]
        ],
        "pickTime": "2025-07-23 20:44:03"
    },
    {
        "replenish": false,
        "skus": [
            [
                "SKU-000496A",
                1
            ],
            [
                "SKU-000253C",
                1
            ],
            [
                "SKU-000435B",
                1
            ],
            [
                "SKU-000290A",
                1
            ],
            [
                "SKU-000459B",
                1
            ],
            [
                "SKU-000050A",
                1
            ],
            [
                "SKU-000463C",
                1
            ],
            [
                "SKU-000031C",
                1
            ]
        ],
        "pickTime": "2025-07-24 05:46:39"
    },
    {
        "replenish": false,
        "skus": [
            [
                "SKU-000024A",
                1
            ],
            [
                "SKU-000189A",
                1
            ]
        ],
        "pickTime": "2025-07-25 14:11:58"
    },
    {
        "replenish": false,
        "skus": [
            [
                "SKU-000147C",
                1
            ],
            [
                "SKU-000216B",
                1
            ]
        ],
        "pickTime": "2025-07-26 00:51:15"
    },
    {
        "replenish": false,
        "skus": [
            [
                "SKU-000215A",
                1
            ],
            [
                "SKU-000487A",
                1
            ]
        ],
        "pickTime": "2025-07-26 02:23:20"
    },
    {
        "replenish": false,
        "skus": [
            [
                "SKU-000154A",
                1
            ],
            [
                "SKU-000463D",
                1
            ],
            [
                "SKU-000355B",
                1
            ],
            [
                "SKU-000001A",
                1
            ]
        ],
        "pickTime": "2025-07-26 14:53:45"
    },
    {
        "replenish": false,
        "skus": [
            [
                "SKU-000297B",
                1
            ],
            [
                "SKU-000083A",
                1
            ],
            [
                "SKU-000099C",
                1
            ],
            [
                "SKU-000373D",
                1
            ]
        ],
        "pickTime": "2025-07-26 17:15:54"
    },
    {
        "replenish": false,
        "skus": [
            [
                "SKU-000417C",
                1
            ],
            [
                "SKU-000213A",
                1
            ],
            [
                "SKU-000206C",
                1
            ],
            [
                "SKU-000458B",
                1
            ],
            [
                "SKU-000494A",
                1
            ],
            [
                "SKU-000395C",
                1
            ],
            [
                "SKU-000232C",
                1
            ],
            [
                "SKU-000338A",
                1
            ],
            [
                "SKU-000064B",
                1
            ],
            [
                "SKU-000313C",
                1
            ],
            [
                "SKU-000105C",
                1
            ],
            [
                "SKU-000264D",
                1
            ],
            [
                "SKU-000268D",
                1
            ],
            [
                "SKU-000341B",
                1
            ]
        ],
        "pickTime": "2025-07-27 02:50:45"
    },
    {
        "replenish": false,
        "skus": [
            [
                "SKU-000244A",
                1
            ],
            [
                "SKU-000166B",
                1
            ],
            [
                "SKU-000305C",
                1
            ]
        ],
        "pickTime": "2025-07-27 07:40:52"
    },
    {
        "replenish": false,
        "skus": [
            [
                "SKU-000133B",
                1
            ]
        ],
        "pickTime": "2025-07-27 08:11:07"
    },
    {
        "replenish": false,
        "skus": [
            [
                "SKU-000120D",
                1
            ]
        ],
        "pickTime": "2025-07-27 10:17:53"
    },
    {
        "replenish": false,
        "skus": [
            [
                "SKU-000194A",
                1
            ]
        ],
        "pickTime": "2025-07-27 15:14:32"
    },
    {
        "replenish": false,
        "skus": [
            [
                "SKU-000199D",
                1
            ],
            [
                "SKU-000476D",
                1
            ],
            [
                "SKU-000149D",
                1
            ],
            [
                "SKU-000252D",
                1
            ],
            [
                "SKU-000089A",
                1
            ],
            [
                "SKU-000259D",
                1
            ],
            [
                "SKU-000028A",
                1
            ],
            [
                "SKU-000336B",
                1
            ],
            [
                "SKU-000236A",
                1
            ],
            [
                "SKU-000493A",
                1
            ],
            [
                "SKU-000473C",
                1
            ],
            [
                "SKU-000067D",
                1
            ],
            [
                "SKU-000386B",
                1
            ]
        ],
        "pickTime": "2025-07-28 04:33:54"
    },
    {
        "replenish": false,
        "skus": [
            [
                "SKU-000101C",
                1
            ],
            [
                "SKU-000029B",
                1
            ],
            [
                "SKU-000228C",
                1
            ],
            [
                "SKU-000136B",
                1
            ],
            [
                "SKU-000499C",
                1
            ],
            [
                "SKU-000044A",
                1
            ]
        ],
        "pickTime": "2025-07-28 14:28:25"
    },
    {
        "replenish": false,
        "skus": [
            [
                "SKU-000397A",
                1
            ]
        ],
        "pickTime": "2025-07-28 18:16:45"
    },
    {
        "replenish": false,
        "skus": [
            [
                "SKU-000390D",
                1
            ],
            [
                "SKU-000223B",
                1
            ],
            [
                "SKU-000317B",
                1
            ],
            [
                "SKU-000445A",
                1
            ],
            [
                "SKU-000462A",
                1
            ],
            [
                "SKU-000157C",
                1
            ],
            [
                "SKU-000074B",
                1
            ]
        ],
        "pickTime": "2025-07-28 21:30:26"
    },
    {
        "replenish": false,
        "skus": [
            [
                "SKU-000335A",
                1
            ],
            [
                "SKU-000482C",
                1
            ],
            [
                "SKU-000318A",
                1
            ]
        ],
        "pickTime": "2025-07-29 06:24:46"
    },
    {
        "replenish": false,
        "skus": [
            [
                "SKU-000316B",
                1
            ]
        ],
        "pickTime": "2025-07-29 07:34:42"
    },
    {
        "replenish": false,
        "skus": [
            [
                "SKU-000496A",
                1
            ],
            [
                "SKU-000133B",
                1
            ],
            [
                "SKU-000266D",
                1
            ],
            [
                "SKU-000429B",
                1
            ]
        ],
        "pickTime": "2025-07-29 08:05:43"
    },
    {
        "replenish": false,
        "skus": [
            [
                "SKU-000169A",
                1
            ],
            [
                "SKU-000219B",
                1
            ]
        ],
        "pickTime": "2025-07-29 11:47:26"
    },
    {
        "replenish": false,
        "skus": [
            [
                "SKU-000409D",
                1
            ]
        ],
        "pickTime": "2025-07-29 13:47:31"
    },
    {
        "replenish": false,
        "skus": [
            [
                "SKU-000290D",
                1
            ],
            [
                "SKU-000373B",
                1
            ]
        ],
        "pickTime": "2025-07-29 20:55:23"
    },
    {
        "replenish": false,
        "skus": [
            [
                "SKU-000308C",
                1
            ]
        ],
        "pickTime": "2025-07-30 13:41:43"
    },
    {
        "replenish": false,
        "skus": [
            [
                "SKU-000256C",
                1
            ],
            [
                "SKU-000308B",
                1
            ],
            [
                "SKU-000361D",
                1
            ],
            [
                "SKU-000317A",
                1
            ],
            [
                "SKU-000366D",
                1
            ],
            [
                "SKU-000139A",
                1
            ],
            [
                "SKU-000372C",
                1
            ],
            [
                "SKU-000321B",
                1
            ]
        ],
        "pickTime": "2025-07-30 15:01:46"
    }
]