[
    {
        "replenish": true,
        "skus": [
            [
                "SKU-000007C",
                1
            ],
            [
                "SKU-000379C",
                1
            ],
            [
                "SKU-000308A",
                1
            ]
        ],
        "pickTime": "2025-07-01 03:26:07"
    },
    {
        "replenish": true,
        "skus": [
            [
                "SKU-000467D",
                1
            ]
        ],
        "pickTime": "2025-07-01 11:41:42"
    },
    {
        "replenish": true,
        "skus": [
            [
                "SKU-000421C",
                1
            ],
            [
                "SKU-000130D",
                1
            ],
            [
                "SKU-000397A",
                1
            ],
            [
                "SKU-000465D",
                1
            ]
        ],
        "pickTime": "2025-07-01 12:51:29"
    },
    {
        "replenish": true,
        "skus": [
            [
                "SKU-000409A",
                1
            ],
            [
                "SKU-000388B",
                1
            ],
            [
                "SKU-000458C",
                1
            ],
            [
                "SKU-000296A",
                1
            ],
            [
                "SKU-000162B",
                1
            ],
            [
                "SKU-000077B",
                1
            ],
            [
                "SKU-000201A",
                1
            ],
            [
                "SKU-000057B",
                1
            ],
            [
                "SKU-000191A",
                1
            ],
            [
                "SKU-000026A",
                1
            ],
            [
                "SKU-000007D",
                1
            ],
            [
                "SKU-000323A",
                1
            ],
            [
                "SKU-000310D",
                1
            ],
            [
                "SKU-000167C",
                1
            ]
        ],
        "pickTime": "2025-07-01 19:41:19"
    },
    {
        "replenish": true,
        "skus": [
            [
                "SKU-000293A",
                1
            ],
            [
                "SKU-000474D",
                1
            ],
            [
                "SKU-000256C",
                1
            ],
            [
                "SKU-000043B",
                1
            ],
            [
                "SKU-000023D",
                1
            ]
        ],
        "pickTime": "2025-07-02 00:44:18"
    },
    {
        "replenish": true,
        "skus": [
            [
                "SKU-000267B",
                1
            ],
            [
                "SKU-000067A",
                1
            ],
            [
                "SKU-000203D",
                1
            ],
            [
                "SKU-000375D",
                1
            ],
            [
                "SKU-000458A",
                1
            ],
            [
                "SKU-000100C",
                1
            ],
            [
                "SKU-000089A",
                1
            ],
            [
                "SKU-000321D",
                1
            ],
            [
                "SKU-000436A",
                1
            ],
            [
                "SKU-000396A",
                1
            ],
            [
                "SKU-000366B",
                1
            ],
            [
                "SKU-000215B",
                1
            ],
            [
                "SKU-000138B",
                1
            ],
            [
                "SKU-000358D",
                1
            ],
            [
                "SKU-000375C",
                1
            ]
        ],
        "pickTime": "2025-07-02 01:09:28"
    },
    {
        "replenish": true,
        "skus": [
            [
                "SKU-000404C",
                1
            ],
            [
                "SKU-000088D",
                1
            ],
            [
                "SKU-000190D",
                1
            ],
            [
                "SKU-000191B",
                1
            ]
        ],
        "pickTime": "2025-07-02 02:26:55"
    },
    {
        "replenish": true,
        "skus": [
            [
                "SKU-000091C",
                1
            ],
            [
                "SKU-000427B",
                1
            ],
            [
                "SKU-000373B",
                1
            ],
            [
                "SKU-000144C",
                1
            ],
            [
                "SKU-000190B",
                1
            ],
            [
                "SKU-000242A",
                1
            ],
            [
                "SKU-000382C",
                1
            ],
            [
                "SKU-000482B",
                1
            ],
            [
                "SKU-000362A",
                1
            ],
            [
                "SKU-000218A",
                1
            ],
            [
                "SKU-000128C",
                1
            ]
        ],
        "pickTime": "2025-07-02 08:13:13"
    },
    {
        "replenish": true,
        "skus": [
            [
                "SKU-000227A",
                1
            ],
            [
                "SKU-000491B",
                1
            ],
            [
                "SKU-000166A",
                1
            ],
            [
                "SKU-000361A",
                1
            ],
            [
                "SKU-000359D",
                1
            ],
            [
                "SKU-000241D",
                1
            ],
            [
                "SKU-000417C",
                1
            ],
            [
                "SKU-000154B",
                1
            ],
            [
                "SKU-000298D",
                1
            ],
            [
                "SKU-000392A",
                1
            ],
            [
                "SKU-000014C",
                1
            ],
            [
                "SKU-000106D",
                1
            ],
            [
                "SKU-000423D",
                1
            ],
            [
                "SKU-000349A",
                1
            ],
            [
                "SKU-000362C",
                1
            ],
            [
                "SKU-000465C",
                1
            ],
            [
                "SKU-000307A",
                1
            ],
            [
                "SKU-000327B",
                1
            ],
            [
                "SKU-000133D",
                1
            ],
            [
                "SKU-000011D",
                1
            ],
            [
                "SKU-000273B",
                1
            ],
            [
                "SKU-000381B",
                1
            ],
            [
                "SKU-000102A",
                1
            ],
            [
                "SKU-000235B",
                1
            ]
        ],
        "pickTime": "2025-07-02 09:47:24"
    },
    {
        "replenish": true,
        "skus": [
            [
                "SKU-000006A",
                1
            ],
            [
                "SKU-000427B",
                1
            ],
            [
                "SKU-000245D",
                1
            ],
            [
                "SKU-000287C",
                1
            ]
        ],
        "pickTime": "2025-07-02 13:28:42"
    },
    {
        "replenish": true,
        "skus": [
            [
                "SKU-000275C",
                1
            ]
        ],
        "pickTime": "2025-07-02 17:39:30"
    },
    {
        "replenish": true,
        "skus": [
            [
                "SKU-000022D",
                1
            ],
            [
                "SKU-000211D",
                1
            ]
        ],
        "pickTime": "2025-07-03 09:58:35"
    },
    {
        "replenish": true,
        "skus": [
            [
                "SKU-000106B",
                1
            ],
            [
                "SKU-000158B",
                1
            ],
            [
                "SKU-000417D",
                1
            ],
            [
                "SKU-000169C",
                1
            ],
            [
                "SKU-000369A",
                1
            ]
        ],
        "pickTime": "2025-07-03 18:38:07"
    },
    {
        "replenish": true,
        "skus": [
            [
                "SKU-000082B",
                1
            ],
            [
                "SKU-000191C",
                1
            ],
            [
                "SKU-000364A",
                1
            ],
            [
                "SKU-000247D",
                1
            ],
            [
                "SKU-000477D",
                1
            ],
            [
                "SKU-000089B",
                1
            ],
            [
                "SKU-000458C",
                1
            ],
            [
                "SKU-000141B",
                1
            ],
            [
                "SKU-000102B",
                1
            ],
            [
                "SKU-000114A",
                1
            ],
            [
                "SKU-000254D",
                1
            ],
            [
                "SKU-000254D",
                1
            ],
            [
                "SKU-000261C",
                1
            ],
            [
                "SKU-000420C",
                1
            ],
            [
                "SKU-000218A",
                1
            ],
            [
                "SKU-000420C",
                1
            ],
            [
                "SKU-000132D",
                1
            ],
            [
                "SKU-000238C",
                1
            ],
            [
                "SKU-000409A",
                1
            ],
            [
                "SKU-000266D",
                1
            ],
            [
                "SKU-000181B",
                1
            ],
            [
                "SKU-000110D",
                1
            ],
            [
                "SKU-000139B",
                1
            ],
            [
                "SKU-000471B",
                1
            ],
            [
                "SKU-000134A",
                1
            ],
            [
                "SKU-000413A",
                1
            ],
            [
                "SKU-000023C",
                1
            ]
        ],
        "pickTime": "2025-07-03 21:44:52"
    },
    {
        "replenish": true,
        "skus": [
            [
                "SKU-000334A",
                1
            ],
            [
                "SKU-000498B",
                1
            ],
            [
                "SKU-000026B",
                1
            ],
            [
                "SKU-000304B",
                1
            ],
            [
                "SKU-000479C",
                1
            ],
            [
                "SKU-000033B",
                1
            ],
            [
                "SKU-000237B",
                1
            ],
            [
                "SKU-000032D",
                1
            ],
            [
                "SKU-000221D",
                1
            ]
        ],
        "pickTime": "2025-07-04 00:03:56"
    },
    {
        "replenish": true,
        "skus": [
            [
                "SKU-000141B",
                1
            ],
            [
                "SKU-000422B",
                1
            ]
        ],
        "pickTime": "2025-07-04 05:37:59"
    },
    {
        "replenish": true,
        "skus": [
            [
                "SKU-000191B",
                1
            ]
        ],
        "pickTime": "2025-07-04 12:16:29"
    },
    {
        "replenish": true,
        "skus": [
            [
                "SKU-000492B",
                1
            ],
            [
                "SKU-000107D",
                1
            ]
        ],
        "pickTime": "2025-07-04 15:19:28"
    },
    {
        "replenish": true,
        "skus": [
            [
                "SKU-000223A",
                1
            ],
            [
                "SKU-000477D",
                1
            ],
            [
                "SKU-000250D",
                1
            ],
            [
                "SKU-000168B",
                1
            ],
            [
                "SKU-000437C",
                1
            ],
            [
                "SKU-000190D",
                1
            ],
            [
                "SKU-000056D",
                1
            ]
        ],
        "pickTime": "2025-07-04 23:23:46"
    },
    {
        "replenish": true,
        "skus": [
            [
                "SKU-000210A",
                1
            ],
            [
                "SKU-000117C",
                1
            ],
            [
                "SKU-000194B",
                1
            ],
            [
                "SKU-000051D",
                1
            ],
            [
                "SKU-000106A",
                1
            ],
            [
                "SKU-000431C",
                1
            ],
            [
                "SKU-000217B",
                1
            ],
            [
                "SKU-000130A",
                1
            ],
            [
                "SKU-000481B",
                1
            ],
            [
                "SKU-000022D",
                1
            ],
            [
                "SKU-000007C",
                1
            ],
            [
                "SKU-000194A",
                1
            ],
            [
                "SKU-000349C",
                1
            ],
            [
                "SKU-000005A",
                1
            ],
            [
                "SKU-000145B",
                1
            ],
            [
                "SKU-000133D",
                1
            ],
            [
                "SKU-000246A",
                1
            ],
            [
                "SKU-000222A",
                1
            ],
            [
                "SKU-000391D",
                1
            ],
            [
                "SKU-000010B",
                1
            ],
            [
                "SKU-000278D",
                1
            ],
            [
                "SKU-000289A",
                1
            ],
            [
                "SKU-000127A",
                1
            ],
            [
                "SKU-000429D",
                1
            ],
            [
                "SKU-000215C",
                1
            ],
            [
                "SKU-000131B",
                1
            ],
            [
                "SKU-000173B",
                1
            ],
            [
                "SKU-000078D",
                1
            ],
            [
                "SKU-000148C",
                1
            ]
        ],
        "pickTime": "2025-07-05 04:37:50"
    },
    {
        "replenish": true,
        "skus": [
            [
                "SKU-000238C",
                1
            ],
            [
                "SKU-000389B",
                1
            ],
            [
                "SKU-000159B",
                1
            ],
            [
                "SKU-000436A",
                1
            ],
            [
                "SKU-000490A",
                1
            ],
            [
                "SKU-000144D",
                1
            ],
            [
                "SKU-000029A",
                1
            ],
            [
                "SKU-000089B",
                1
            ],
            [
                "SKU-000087B",
                1
            ],
            [
                "SKU-000166A",
                1
            ],
            [
                "SKU-000263A",
                1
            ],
            [
                "SKU-000131C",
                1
            ],
            [
                "SKU-000171C",
                1
            ],
            [
                "SKU-000473B",
                1
            ],
            [
                "SKU-000082A",
                1
            ],
            [
                "SKU-000136B",
                1
            ],
            [
                "SKU-000339A",
                1
            ],
            [
                "SKU-000118A",
                1
            ],
            [
                "SKU-000484C",
                1
            ],
            [
                "SKU-000265A",
                1
            ],
            [
                "SKU-000276A",
                1
            ],
            [
                "SKU-000413A",
                1
            ]
        ],
        "pickTime": "2025-07-05 08:39:27"
    },
    {
        "replenish": true,
        "skus": [
            [
                "SKU-000218C",
                1
            ],
            [
                "SKU-000290B",
                1
            ],
            [
                "SKU-000256C",
                1
            ],
            [
                "SKU-000443A",
                1
            ],
            [
                "SKU-000139A",
                1
            ],
            [
                "SKU-000215C",
                1
            ],
            [
                "SKU-000404D",
                1
            ]
        ],
        "pickTime": "2025-07-05 13:13:55"
    },
    {
        "replenish": true,
        "skus": [
            [
                "SKU-000356B",
                1
            ],
            [
                "SKU-000299D",
                1
            ]
        ],
        "pickTime": "2025-07-05 23:42:23"
    },
    {
        "replenish": true,
        "skus": [
            [
                "SKU-000381C",
                1
            ],
            [
                "SKU-000312A",
                1
            ],
            [
                "SKU-000417C",
                1
            ],
            [
                "SKU-000029B",
                1
            ],
            [
                "SKU-000045D",
                1
            ],
            [
                "SKU-000475B",
                1
            ],
            [
                "SKU-000018C",
                1
            ],
            [
                "SKU-000028B",
                1
            ],
            [
                "SKU-000392A",
                1
            ],
            [
                "SKU-000404B",
                1
            ],
            [
                "SKU-000094A",
                1
            ],
            [
                "SKU-000114B",
                1
            ]
        ],
        "pickTime": "2025-07-06 13:47:46"
    },
    {
        "replenish": true,
        "skus": [
            [
                "SKU-000305A",
                1
            ],
            [
                "SKU-000449D",
                1
            ],
            [
                "SKU-000413A",
                1
            ],
            [
                "SKU-000059D",
                1
            ],
            [
                "SKU-000428C",
                1
            ],
            [
                "SKU-000372A",
                1
            ],
            [
                "SKU-000119C",
                1
            ],
            [
                "SKU-000023C",
                1
            ],
            [
                "SKU-000072D",
                1
            ],
            [
                "SKU-000339A",
                1
            ],
            [
                "SKU-000427B",
                1
            ]
        ],
        "pickTime": "2025-07-06 17:08:16"
    },
    {
        "replenish": true,
        "skus": [
            [
                "SKU-000148C",
                1
            ],
            [
                "SKU-000234B",
                1
            ],
            [
                "SKU-000141B",
                1
            ],
            [
                "SKU-000270A",
                1
            ],
            [
                "SKU-000277D",
                1
            ],
            [
                "SKU-000063D",
                1
            ],
            [
                "SKU-000331D",
                1
            ],
            [
                "SKU-000323B",
                1
            ],
            [
                "SKU-000494B",
                1
            ]
        ],
        "pickTime": "2025-07-07 13:17:57"
    },
    {
        "replenish": true,
        "skus": [
            [
                "SKU-000277A",
                1
            ],
            [
                "SKU-000304D",
                1
            ],
            [
                "SKU-000001A",
                1
            ],
            [
                "SKU-000452C",
                1
            ],
            [
                "SKU-000078D",
                1
            ]
        ],
        "pickTime": "2025-07-07 22:22:49"
    },
    {
        "replenish": true,
        "skus": [
            [
                "SKU-000199D",
                1
            ],
            [
                "SKU-000500C",
                1
            ]
        ],
        "pickTime": "2025-07-07 23:06:43"
    },
    {
        "replenish": true,
        "skus": [
            [
                "SKU-000111B",
                1
            ],
            [
                "SKU-000490D",
                1
            ],
            [
                "SKU-000212D",
                1
            ],
            [
                "SKU-000400C",
                1
            ],
            [
                "SKU-000144C",
                1
            ],
            [
                "SKU-000233D",
                1
            ]
        ],
        "pickTime": "2025-07-08 05:13:34"
    },
    {
        "replenish": true,
        "skus": [
            [
                "SKU-000356C",
                1
            ],
            [
                "SKU-000217A",
                1
            ],
            [
                "SKU-000330C",
                1
            ],
            [
                "SKU-000471D",
                1
            ],
            [
                "SKU-000091C",
                1
            ],
            [
                "SKU-000427A",
                1
            ],
            [
                "SKU-000356B",
                1
            ]
        ],
        "pickTime": "2025-07-08 11:33:59"
    },
    {
        "replenish": true,
        "skus": [
            [
                "SKU-000436D",
                1
            ],
            [
                "SKU-000162D",
                1
            ],
            [
                "SKU-000237B",
                1
            ],
            [
                "SKU-000329C",
                1
            ],
            [
                "SKU-000058A",
                1
            ],
            [
                "SKU-000133B",
                1
            ],
            [
                "SKU-000467C",
                1
            ],
            [
                "SKU-000071D",
                1
            ],
            [
                "SKU-000490A",
                1
            ],
            [
                "SKU-000190B",
                1
            ],
            [
                "SKU-000215D",
                1
            ],
            [
                "SKU-000193C",
                1
            ],
            [
                "SKU-000156D",
                1
            ],
            [
                "SKU-000104C",
                1
            ],
            [
                "SKU-000482C",
                1
            ],
            [
                "SKU-000162D",
                1
            ]
        ],
        "pickTime": "2025-07-08 13:41:58"
    },
    {
        "replenish": true,
        "skus": [
            [
                "SKU-000471A",
                1
            ],
            [
                "SKU-000019D",
                1
            ],
            [
                "SKU-000002B",
                1
            ],
            [
                "SKU-000252B",
                1
            ],
            [
                "SKU-000190B",
                1
            ],
            [
                "SKU-000408C",
                1
            ],
            [
                "SKU-000218C",
                1
            ],
            [
                "SKU-000074D",
                1
            ],
            [
                "SKU-000463A",
                1
            ],
            [
                "SKU-000404B",
                1
            ],
            [
                "SKU-000031B",
                1
            ],
            [
                "SKU-000210A",
                1
            ],
            [
                "SKU-000262A",
                1
            ],
            [
                "SKU-000299D",
                1
            ]
        ],
        "pickTime": "2025-07-09 03:54:29"
    },
    {
        "replenish": true,
        "skus": [
            [
                "SKU-000183B",
                1
            ],
            [
                "SKU-000074D",
                1
            ],
            [
                "SKU-000251B",
                1
            ],
            [
                "SKU-000162D",
                1
            ],
            [
                "SKU-000460D",
                1
            ],
            [
                "SKU-000233B",
                1
            ],
            [
                "SKU-000254D",
                1
            ],
            [
                "SKU-000092D",
                1
            ]
        ],
        "pickTime": "2025-07-09 08:38:26"
    },
    {
        "replenish": true,
        "skus": [
            [
                "SKU-000433C",
                1
            ],
            [
                "SKU-000356C",
                1
            ],
            [
                "SKU-000069A",
                1
            ],
            [
                "SKU-000487A",
                1
            ],
            [
                "SKU-000148C",
                1
            ]
        ],
        "pickTime": "2025-07-09 21:03:31"
    },
    {
        "replenish": true,
        "skus": [
            [
                "SKU-000059A",
                1
            ],
            [
                "SKU-000052B",
                1
            ],
            [
                "SKU-000199D",
                1
            ]
        ],
        "pickTime": "2025-07-10 17:35:00"
    },
    {
        "replenish": true,
        "skus": [
            [
                "SKU-000237B",
                1
            ],
            [
                "SKU-000180D",
                1
            ],
            [
                "SKU-000433C",
                1
            ],
            [
                "SKU-000061B",
                1
            ],
            [
                "SKU-000029A",
                1
            ],
            [
                "SKU-000019D",
                1
            ],
            [
                "SKU-000029A",
                1
            ],
            [
                "SKU-000239C",
                1
            ],
            [
                "SKU-000479B",
                1
            ],
            [
                "SKU-000190A",
                1
            ],
            [
                "SKU-000114B",
                1
            ],
            [
                "SKU-000018C",
                1
            ],
            [
                "SKU-000492D",
                1
            ],
            [
                "SKU-000140D",
                1
            ],
            [
                "SKU-000494B",
                1
            ]
        ],
        "pickTime": "2025-07-11 04:16:55"
    },
    {
        "replenish": true,
        "skus": [
            [
                "SKU-000359B",
                1
            ],
            [
                "SKU-000108D",
                1
            ],
            [
                "SKU-000104A",
                1
            ],
            [
                "SKU-000383C",
                1
            ],
            [
                "SKU-000215D",
                1
            ],
            [
                "SKU-000485B",
                1
            ],
            [
                "SKU-000153D",
                1
            ],
            [
                "SKU-000326D",
                1
            ],
            [
                "SKU-000162D",
                1
            ]
        ],
        "pickTime": "2025-07-11 04:34:14"
    },
    {
        "replenish": true,
        "skus": [
            [
                "SKU-000444A",
                1
            ],
            [
                "SKU-000379C",
                1
            ],
            [
                "SKU-000267B",
                1
            ],
            [
                "SKU-000415B",
                1
            ],
            [
                "SKU-000474D",
                1
            ]
        ],
        "pickTime": "2025-07-11 05:50:41"
    },
    {
        "replenish": true,
        "skus": [
            [
                "SKU-000077B",
                1
            ]
        ],
        "pickTime": "2025-07-11 22:13:48"
    },
    {
        "replenish": true,
        "skus": [
            [
                "SKU-000227B",
                1
            ],
            [
                "SKU-000079C",
                1
            ],
            [
                "SKU-000070C",
                1
            ],
            [
                "SKU-000308A",
                1
            ],
            [
                "SKU-000161B",
                1
            ]
        ],
        "pickTime": "2025-07-12 18:19:31"
    },
    {
        "replenish": true,
        "skus": [
            [
                "SKU-000059B",
                1
            ],
            [
                "SKU-000222A",
                1
            ],
            [
                "SKU-000379A",
                1
            ],
            [
                "SKU-000450C",
                1
            ],
            [
                "SKU-000207C",
                1
            ],
            [
                "SKU-000242D",
                1
            ],
            [
                "SKU-000218A",
                1
            ],
            [
                "SKU-000308C",
                1
            ],
            [
                "SKU-000304A",
                1
            ],
            [
                "SKU-000251A",
                1
            ],
            [
                "SKU-000411A",
                1
            ]
        ],
        "pickTime": "2025-07-13 02:53:16"
    },
    {
        "replenish": true,
        "skus": [
            [
                "SKU-000435D",
                1
            ]
        ],
        "pickTime": "2025-07-13 05:26:29"
    },
    {
        "replenish": true,
        "skus": [
            [
                "SKU-000318C",
                1
            ]
        ],
        "pickTime": "2025-07-13 08:15:38"
    },
    {
        "replenish": true,
        "skus": [
            [
                "SKU-000306C",
                1
            ],
            [
                "SKU-000229D",
                1
            ],
            [
                "SKU-000252D",
                1
            ],
            [
                "SKU-000079C",
                1
            ],
            [
                "SKU-000074D",
                1
            ]
        ],
        "pickTime": "2025-07-13 12:11:46"
    },
    {
        "replenish": true,
        "skus": [
            [
                "SKU-000072C",
                1
            ],
            [
                "SKU-000398C",
                1
            ],
            [
                "SKU-000070A",
                1
            ],
            [
                "SKU-000081B",
                1
            ]
        ],
        "pickTime": "2025-07-13 18:02:49"
    },
    {
        "replenish": true,
        "skus": [
            [
                "SKU-000366D",
                1
            ],
            [
                "SKU-000048C",
                1
            ],
            [
                "SKU-000304D",
                1
            ],
            [
                "SKU-000144A",
                1
            ],
            [
                "SKU-000337A",
                1
            ],
            [
                "SKU-000317D",
                1
            ],
            [
                "SKU-000296A",
                1
            ],
            [
                "SKU-000391C",
                1
            ],
            [
                "SKU-000468B",
                1
            ],
            [
                "SKU-000238C",
                1
            ],
            [
                "SKU-000171B",
                1
            ],
            [
                "SKU-000334B",
                1
            ],
            [
                "SKU-000455A",
                1
            ],
            [
                "SKU-000137B",
                1
            ],
            [
                "SKU-000406D",
                1
            ],
            [
                "SKU-000282C",
                1
            ],
            [
                "SKU-000195C",
                1
            ],
            [
                "SKU-000026B",
                1
            ],
            [
                "SKU-000174C",
                1
            ],
            [
                "SKU-000025B",
                1
            ],
            [
                "SKU-000472A",
                1
            ],
            [
                "SKU-000394B",
                1
            ],
            [
                "SKU-000106B",
                1
            ],
            [
                "SKU-000411C",
                1
            ],
            [
                "SKU-000468B",
                1
            ],
            [
                "SKU-000114A",
                1
            ],
            [
                "SKU-000142C",
                1
            ]
        ],
        "pickTime": "2025-07-14 03:23:54"
    },
    {
        "replenish": true,
        "skus": [
            [
                "SKU-000165A",
                1
            ],
            [
                "SKU-000409D",
                1
            ]
        ],
        "pickTime": "2025-07-14 04:25:11"
    },
    {
        "replenish": true,
        "skus": [
            [
                "SKU-000006A",
                1
            ],
            [
                "SKU-000191C",
                1
            ],
            [
                "SKU-000288A",
                1
            ],
            [
                "SKU-000481C",
                1
            ],
            [
                "SKU-000014C",
                1
            ],
            [
                "SKU-000239C",
                1
            ],
            [
                "SKU-000131D",
                1
            ],
            [
                "SKU-000151D",
                1
            ],
            [
                "SKU-000342C",
                1
            ],
            [
                "SKU-000486D",
                1
            ],
            [
                "SKU-000352D",
                1
            ],
            [
                "SKU-000373B",
                1
            ]
        ],
        "pickTime": "2025-07-14 04:45:28"
    },
    {
        "replenish": true,
        "skus": [
            [
                "SKU-000013A",
                1
            ],
            [
                "SKU-000404C",
                1
            ],
            [
                "SKU-000052B",
                1
            ],
            [
                "SKU-000166B",
                1
            ],
            [
                "SKU-000387A",
                1
            ],
            [
                "SKU-000042B",
                1
            ],
            [
                "SKU-000308B",
                1
            ],
            [
                "SKU-000020C",
                1
            ],
            [
                "SKU-000392D",
                1
            ],
            [
                "SKU-000189B",
                1
            ]
        ],
        "pickTime": "2025-07-14 12:18:33"
    },
    {
        "replenish": true,
        "skus": [
            [
                "SKU-000026A",
                1
            ],
            [
                "SKU-000312A",
                1
            ],
            [
                "SKU-000140B",
                1
            ],
            [
                "SKU-000117C",
                1
            ],
            [
                "SKU-000308D",
                1
            ],
            [
                "SKU-000216C",
                1
            ]
        ],
        "pickTime": "2025-07-14 13:39:23"
    },
    {
        "replenish": false,
        "skus": [
            [
                "SKU-000480D",
                1
            ],
            [
                "SKU-000408C",
                1
            ],
            [
                "SKU-000458A",
                1
            ],
            [
                "SKU-000190D",
                1
            ],
            [
                "SKU-000296C",
                1
            ],
            [
                "SKU-000020C",
                1
            ],
            [
                "SKU-000001A",
                1
            ],
            [
                "SKU-000430C",
                1
            ],
            [
                "SKU-000465C",
                1
            ],
            [
                "SKU-000439A",
                1
            ],
            [
                "SKU-000483C",
                1
            ],
            [
                "SKU-000156C",
                1
            ],
            [
                "SKU-000415B",
                1
            ]
        ],
        "pickTime": "2025-07-14 18:42:34"
    },
    {
        "replenish": false,
        "skus": [
            [
                "SKU-000272C",
                1
            ]
        ],
        "pickTime": "2025-07-15 00:05:03"
    },
    {
        "replenish": false,
        "skus": [
            [
                "SKU-000310D",
                1
            ],
            [
                "SKU-000173D",
                1
            ],
            [
                "SKU-000246A",
                1
            ],
            [
                "SKU-000331A",
                1
            ],
            [
                "SKU-000468B",
                1
            ]
        ],
        "pickTime": "2025-07-15 06:17:00"
    },
    {
        "replenish": false,
        "skus": [
            [
                "SKU-000056D",
                1
            ],
            [
                "SKU-000299A",
                1
            ],
            [
                "SKU-000175C",
                1
            ]
        ],
        "pickTime": "2025-07-15 14:30:36"
    },
    {
        "replenish": false,
        "skus": [
            [
                "SKU-000378B",
                1
            ],
            [
                "SKU-000267A",
                1
            ]
        ],
        "pickTime": "2025-07-15 17:14:39"
    },
    {
        "replenish": false,
        "skus": [
            [
                "SKU-000405B",
                1
            ],
            [
                "SKU-000246B",
                1
            ]
        ],
        "pickTime": "2025-07-16 02:23:08"
    },
    {
        "replenish": false,
        "skus": [
            [
                "SKU-000204D",
                1
            ],
            [
                "SKU-000242A",
                1
            ],
            [
                "SKU-000336D",
                1
            ],
            [
                "SKU-000458C",
                1
            ],
            [
                "SKU-000335D",
                1
            ],
            [
                "SKU-000012C",
                1
            ],
            [
                "SKU-000106A",
                1
            ],
            [
                "SKU-000049D",
                1
            ],
            [
                "SKU-000244D",
                1
            ],
            [
                "SKU-000218A",
                1
            ],
            [
                "SKU-000288A",
                1
            ],
            [
                "SKU-000212B",
                1
            ]
        ],
        "pickTime": "2025-07-16 09:19:09"
    },
    {
        "replenish": false,
        "skus": [
            [
                "SKU-000039C",
                1
            ],
            [
                "SKU-000107B",
                1
            ],
            [
                "SKU-000253D",
                1
            ],
            [
                "SKU-000173D",
                1
            ],
            [
                "SKU-000295D",
                1
            ],
            [
                "SKU-000154B",
                1
            ],
            [
                "SKU-000309D",
                1
            ],
            [
                "SKU-000401B",
                1
            ],
            [
                "SKU-000207D",
                1
            ],
            [
                "SKU-000022B",
                1
            ],
            [
                "SKU-000190D",
                1
            ],
            [
                "SKU-000428C",
                1
            ],
            [
                "SKU-000059D",
                1
            ]
        ],
        "pickTime": "2025-07-16 10:46:55"
    },
    {
        "replenish": false,
        "skus": [
            [
                "SKU-000287B",
                1
            ],
            [
                "SKU-000161D",
                1
            ],
            [
                "SKU-000349C",
                1
            ],
            [
                "SKU-000229D",
                1
            ],
            [
                "SKU-000031B",
                1
            ],
            [
                "SKU-000368A",
                1
            ],
            [
                "SKU-000105A",
                1
            ],
            [
                "SKU-000413A",
                1
            ]
        ],
        "pickTime": "2025-07-16 12:50:51"
    },
    {
        "replenish": false,
        "skus": [
            [
                "SKU-000396A",
                1
            ],
            [
                "SKU-000081B",
                1
            ],
            [
                "SKU-000057B",
                1
            ],
            [
                "SKU-000070B",
                1
            ]
        ],
        "pickTime": "2025-07-16 13:36:14"
    },
    {
        "replenish": false,
        "skus": [
            [
                "SKU-000194B",
                1
            ]
        ],
        "pickTime": "2025-07-16 22:44:12"
    },
    {
        "replenish": false,
        "skus": [
            [
                "SKU-000096A",
                1
            ]
        ],
        "pickTime": "2025-07-16 23:43:24"
    },
    {
        "replenish": false,
        "skus": [
            [
                "SKU-000376D",
                1
            ],
            [
                "SKU-000171B",
                1
            ]
        ],
        "pickTime": "2025-07-17 10:39:11"
    },
    {
        "replenish": false,
        "skus": [
            [
                "SKU-000019B",
                1
            ],
            [
                "SKU-000264B",
                1
            ]
        ],
        "pickTime": "2025-07-18 01:20:41"
    },
    {
        "replenish": false,
        "skus": [
            [
                "SKU-000287B",
                1
            ],
            [
                "SKU-000036A",
                1
            ],
            [
                "SKU-000133D",
                1
            ]
        ],
        "pickTime": "2025-07-18 07:23:50"
    },
    {
        "replenish": false,
        "skus": [
            [
                "SKU-000344B",
                1
            ],
            [
                "SKU-000290A",
                1
            ],
            [
                "SKU-000198B",
                1
            ],
            [
                "SKU-000246B",
                1
            ],
            [
                "SKU-000143A",
                1
            ]
        ],
        "pickTime": "2025-07-18 14:03:38"
    },
    {
        "replenish": false,
        "skus": [
            [
                "SKU-000020A",
                1
            ],
            [
                "SKU-000289C",
                1
            ],
            [
                "SKU-000061B",
                1
            ],
            [
                "SKU-000227A",
                1
            ],
            [
                "SKU-000145B",
                1
            ],
            [
                "SKU-000312A",
                1
            ],
            [
                "SKU-000006A",
                1
            ]
        ],
        "pickTime": "2025-07-19 03:22:07"
    },
    {
        "replenish": false,
        "skus": [
            [
                "SKU-000221A",
                1
            ],
            [
                "SKU-000142D",
                1
            ],
            [
                "SKU-000256C",
                1
            ]
        ],
        "pickTime": "2025-07-19 10:45:49"
    },
    {
        "replenish": false,
        "skus": [
            [
                "SKU-000496A",
                1
            ],
            [
                "SKU-000493D",
                1
            ]
        ],
        "pickTime": "2025-07-19 15:52:45"
    },
    {
        "replenish": false,
        "skus": [
            [
                "SKU-000379C",
                1
            ],
            [
                "SKU-000463A",
                1
            ]
        ],
        "pickTime": "2025-07-19 16:44:41"
    },
    {
        "replenish": false,
        "skus": [
            [
                "SKU-000006A",
                1
            ],
            [
                "SKU-000134B",
                1
            ],
            [
                "SKU-000196D",
                1
            ],
            [
                "SKU-000392B",
                1
            ]
        ],
        "pickTime": "2025-07-19 18:37:38"
    },
    {
        "replenish": false,
        "skus": [
            [
                "SKU-000378B",
                1
            ],
            [
                "SKU-000102A",
                1
            ],
            [
                "SKU-000189D",
                1
            ]
        ],
        "pickTime": "2025-07-20 11:28:49"
    },
    {
        "replenish": false,
        "skus": [
            [
                "SKU-000068A",
                1
            ],
            [
                "SKU-000349C",
                1
            ]
        ],
        "pickTime": "2025-07-20 19:30:27"
    },
    {
        "replenish": false,
        "skus": [
            [
                "SKU-000173D",
                1
            ],
            [
                "SKU-000287C",
                1
            ],
            [
                "SKU-000052B",
                1
            ]
        ],
        "pickTime": "2025-07-20 23:18:40"
    },
    {
        "replenish": false,
        "skus": [
            [
                "SKU-000146B",
                1
            ],
            [
                "SKU-000450B",
                1
            ],
            [
                "SKU-000327B",
                1
            ],
            [
                "SKU-000238C",
                1
            ]
        ],
        "pickTime": "2025-07-21 02:55:26"
    },
    {
        "replenish": false,
        "skus": [
            [
                "SKU-000233B",
                1
            ],
            [
                "SKU-000293C",
                1
            ],
            [
                "SKU-000274C",
                1
            ],
            [
                "SKU-000069D",
                1
            ]
        ],
        "pickTime": "2025-07-21 06:38:43"
    },
    {
        "replenish": false,
        "skus": [
            [
                "SKU-000222D",
                1
            ]
        ],
        "pickTime": "2025-07-21 14:01:33"
    },
    {
        "replenish": false,
        "skus": [
            [
                "SKU-000105A",
                1
            ]
        ],
        "pickTime": "2025-07-21 19:06:27"
    },
    {
        "replenish": false,
        "skus": [
            [
                "SKU-000345C",
                1
            ],
            [
                "SKU-000198C",
                1
            ],
            [
                "SKU-000052D",
                1
            ]
        ],
        "pickTime": "2025-07-22 07:37:09"
    },
    {
        "replenish": false,
        "skus": [
            [
                "SKU-000183B",
                1
            ],
            [
                "SKU-000339A",
                1
            ],
            [
                "SKU-000374D",
                1
            ],
            [
                "SKU-000281B",
                1
            ],
            [
                "SKU-000318A",
                1
            ],
            [
                "SKU-000295B",
                1
            ],
            [
                "SKU-000067A",
                1
            ],
            [
                "SKU-000184B",
                1
            ],
            [
                "SKU-000016C",
                1
            ]
        ],
        "pickTime": "2025-07-23 02:01:39"
    },
    {
        "replenish": false,
        "skus": [
            [
                "SKU-000303A",
                1
            ],
            [
                "SKU-000399B",
                1
            ],
            [
                "SKU-000383C",
                1
            ],
            [
                "SKU-000396A",
                1
            ],
            [
                "SKU-000490A",
                1
            ],
            [
                "SKU-000322C",
                1
            ],
            [
                "SKU-000066A",
                1
            ],
            [
                "SKU-000469A",
                1
            ],
            [
                "SKU-000169A",
                1
            ],
            [
                "SKU-000106B",
                1
            ],
            [
                "SKU-000281C",
                1
            ],
            [
                "SKU-000224A",
                1
            ]
        ],
        "pickTime": "2025-07-23 02:39:24"
    },
    {
        "replenish": false,
        "skus": [
            [
                "SKU-000340C",
                1
            ],
            [
                "SKU-000341B",
                1
            ],
            [
                "SKU-000424B",
                1
            ]
        ],
        "pickTime": "2025-07-24 12:11:56"
    },
    {
        "replenish": false,
        "skus": [
            [
                "SKU-000381B",
                1
            ]
        ],
        "pickTime": "2025-07-24 16:35:38"
    },
    {
        "replenish": false,
        "skus": [
            [
                "SKU-000106D",
                1
            ],
            [
                "SKU-000337A",
                1
            ],
            [
                "SKU-000450C",
                1
            ]
        ],
        "pickTime": "2025-07-24 22:00:50"
    },
    {
        "replenish": false,
        "skus": [
            [
                "SKU-000496A",
                1
            ]
        ],
        "pickTime": "2025-07-24 23:18:16"
    },
    {
        "replenish": false,
        "skus": [
            [
                "SKU-000464B",
                1
            ]
        ],
        "pickTime": "2025-07-25 06:30:20"
    },
    {
        "replenish": false,
        "skus": [
            [
                "SKU-000247C",
                1
            ],
            [
                "SKU-000489A",
                1
            ],
            [
                "SKU-000208B",
                1
            ],
            [
                "SKU-000075D",
                1
            ],
            [
                "SKU-000449D",
                1
            ]
        ],
        "pickTime": "2025-07-26 00:12:16"
    },
    {
        "replenish": false,
        "skus": [
            [
                "SKU-000004D",
                1
            ],
            [
                "SKU-000465D",
                1
            ],
            [
                "SKU-000331A",
                1
            ],
            [
                "SKU-000094C",
                1
            ],
            [
                "SKU-000193D",
                1
            ],
            [
                "SKU-000132C",
                1
            ],
            [
                "SKU-000289A",
                1
            ],
            [
                "SKU-000074A",
                1
            ]
        ],
        "pickTime": "2025-07-26 04:13:18"
    },
    {
        "replenish": false,
        "skus": [
            [
                "SKU-000477A",
                1
            ]
        ],
        "pickTime": "2025-07-26 06:29:04"
    },
    {
        "replenish": false,
        "skus": [
            [
                "SKU-000250D",
                1
            ],
            [
                "SKU-000381C",
                1
            ]
        ],
        "pickTime": "2025-07-26 18:14:29"
    },
    {
        "replenish": false,
        "skus": [
            [
                "SKU-000078D",
                1
            ],
            [
                "SKU-000296C",
                1
            ],
            [
                "SKU-000468B",
                1
            ],
            [
                "SKU-000071D",
                1
            ],
            [
                "SKU-000051D",
                1
            ],
            [
                "SKU-000144C",
                1
            ],
            [
                "SKU-000461B",
                1
            ],
            [
                "SKU-000069A",
                1
            ],
            [
                "SKU-000100B",
                1
            ],
            [
                "SKU-000127A",
                1
            ],
            [
                "SKU-000288C",
                1
            ],
            [
                "SKU-000290B",
                1
            ],
            [
                "SKU-000006A",
                1
            ],
            [
                "SKU-000119C",
                1
            ],
            [
                "SKU-000400C",
                1
            ],
            [
                "SKU-000413A",
                1
            ]
        ],
        "pickTime": "2025-07-27 01:30:01"
    },
    {
        "replenish": false,
        "skus": [
            [
                "SKU-000477D",
                1
            ],
            [
                "SKU-000210B",
                1
            ],
            [
                "SKU-000314A",
                1
            ],
            [
                "SKU-000112C",
                1
            ]
        ],
        "pickTime": "2025-07-27 08:57:25"
    },
    {
        "replenish": false,
        "skus": [
            [
                "SKU-000465D",
                1
            ],
            [
                "SKU-000391C",
                1
            ],
            [
                "SKU-000299D",
                1
            ]
        ],
        "pickTime": "2025-07-27 21:53:40"
    },
    {
        "replenish": false,
        "skus": [
            [
                "SKU-000022B",
                1
            ],
            [
                "SKU-000494D",
                1
            ],
            [
                "SKU-000001A",
                1
            ],
            [
                "SKU-000379C",
                1
            ]
        ],
        "pickTime": "2025-07-28 04:36:48"
    },
    {
        "replenish": false,
        "skus": [
            [
                "SKU-000154B",
                1
            ]
        ],
        "pickTime": "2025-07-28 22:59:16"
    },
    {
        "replenish": false,
        "skus": [
            [
                "SKU-000180A",
                1
            ],
            [
                "SKU-000099C",
                1
            ],
            [
                "SKU-000458C",
                1
            ],
            [
                "SKU-000317D",
                1
            ]
        ],
        "pickTime": "2025-07-29 08:49:36"
    },
    {
        "replenish": false,
        "skus": [
            [
                "SKU-000261C",
                1
            ]
        ],
        "pickTime": "2025-07-29 19:04:46"
    },
    {
        "replenish": false,
        "skus": [
            [
                "SKU-000364A",
                1
            ]
        ],
        "pickTime": "2025-07-30 00:15:42"
    },
    {
        "replenish": false,
        "skus": [
            [
                "SKU-000450C",
                1
            ],
            [
                "SKU-000217D",
                1
            ],
            [
                "SKU-000173B",
                1
            ]
        ],
        "pickTime": "2025-07-30 17:33:27"
    },
    {
        "replenish": false,
        "skus": [
            [
                "SKU-000042C",
                1
            ]
        ],
        "pickTime": "2025-07-30 18:06:03"
    }
]