[
    {
        "replenish": true,
        "skus": [
            [
                "SKU-000364D",
                1
            ],
            [
                "SKU-000304A",
                1
            ],
            [
                "SKU-000256A",
                1
            ],
            [
                "SKU-000298A",
                1
            ],
            [
                "SKU-000359C",
                1
            ],
            [
                "SKU-000137D",
                1
            ],
            [
                "SKU-000234B",
                1
            ],
            [
                "SKU-000442D",
                1
            ],
            [
                "SKU-000442D",
                1
            ],
            [
                "SKU-000421B",
                1
            ],
            [
                "SKU-000033A",
                1
            ],
            [
                "SKU-000490C",
                1
            ],
            [
                "SKU-000187B",
                1
            ],
            [
                "SKU-000120D",
                1
            ],
            [
                "SKU-000070D",
                1
            ],
            [
                "SKU-000339C",
                1
            ],
            [
                "SKU-000146B",
                1
            ],
            [
                "SKU-000062C",
                1
            ],
            [
                "SKU-000419C",
                1
            ],
            [
                "SKU-000098A",
                1
            ],
            [
                "SKU-000138A",
                1
            ],
            [
                "SKU-000325B",
                1
            ]
        ],
        "pickTime": "2025-07-01 00:43:47"
    },
    {
        "replenish": true,
        "skus": [
            [
                "SKU-000421A",
                1
            ],
            [
                "SKU-000405C",
                1
            ],
            [
                "SKU-000352D",
                1
            ]
        ],
        "pickTime": "2025-07-01 10:38:38"
    },
    {
        "replenish": true,
        "skus": [
            [
                "SKU-000165A",
                1
            ],
            [
                "SKU-000025C",
                1
            ],
            [
                "SKU-000263B",
                1
            ],
            [
                "SKU-000358A",
                1
            ],
            [
                "SKU-000003D",
                1
            ],
            [
                "SKU-000012B",
                1
            ],
            [
                "SKU-000132B",
                1
            ],
            [
                "SKU-000219B",
                1
            ],
            [
                "SKU-000036B",
                1
            ],
            [
                "SKU-000020A",
                1
            ]
        ],
        "pickTime": "2025-07-01 17:41:52"
    },
    {
        "replenish": true,
        "skus": [
            [
                "SKU-000377D",
                1
            ],
            [
                "SKU-000487B",
                1
            ],
            [
                "SKU-000203A",
                1
            ],
            [
                "SKU-000244C",
                1
            ]
        ],
        "pickTime": "2025-07-02 03:33:56"
    },
    {
        "replenish": true,
        "skus": [
            [
                "SKU-000067A",
                1
            ]
        ],
        "pickTime": "2025-07-02 14:39:33"
    },
    {
        "replenish": true,
        "skus": [
            [
                "SKU-000312D",
                1
            ],
            [
                "SKU-000323C",
                1
            ]
        ],
        "pickTime": "2025-07-02 14:45:19"
    },
    {
        "replenish": true,
        "skus": [
            [
                "SKU-000229B",
                1
            ]
        ],
        "pickTime": "2025-07-02 17:06:10"
    },
    {
        "replenish": true,
        "skus": [
            [
                "SKU-000395C",
                1
            ],
            [
                "SKU-000046A",
                1
            ],
            [
                "SKU-000308A",
                1
            ],
            [
                "SKU-000490C",
                1
            ],
            [
                "SKU-000164B",
                1
            ]
        ],
        "pickTime": "2025-07-02 22:43:52"
    },
    {
        "replenish": true,
        "skus": [
            [
                "SKU-000261C",
                1
            ],
            [
                "SKU-000388A",
                1
            ],
            [
                "SKU-000137D",
                1
            ],
            [
                "SKU-000090C",
                1
            ],
            [
                "SKU-000273B",
                1
            ],
            [
                "SKU-000013B",
                1
            ]
        ],
        "pickTime": "2025-07-02 23:39:43"
    },
    {
        "replenish": true,
        "skus": [
            [
                "SKU-000325D",
                1
            ],
            [
                "SKU-000252D",
                1
            ],
            [
                "SKU-000349A",
                1
            ],
            [
                "SKU-000494B",
                1
            ],
            [
                "SKU-000488D",
                1
            ],
            [
                "SKU-000347C",
                1
            ],
            [
                "SKU-000290C",
                1
            ],
            [
                "SKU-000029B",
                1
            ]
        ],
        "pickTime": "2025-07-04 00:50:49"
    },
    {
        "replenish": true,
        "skus": [
            [
                "SKU-000297A",
                1
            ],
            [
                "SKU-000252D",
                1
            ],
            [
                "SKU-000346C",
                1
            ],
            [
                "SKU-000012A",
                1
            ],
            [
                "SKU-000010B",
                1
            ],
            [
                "SKU-000161A",
                1
            ],
            [
                "SKU-000257B",
                1
            ],
            [
                "SKU-000474A",
                1
            ],
            [
                "SKU-000408A",
                1
            ]
        ],
        "pickTime": "2025-07-04 14:55:15"
    },
    {
        "replenish": true,
        "skus": [
            [
                "SKU-000317B",
                1
            ],
            [
                "SKU-000005D",
                1
            ],
            [
                "SKU-000188B",
                1
            ],
            [
                "SKU-000371D",
                1
            ],
            [
                "SKU-000481D",
                1
            ]
        ],
        "pickTime": "2025-07-05 00:26:27"
    },
    {
        "replenish": true,
        "skus": [
            [
                "SKU-000301D",
                1
            ],
            [
                "SKU-000327D",
                1
            ],
            [
                "SKU-000141A",
                1
            ],
            [
                "SKU-000064A",
                1
            ],
            [
                "SKU-000349A",
                1
            ],
            [
                "SKU-000057B",
                1
            ],
            [
                "SKU-000141C",
                1
            ]
        ],
        "pickTime": "2025-07-05 17:07:41"
    },
    {
        "replenish": true,
        "skus": [
            [
                "SKU-000388D",
                1
            ],
            [
                "SKU-000104A",
                1
            ],
            [
                "SKU-000335B",
                1
            ],
            [
                "SKU-000366B",
                1
            ],
            [
                "SKU-000362C",
                1
            ],
            [
                "SKU-000280C",
                1
            ],
            [
                "SKU-000281A",
                1
            ],
            [
                "SKU-000431A",
                1
            ],
            [
                "SKU-000486C",
                1
            ],
            [
                "SKU-000104C",
                1
            ],
            [
                "SKU-000229D",
                1
            ],
            [
                "SKU-000166B",
                1
            ],
            [
                "SKU-000009C",
                1
            ],
            [
                "SKU-000134B",
                1
            ],
            [
                "SKU-000411A",
                1
            ],
            [
                "SKU-000054D",
                1
            ],
            [
                "SKU-000251B",
                1
            ],
            [
                "SKU-000390A",
                1
            ],
            [
                "SKU-000011B",
                1
            ],
            [
                "SKU-000016C",
                1
            ]
        ],
        "pickTime": "2025-07-05 18:06:59"
    },
    {
        "replenish": true,
        "skus": [
            [
                "SKU-000246A",
                1
            ],
            [
                "SKU-000131A",
                1
            ],
            [
                "SKU-000154C",
                1
            ],
            [
                "SKU-000081A",
                1
            ],
            [
                "SKU-000018B",
                1
            ],
            [
                "SKU-000120D",
                1
            ],
            [
                "SKU-000276B",
                1
            ],
            [
                "SKU-000312B",
                1
            ],
            [
                "SKU-000144C",
                1
            ],
            [
                "SKU-000011B",
                1
            ],
            [
                "SKU-000489B",
                1
            ],
            [
                "SKU-000171A",
                1
            ],
            [
                "SKU-000003B",
                1
            ],
            [
                "SKU-000438A",
                1
            ],
            [
                "SKU-000390A",
                1
            ]
        ],
        "pickTime": "2025-07-05 23:22:10"
    },
    {
        "replenish": true,
        "skus": [
            [
                "SKU-000161D",
                1
            ],
            [
                "SKU-000444A",
                1
            ]
        ],
        "pickTime": "2025-07-06 08:19:44"
    },
    {
        "replenish": true,
        "skus": [
            [
                "SKU-000254C",
                1
            ],
            [
                "SKU-000484D",
                1
            ],
            [
                "SKU-000164C",
                1
            ],
            [
                "SKU-000104D",
                1
            ],
            [
                "SKU-000226A",
                1
            ],
            [
                "SKU-000270D",
                1
            ],
            [
                "SKU-000038A",
                1
            ],
            [
                "SKU-000364D",
                1
            ],
            [
                "SKU-000291C",
                1
            ],
            [
                "SKU-000445A",
                1
            ],
            [
                "SKU-000195A",
                1
            ],
            [
                "SKU-000471A",
                1
            ],
            [
                "SKU-000011B",
                1
            ],
            [
                "SKU-000388D",
                1
            ]
        ],
        "pickTime": "2025-07-06 12:44:40"
    },
    {
        "replenish": true,
        "skus": [
            [
                "SKU-000031D",
                1
            ],
            [
                "SKU-000247C",
                1
            ],
            [
                "SKU-000371D",
                1
            ],
            [
                "SKU-000100D",
                1
            ]
        ],
        "pickTime": "2025-07-07 02:13:03"
    },
    {
        "replenish": true,
        "skus": [
            [
                "SKU-000255A",
                1
            ],
            [
                "SKU-000105B",
                1
            ]
        ],
        "pickTime": "2025-07-08 05:49:59"
    },
    {
        "replenish": true,
        "skus": [
            [
                "SKU-000216B",
                1
            ],
            [
                "SKU-000471B",
                1
            ]
        ],
        "pickTime": "2025-07-09 06:24:31"
    },
    {
        "replenish": true,
        "skus": [
            [
                "SKU-000277C",
                1
            ],
            [
                "SKU-000472C",
                1
            ],
            [
                "SKU-000175C",
                1
            ]
        ],
        "pickTime": "2025-07-10 12:20:13"
    },
    {
        "replenish": true,
        "skus": [
            [
                "SKU-000391B",
                1
            ],
            [
                "SKU-000482B",
                1
            ]
        ],
        "pickTime": "2025-07-11 01:16:22"
    },
    {
        "replenish": true,
        "skus": [
            [
                "SKU-000269C",
                1
            ],
            [
                "SKU-000412A",
                1
            ]
        ],
        "pickTime": "2025-07-11 14:38:01"
    },
    {
        "replenish": true,
        "skus": [
            [
                "SKU-000499B",
                1
            ]
        ],
        "pickTime": "2025-07-11 17:24:37"
    },
    {
        "replenish": true,
        "skus": [
            [
                "SKU-000177B",
                1
            ],
            [
                "SKU-000025B",
                1
            ],
            [
                "SKU-000103C",
                1
            ],
            [
                "SKU-000184C",
                1
            ],
            [
                "SKU-000165B",
                1
            ],
            [
                "SKU-000271C",
                1
            ],
            [
                "SKU-000452C",
                1
            ],
            [
                "SKU-000104D",
                1
            ],
            [
                "SKU-000075D",
                1
            ],
            [
                "SKU-000157B",
                1
            ],
            [
                "SKU-000442D",
                1
            ]
        ],
        "pickTime": "2025-07-12 00:25:29"
    },
    {
        "replenish": true,
        "skus": [
            [
                "SKU-000015A",
                1
            ],
            [
                "SKU-000003B",
                1
            ],
            [
                "SKU-000308A",
                1
            ],
            [
                "SKU-000379A",
                1
            ],
            [
                "SKU-000433B",
                1
            ],
            [
                "SKU-000043D",
                1
            ],
            [
                "SKU-000365B",
                1
            ]
        ],
        "pickTime": "2025-07-12 04:01:26"
    },
    {
        "replenish": true,
        "skus": [
            [
                "SKU-000033C",
                1
            ],
            [
                "SKU-000365B",
                1
            ],
            [
                "SKU-000469C",
                1
            ]
        ],
        "pickTime": "2025-07-12 12:59:21"
    },
    {
        "replenish": true,
        "skus": [
            [
                "SKU-000178A",
                1
            ],
            [
                "SKU-000389A",
                1
            ],
            [
                "SKU-000471A",
                1
            ],
            [
                "SKU-000068B",
                1
            ],
            [
                "SKU-000163D",
                1
            ],
            [
                "SKU-000493B",
                1
            ],
            [
                "SKU-000228C",
                1
            ],
            [
                "SKU-000098D",
                1
            ],
            [
                "SKU-000180A",
                1
            ],
            [
                "SKU-000378A",
                1
            ]
        ],
        "pickTime": "2025-07-12 14:00:41"
    },
    {
        "replenish": true,
        "skus": [
            [
                "SKU-000490C",
                1
            ]
        ],
        "pickTime": "2025-07-12 14:26:07"
    },
    {
        "replenish": true,
        "skus": [
            [
                "SKU-000250B",
                1
            ],
            [
                "SKU-000391D",
                1
            ],
            [
                "SKU-000393C",
                1
            ],
            [
                "SKU-000451D",
                1
            ],
            [
                "SKU-000334B",
                1
            ],
            [
                "SKU-000171D",
                1
            ]
        ],
        "pickTime": "2025-07-12 18:00:26"
    },
    {
        "replenish": true,
        "skus": [
            [
                "SKU-000121B",
                1
            ]
        ],
        "pickTime": "2025-07-13 06:34:24"
    },
    {
        "replenish": true,
        "skus": [
            [
                "SKU-000359A",
                1
            ],
            [
                "SKU-000468B",
                1
            ],
            [
                "SKU-000029A",
                1
            ],
            [
                "SKU-000231D",
                1
            ],
            [
                "SKU-000063D",
                1
            ],
            [
                "SKU-000480B",
                1
            ],
            [
                "SKU-000040D",
                1
            ],
            [
                "SKU-000490C",
                1
            ]
        ],
        "pickTime": "2025-07-13 06:55:40"
    },
    {
        "replenish": true,
        "skus": [
            [
                "SKU-000395C",
                1
            ],
            [
                "SKU-000327D",
                1
            ],
            [
                "SKU-000192C",
                1
            ]
        ],
        "pickTime": "2025-07-13 11:55:30"
    },
    {
        "replenish": true,
        "skus": [
            [
                "SKU-000415C",
                1
            ],
            [
                "SKU-000189A",
                1
            ],
            [
                "SKU-000363C",
                1
            ],
            [
                "SKU-000185D",
                1
            ],
            [
                "SKU-000154B",
                1
            ]
        ],
        "pickTime": "2025-07-13 15:12:21"
    },
    {
        "replenish": true,
        "skus": [
            [
                "SKU-000439A",
                1
            ],
            [
                "SKU-000363C",
                1
            ],
            [
                "SKU-000188C",
                1
            ],
            [
                "SKU-000486C",
                1
            ],
            [
                "SKU-000067B",
                1
            ],
            [
                "SKU-000236B",
                1
            ],
            [
                "SKU-000377D",
                1
            ],
            [
                "SKU-000337C",
                1
            ],
            [
                "SKU-000271B",
                1
            ],
            [
                "SKU-000046B",
                1
            ],
            [
                "SKU-000012D",
                1
            ],
            [
                "SKU-000391B",
                1
            ],
            [
                "SKU-000289D",
                1
            ],
            [
                "SKU-000104C",
                1
            ],
            [
                "SKU-000392A",
                1
            ],
            [
                "SKU-000407A",
                1
            ],
            [
                "SKU-000353A",
                1
            ],
            [
                "SKU-000345B",
                1
            ],
            [
                "SKU-000488D",
                1
            ],
            [
                "SKU-000482C",
                1
            ],
            [
                "SKU-000016B",
                1
            ],
            [
                "SKU-000379C",
                1
            ],
            [
                "SKU-000373B",
                1
            ],
            [
                "SKU-000236A",
                1
            ],
            [
                "SKU-000471B",
                1
            ],
            [
                "SKU-000347C",
                1
            ],
            [
                "SKU-000112D",
                1
            ],
            [
                "SKU-000472C",
                1
            ],
            [
                "SKU-000365A",
                1
            ],
            [
                "SKU-000198B",
                1
            ],
            [
                "SKU-000459A",
                1
            ],
            [
                "SKU-000339C",
                1
            ],
            [
                "SKU-000128A",
                1
            ],
            [
                "SKU-000490C",
                1
            ],
            [
                "SKU-000388B",
                1
            ],
            [
                "SKU-000042C",
                1
            ],
            [
                "SKU-000448D",
                1
            ]
        ],
        "pickTime": "2025-07-13 16:46:26"
    },
    {
        "replenish": true,
        "skus": [
            [
                "SKU-000334B",
                1
            ],
            [
                "SKU-000263B",
                1
            ],
            [
                "SKU-000338B",
                1
            ],
            [
                "SKU-000443A",
                1
            ]
        ],
        "pickTime": "2025-07-13 19:21:25"
    },
    {
        "replenish": true,
        "skus": [
            [
                "SKU-000413B",
                1
            ],
            [
                "SKU-000152A",
                1
            ],
            [
                "SKU-000123D",
                1
            ],
            [
                "SKU-000132D",
                1
            ],
            [
                "SKU-000127C",
                1
            ]
        ],
        "pickTime": "2025-07-13 20:45:46"
    },
    {
        "replenish": true,
        "skus": [
            [
                "SKU-000012A",
                1
            ],
            [
                "SKU-000463D",
                1
            ]
        ],
        "pickTime": "2025-07-13 21:37:15"
    },
    {
        "replenish": true,
        "skus": [
            [
                "SKU-000294D",
                1
            ],
            [
                "SKU-000302D",
                1
            ],
            [
                "SKU-000415C",
                1
            ],
            [
                "SKU-000173D",
                1
            ],
            [
                "SKU-000394B",
                1
            ],
            [
                "SKU-000006C",
                1
            ],
            [
                "SKU-000010C",
                1
            ],
            [
                "SKU-000450C",
                1
            ],
            [
                "SKU-000341D",
                1
            ]
        ],
        "pickTime": "2025-07-14 21:35:06"
    },
    {
        "replenish": true,
        "skus": [
            [
                "SKU-000342A",
                1
            ],
            [
                "SKU-000385D",
                1
            ]
        ],
        "pickTime": "2025-07-16 03:44:49"
    },
    {
        "replenish": true,
        "skus": [
            [
                "SKU-000281A",
                1
            ],
            [
                "SKU-000113C",
                1
            ],
            [
                "SKU-000271B",
                1
            ]
        ],
        "pickTime": "2025-07-16 07:40:28"
    },
    {
        "replenish": true,
        "skus": [
            [
                "SKU-000339C",
                1
            ]
        ],
        "pickTime": "2025-07-17 05:03:15"
    },
    {
        "replenish": true,
        "skus": [
            [
                "SKU-000016D",
                1
            ],
            [
                "SKU-000490C",
                1
            ],
            [
                "SKU-000067A",
                1
            ],
            [
                "SKU-000365B",
                1
            ],
            [
                "SKU-000471B",
                1
            ],
            [
                "SKU-000041C",
                1
            ],
            [
                "SKU-000365D",
                1
            ],
            [
                "SKU-000124C",
                1
            ],
            [
                "SKU-000198A",
                1
            ],
            [
                "SKU-000342B",
                1
            ],
            [
                "SKU-000291C",
                1
            ],
            [
                "SKU-000006B",
                1
            ],
            [
                "SKU-000263C",
                1
            ]
        ],
        "pickTime": "2025-07-17 06:08:20"
    },
    {
        "replenish": true,
        "skus": [
            [
                "SKU-000058A",
                1
            ],
            [
                "SKU-000015A",
                1
            ],
            [
                "SKU-000330C",
                1
            ],
            [
                "SKU-000246A",
                1
            ]
        ],
        "pickTime": "2025-07-17 14:21:30"
    },
    {
        "replenish": true,
        "skus": [
            [
                "SKU-000130B",
                1
            ],
            [
                "SKU-000421B",
                1
            ],
            [
                "SKU-000083B",
                1
            ],
            [
                "SKU-000083D",
                1
            ],
            [
                "SKU-000449D",
                1
            ],
            [
                "SKU-000479B",
                1
            ]
        ],
        "pickTime": "2025-07-17 16:10:16"
    },
    {
        "replenish": true,
        "skus": [
            [
                "SKU-000390D",
                1
            ],
            [
                "SKU-000229D",
                1
            ],
            [
                "SKU-000107B",
                1
            ],
            [
                "SKU-000028D",
                1
            ],
            [
                "SKU-000318A",
                1
            ],
            [
                "SKU-000229D",
                1
            ],
            [
                "SKU-000027B",
                1
            ],
            [
                "SKU-000387A",
                1
            ],
            [
                "SKU-000405A",
                1
            ],
            [
                "SKU-000359B",
                1
            ],
            [
                "SKU-000254C",
                1
            ],
            [
                "SKU-000470B",
                1
            ],
            [
                "SKU-000265B",
                1
            ]
        ],
        "pickTime": "2025-07-18 01:55:50"
    },
    {
        "replenish": true,
        "skus": [
            [
                "SKU-000125D",
                1
            ],
            [
                "SKU-000474D",
                1
            ],
            [
                "SKU-000443C",
                1
            ],
            [
                "SKU-000388D",
                1
            ],
            [
                "SKU-000323C",
                1
            ]
        ],
        "pickTime": "2025-07-18 03:19:54"
    },
    {
        "replenish": true,
        "skus": [
            [
                "SKU-000323C",
                1
            ],
            [
                "SKU-000140D",
                1
            ],
            [
                "SKU-000421B",
                1
            ],
            [
                "SKU-000437B",
                1
            ]
        ],
        "pickTime": "2025-07-18 03:48:07"
    },
    {
        "replenish": true,
        "skus": [
            [
                "SKU-000046B",
                1
            ],
            [
                "SKU-000323D",
                1
            ],
            [
                "SKU-000055C",
                1
            ],
            [
                "SKU-000474C",
                1
            ],
            [
                "SKU-000252A",
                1
            ],
            [
                "SKU-000312B",
                1
            ],
            [
                "SKU-000194A",
                1
            ],
            [
                "SKU-000424B",
                1
            ],
            [
                "SKU-000375B",
                1
            ],
            [
                "SKU-000282A",
                1
            ]
        ],
        "pickTime": "2025-07-18 07:52:08"
    },
    {
        "replenish": true,
        "skus": [
            [
                "SKU-000366D",
                1
            ],
            [
                "SKU-000342A",
                1
            ],
            [
                "SKU-000456D",
                1
            ],
            [
                "SKU-000073A",
                1
            ]
        ],
        "pickTime": "2025-07-18 10:21:39"
    },
    {
        "replenish": false,
        "skus": [
            [
                "SKU-000284D",
                1
            ],
            [
                "SKU-000347D",
                1
            ],
            [
                "SKU-000472C",
                1
            ],
            [
                "SKU-000010C",
                1
            ],
            [
                "SKU-000467C",
                1
            ],
            [
                "SKU-000342A",
                1
            ],
            [
                "SKU-000328D",
                1
            ],
            [
                "SKU-000017B",
                1
            ]
        ],
        "pickTime": "2025-07-18 14:44:15"
    },
    {
        "replenish": false,
        "skus": [
            [
                "SKU-000229D",
                1
            ],
            [
                "SKU-000027C",
                1
            ]
        ],
        "pickTime": "2025-07-18 17:55:47"
    },
    {
        "replenish": false,
        "skus": [
            [
                "SKU-000481B",
                1
            ],
            [
                "SKU-000359B",
                1
            ]
        ],
        "pickTime": "2025-07-19 03:56:11"
    },
    {
        "replenish": false,
        "skus": [
            [
                "SKU-000203D",
                1
            ]
        ],
        "pickTime": "2025-07-19 10:34:38"
    },
    {
        "replenish": false,
        "skus": [
            [
                "SKU-000379C",
                1
            ],
            [
                "SKU-000197A",
                1
            ]
        ],
        "pickTime": "2025-07-19 14:54:05"
    },
    {
        "replenish": false,
        "skus": [
            [
                "SKU-000023C",
                1
            ],
            [
                "SKU-000198A",
                1
            ],
            [
                "SKU-000348D",
                1
            ]
        ],
        "pickTime": "2025-07-19 18:22:17"
    },
    {
        "replenish": false,
        "skus": [
            [
                "SKU-000448D",
                1
            ],
            [
                "SKU-000195C",
                1
            ],
            [
                "SKU-000494A",
                1
            ]
        ],
        "pickTime": "2025-07-20 01:11:49"
    },
    {
        "replenish": false,
        "skus": [
            [
                "SKU-000267B",
                1
            ]
        ],
        "pickTime": "2025-07-20 04:45:54"
    },
    {
        "replenish": false,
        "skus": [
            [
                "SKU-000318C",
                1
            ]
        ],
        "pickTime": "2025-07-21 05:26:39"
    },
    {
        "replenish": false,
        "skus": [
            [
                "SKU-000153A",
                1
            ]
        ],
        "pickTime": "2025-07-21 07:37:32"
    },
    {
        "replenish": false,
        "skus": [
            [
                "SKU-000227A",
                1
            ],
            [
                "SKU-000080C",
                1
            ],
            [
                "SKU-000166C",
                1
            ],
            [
                "SKU-000472C",
                1
            ],
            [
                "SKU-000011A",
                1
            ],
            [
                "SKU-000414A",
                1
            ]
        ],
        "pickTime": "2025-07-21 18:18:21"
    },
    {
        "replenish": false,
        "skus": [
            [
                "SKU-000045B",
                1
            ]
        ],
        "pickTime": "2025-07-21 21:12:11"
    },
    {
        "replenish": false,
        "skus": [
            [
                "SKU-000386C",
                1
            ],
            [
                "SKU-000399D",
                1
            ],
            [
                "SKU-000365D",
                1
            ]
        ],
        "pickTime": "2025-07-22 03:31:33"
    },
    {
        "replenish": false,
        "skus": [
            [
                "SKU-000452C",
                1
            ],
            [
                "SKU-000073A",
                1
            ],
            [
                "SKU-000284D",
                1
            ],
            [
                "SKU-000204C",
                1
            ],
            [
                "SKU-000016B",
                1
            ],
            [
                "SKU-000486C",
                1
            ]
        ],
        "pickTime": "2025-07-22 11:13:29"
    },
    {
        "replenish": false,
        "skus": [
            [
                "SKU-000120D",
                1
            ],
            [
                "SKU-000418D",
                1
            ],
            [
                "SKU-000357C",
                1
            ],
            [
                "SKU-000426A",
                1
            ],
            [
                "SKU-000225A",
                1
            ]
        ],
        "pickTime": "2025-07-22 13:09:54"
    },
    {
        "replenish": false,
        "skus": [
            [
                "SKU-000168A",
                1
            ],
            [
                "SKU-000437A",
                1
            ]
        ],
        "pickTime": "2025-07-23 00:33:53"
    },
    {
        "replenish": false,
        "skus": [
            [
                "SKU-000066B",
                1
            ]
        ],
        "pickTime": "2025-07-23 20:47:23"
    },
    {
        "replenish": false,
        "skus": [
            [
                "SKU-000368B",
                1
            ]
        ],
        "pickTime": "2025-07-24 03:10:28"
    },
    {
        "replenish": false,
        "skus": [
            [
                "SKU-000308C",
                1
            ],
            [
                "SKU-000439A",
                1
            ]
        ],
        "pickTime": "2025-07-24 09:02:58"
    },
    {
        "replenish": false,
        "skus": [
            [
                "SKU-000419A",
                1
            ],
            [
                "SKU-000492B",
                1
            ],
            [
                "SKU-000436B",
                1
            ],
            [
                "SKU-000294B",
                1
            ]
        ],
        "pickTime": "2025-07-24 11:50:16"
    },
    {
        "replenish": false,
        "skus": [
            [
                "SKU-000258D",
                1
            ],
            [
                "SKU-000113C",
                1
            ]
        ],
        "pickTime": "2025-07-24 13:31:50"
    },
    {
        "replenish": false,
        "skus": [
            [
                "SKU-000052D",
                1
            ]
        ],
        "pickTime": "2025-07-25 16:13:08"
    },
    {
        "replenish": false,
        "skus": [
            [
                "SKU-000024A",
                1
            ],
            [
                "SKU-000291C",
                1
            ],
            [
                "SKU-000252D",
                1
            ],
            [
                "SKU-000444A",
                1
            ],
            [
                "SKU-000044B",
                1
            ],
            [
                "SKU-000326C",
                1
            ]
        ],
        "pickTime": "2025-07-25 19:37:54"
    },
    {
        "replenish": false,
        "skus": [
            [
                "SKU-000152A",
                1
            ]
        ],
        "pickTime": "2025-07-25 21:02:27"
    },
    {
        "replenish": false,
        "skus": [
            [
                "SKU-000054C",
                1
            ]
        ],
        "pickTime": "2025-07-25 22:47:54"
    },
    {
        "replenish": false,
        "skus": [
            [
                "SKU-000456D",
                1
            ],
            [
                "SKU-000302D",
                1
            ],
            [
                "SKU-000452A",
                1
            ],
            [
                "SKU-000007A",
                1
            ],
            [
                "SKU-000010C",
                1
            ]
        ],
        "pickTime": "2025-07-26 05:08:37"
    },
    {
        "replenish": false,
        "skus": [
            [
                "SKU-000065A",
                1
            ],
            [
                "SKU-000051D",
                1
            ],
            [
                "SKU-000467B",
                1
            ],
            [
                "SKU-000094A",
                1
            ]
        ],
        "pickTime": "2025-07-26 09:39:11"
    },
    {
        "replenish": false,
        "skus": [
            [
                "SKU-000083B",
                1
            ],
            [
                "SKU-000136B",
                1
            ],
            [
                "SKU-000028D",
                1
            ],
            [
                "SKU-000053D",
                1
            ],
            [
                "SKU-000300C",
                1
            ],
            [
                "SKU-000431A",
                1
            ],
            [
                "SKU-000488D",
                1
            ]
        ],
        "pickTime": "2025-07-26 20:37:20"
    },
    {
        "replenish": false,
        "skus": [
            [
                "SKU-000253C",
                1
            ],
            [
                "SKU-000302D",
                1
            ],
            [
                "SKU-000418B",
                1
            ],
            [
                "SKU-000139A",
                1
            ],
            [
                "SKU-000290C",
                1
            ],
            [
                "SKU-000221A",
                1
            ],
            [
                "SKU-000365B",
                1
            ]
        ],
        "pickTime": "2025-07-27 05:17:42"
    },
    {
        "replenish": false,
        "skus": [
            [
                "SKU-000221A",
                1
            ]
        ],
        "pickTime": "2025-07-27 12:56:14"
    },
    {
        "replenish": false,
        "skus": [
            [
                "SKU-000342B",
                1
            ],
            [
                "SKU-000475B",
                1
            ],
            [
                "SKU-000006B",
                1
            ],
            [
                "SKU-000008A",
                1
            ],
            [
                "SKU-000341C",
                1
            ]
        ],
        "pickTime": "2025-07-27 13:08:36"
    },
    {
        "replenish": false,
        "skus": [
            [
                "SKU-000343D",
                1
            ],
            [
                "SKU-000094A",
                1
            ],
            [
                "SKU-000365B",
                1
            ]
        ],
        "pickTime": "2025-07-27 13:17:33"
    },
    {
        "replenish": false,
        "skus": [
            [
                "SKU-000036D",
                1
            ],
            [
                "SKU-000163D",
                1
            ],
            [
                "SKU-000489B",
                1
            ],
            [
                "SKU-000302D",
                1
            ],
            [
                "SKU-000246D",
                1
            ],
            [
                "SKU-000057A",
                1
            ]
        ],
        "pickTime": "2025-07-27 21:02:14"
    },
    {
        "replenish": false,
        "skus": [
            [
                "SKU-000301D",
                1
            ],
            [
                "SKU-000326C",
                1
            ],
            [
                "SKU-000003B",
                1
            ],
            [
                "SKU-000083B",
                1
            ],
            [
                "SKU-000069B",
                1
            ]
        ],
        "pickTime": "2025-07-27 22:55:54"
    },
    {
        "replenish": false,
        "skus": [
            [
                "SKU-000490C",
                1
            ],
            [
                "SKU-000246D",
                1
            ],
            [
                "SKU-000263B",
                1
            ]
        ],
        "pickTime": "2025-07-28 01:52:22"
    },
    {
        "replenish": false,
        "skus": [
            [
                "SKU-000181A",
                1
            ]
        ],
        "pickTime": "2025-07-28 02:10:02"
    },
    {
        "replenish": false,
        "skus": [
            [
                "SKU-000155B",
                1
            ],
            [
                "SKU-000337B",
                1
            ],
            [
                "SKU-000089A",
                1
            ],
            [
                "SKU-000161A",
                1
            ]
        ],
        "pickTime": "2025-07-28 05:32:56"
    },
    {
        "replenish": false,
        "skus": [
            [
                "SKU-000161D",
                1
            ]
        ],
        "pickTime": "2025-07-28 07:38:14"
    },
    {
        "replenish": false,
        "skus": [
            [
                "SKU-000261C",
                1
            ]
        ],
        "pickTime": "2025-07-28 10:43:11"
    },
    {
        "replenish": false,
        "skus": [
            [
                "SKU-000144B",
                1
            ],
            [
                "SKU-000016C",
                1
            ],
            [
                "SKU-000387B",
                1
            ]
        ],
        "pickTime": "2025-07-28 13:15:53"
    },
    {
        "replenish": false,
        "skus": [
            [
                "SKU-000252D",
                1
            ],
            [
                "SKU-000163D",
                1
            ],
            [
                "SKU-000305C",
                1
            ],
            [
                "SKU-000087D",
                1
            ],
            [
                "SKU-000045B",
                1
            ],
            [
                "SKU-000320B",
                1
            ],
            [
                "SKU-000374B",
                1
            ]
        ],
        "pickTime": "2025-07-28 17:01:09"
    },
    {
        "replenish": false,
        "skus": [
            [
                "SKU-000233B",
                1
            ],
            [
                "SKU-000226D",
                1
            ]
        ],
        "pickTime": "2025-07-28 22:02:37"
    },
    {
        "replenish": false,
        "skus": [
            [
                "SKU-000247C",
                1
            ]
        ],
        "pickTime": "2025-07-29 01:49:44"
    },
    {
        "replenish": false,
        "skus": [
            [
                "SKU-000019B",
                1
            ]
        ],
        "pickTime": "2025-07-30 04:11:14"
    },
    {
        "replenish": false,
        "skus": [
            [
                "SKU-000061C",
                1
            ]
        ],
        "pickTime": "2025-07-30 07:09:06"
    },
    {
        "replenish": false,
        "skus": [
            [
                "SKU-000101A",
                1
            ],
            [
                "SKU-000121D",
                1
            ],
            [
                "SKU-000333A",
                1
            ],
            [
                "SKU-000074C",
                1
            ],
            [
                "SKU-000225C",
                1
            ]
        ],
        "pickTime": "2025-07-30 08:28:27"
    },
    {
        "replenish": false,
        "skus": [
            [
                "SKU-000113C",
                1
            ]
        ],
        "pickTime": "2025-07-30 10:26:34"
    },
    {
        "replenish": false,
        "skus": [
            [
                "SKU-000254C",
                1
            ],
            [
                "SKU-000045A",
                1
            ],
            [
                "SKU-000491B",
                1
            ]
        ],
        "pickTime": "2025-07-30 12:07:38"
    },
    {
        "replenish": false,
        "skus": [
            [
                "SKU-000380A",
                1
            ],
            [
                "SKU-000015A",
                1
            ],
            [
                "SKU-000419A",
                1
            ]
        ],
        "pickTime": "2025-07-30 13:06:37"
    },
    {
        "replenish": false,
        "skus": [
            [
                "SKU-000385D",
                1
            ],
            [
                "SKU-000336B",
                1
            ],
            [
                "SKU-000431A",
                1
            ]
        ],
        "pickTime": "2025-07-30 21:10:51"
    }
]