[
    {
        "replenish": true,
        "skus": [
            [
                "SKU-000463B",
                1
            ],
            [
                "SKU-000481D",
                1
            ],
            [
                "SKU-000036A",
                1
            ],
            [
                "SKU-000287D",
                1
            ]
        ],
        "pickTime": "2025-07-01 06:17:15"
    },
    {
        "replenish": true,
        "skus": [
            [
                "SKU-000147B",
                1
            ],
            [
                "SKU-000462D",
                1
            ],
            [
                "SKU-000202C",
                1
            ],
            [
                "SKU-000040B",
                1
            ],
            [
                "SKU-000215B",
                1
            ],
            [
                "SKU-000456C",
                1
            ]
        ],
        "pickTime": "2025-07-01 07:51:06"
    },
    {
        "replenish": true,
        "skus": [
            [
                "SKU-000001A",
                1
            ],
            [
                "SKU-000001A",
                1
            ],
            [
                "SKU-000439D",
                1
            ],
            [
                "SKU-000025D",
                1
            ],
            [
                "SKU-000167C",
                1
            ],
            [
                "SKU-000175C",
                1
            ]
        ],
        "pickTime": "2025-07-01 10:15:33"
    },
    {
        "replenish": true,
        "skus": [
            [
                "SKU-000110D",
                1
            ],
            [
                "SKU-000172D",
                1
            ]
        ],
        "pickTime": "2025-07-01 10:49:24"
    },
    {
        "replenish": true,
        "skus": [
            [
                "SKU-000312C",
                1
            ],
            [
                "SKU-000184C",
                1
            ],
            [
                "SKU-000421B",
                1
            ],
            [
                "SKU-000283B",
                1
            ],
            [
                "SKU-000466C",
                1
            ],
            [
                "SKU-000029B",
                1
            ],
            [
                "SKU-000500C",
                1
            ],
            [
                "SKU-000450A",
                1
            ],
            [
                "SKU-000398B",
                1
            ],
            [
                "SKU-000021D",
                1
            ],
            [
                "SKU-000406A",
                1
            ]
        ],
        "pickTime": "2025-07-01 16:59:48"
    },
    {
        "replenish": true,
        "skus": [
            [
                "SKU-000396D",
                1
            ],
            [
                "SKU-000482B",
                1
            ]
        ],
        "pickTime": "2025-07-02 09:54:02"
    },
    {
        "replenish": true,
        "skus": [
            [
                "SKU-000250C",
                1
            ],
            [
                "SKU-000082A",
                1
            ],
            [
                "SKU-000167B",
                1
            ],
            [
                "SKU-000259A",
                1
            ],
            [
                "SKU-000325B",
                1
            ],
            [
                "SKU-000366C",
                1
            ]
        ],
        "pickTime": "2025-07-02 16:46:54"
    },
    {
        "replenish": true,
        "skus": [
            [
                "SKU-000045A",
                1
            ],
            [
                "SKU-000365B",
                1
            ],
            [
                "SKU-000137C",
                1
            ],
            [
                "SKU-000213D",
                1
            ],
            [
                "SKU-000299C",
                1
            ],
            [
                "SKU-000353A",
                1
            ],
            [
                "SKU-000321D",
                1
            ],
            [
                "SKU-000235C",
                1
            ],
            [
                "SKU-000017A",
                1
            ],
            [
                "SKU-000463A",
                1
            ],
            [
                "SKU-000376D",
                1
            ],
            [
                "SKU-000360B",
                1
            ],
            [
                "SKU-000411B",
                1
            ],
            [
                "SKU-000268B",
                1
            ],
            [
                "SKU-000423B",
                1
            ],
            [
                "SKU-000337B",
                1
            ],
            [
                "SKU-000066B",
                1
            ],
            [
                "SKU-000096D",
                1
            ],
            [
                "SKU-000056C",
                1
            ]
        ],
        "pickTime": "2025-07-02 20:04:45"
    },
    {
        "replenish": true,
        "skus": [
            [
                "SKU-000166B",
                1
            ],
            [
                "SKU-000253A",
                1
            ],
            [
                "SKU-000471B",
                1
            ],
            [
                "SKU-000137C",
                1
            ]
        ],
        "pickTime": "2025-07-03 02:37:00"
    },
    {
        "replenish": true,
        "skus": [
            [
                "SKU-000128A",
                1
            ],
            [
                "SKU-000419B",
                1
            ],
            [
                "SKU-000257B",
                1
            ],
            [
                "SKU-000059D",
                1
            ],
            [
                "SKU-000332A",
                1
            ]
        ],
        "pickTime": "2025-07-03 02:49:28"
    },
    {
        "replenish": true,
        "skus": [
            [
                "SKU-000110A",
                1
            ],
            [
                "SKU-000036B",
                1
            ],
            [
                "SKU-000176C",
                1
            ],
            [
                "SKU-000229A",
                1
            ],
            [
                "SKU-000335D",
                1
            ],
            [
                "SKU-000058C",
                1
            ],
            [
                "SKU-000386B",
                1
            ],
            [
                "SKU-000352B",
                1
            ],
            [
                "SKU-000262B",
                1
            ],
            [
                "SKU-000434D",
                1
            ],
            [
                "SKU-000316B",
                1
            ],
            [
                "SKU-000249B",
                1
            ],
            [
                "SKU-000140A",
                1
            ],
            [
                "SKU-000472D",
                1
            ],
            [
                "SKU-000188B",
                1
            ],
            [
                "SKU-000253D",
                1
            ],
            [
                "SKU-000107A",
                1
            ],
            [
                "SKU-000323A",
                1
            ],
            [
                "SKU-000281B",
                1
            ],
            [
                "SKU-000450B",
                1
            ],
            [
                "SKU-000133B",
                1
            ],
            [
                "SKU-000245D",
                1
            ],
            [
                "SKU-000181A",
                1
            ],
            [
                "SKU-000462A",
                1
            ],
            [
                "SKU-000135A",
                1
            ],
            [
                "SKU-000365B",
                1
            ]
        ],
        "pickTime": "2025-07-03 07:54:09"
    },
    {
        "replenish": true,
        "skus": [
            [
                "SKU-000462D",
                1
            ]
        ],
        "pickTime": "2025-07-03 09:19:39"
    },
    {
        "replenish": true,
        "skus": [
            [
                "SKU-000104D",
                1
            ],
            [
                "SKU-000260C",
                1
            ],
            [
                "SKU-000316B",
                1
            ],
            [
                "SKU-000009D",
                1
            ],
            [
                "SKU-000042D",
                1
            ],
            [
                "SKU-000159C",
                1
            ],
            [
                "SKU-000254A",
                1
            ],
            [
                "SKU-000100B",
                1
            ],
            [
                "SKU-000204B",
                1
            ],
            [
                "SKU-000206D",
                1
            ],
            [
                "SKU-000181C",
                1
            ]
        ],
        "pickTime": "2025-07-03 21:03:26"
    },
    {
        "replenish": true,
        "skus": [
            [
                "SKU-000313D",
                1
            ],
            [
                "SKU-000220A",
                1
            ],
            [
                "SKU-000443C",
                1
            ]
        ],
        "pickTime": "2025-07-04 01:28:13"
    },
    {
        "replenish": true,
        "skus": [
            [
                "SKU-000232B",
                1
            ],
            [
                "SKU-000461D",
                1
            ],
            [
                "SKU-000445B",
                1
            ],
            [
                "SKU-000421B",
                1
            ],
            [
                "SKU-000477D",
                1
            ],
            [
                "SKU-000246D",
                1
            ],
            [
                "SKU-000253C",
                1
            ],
            [
                "SKU-000067B",
                1
            ],
            [
                "SKU-000500D",
                1
            ],
            [
                "SKU-000471D",
                1
            ],
            [
                "SKU-000447A",
                1
            ],
            [
                "SKU-000496B",
                1
            ],
            [
                "SKU-000089A",
                1
            ],
            [
                "SKU-000316C",
                1
            ],
            [
                "SKU-000311C",
                1
            ],
            [
                "SKU-000041C",
                1
            ],
            [
                "SKU-000161A",
                1
            ],
            [
                "SKU-000241D",
                1
            ],
            [
                "SKU-000365A",
                1
            ],
            [
                "SKU-000288D",
                1
            ],
            [
                "SKU-000003C",
                1
            ]
        ],
        "pickTime": "2025-07-04 09:38:00"
    },
    {
        "replenish": true,
        "skus": [
            [
                "SKU-000386B",
                1
            ],
            [
                "SKU-000217C",
                1
            ]
        ],
        "pickTime": "2025-07-04 13:41:45"
    },
    {
        "replenish": true,
        "skus": [
            [
                "SKU-000164D",
                1
            ],
            [
                "SKU-000003D",
                1
            ]
        ],
        "pickTime": "2025-07-04 14:43:17"
    },
    {
        "replenish": true,
        "skus": [
            [
                "SKU-000107B",
                1
            ]
        ],
        "pickTime": "2025-07-05 14:14:56"
    },
    {
        "replenish": true,
        "skus": [
            [
                "SKU-000232A",
                1
            ],
            [
                "SKU-000188B",
                1
            ],
            [
                "SKU-000323A",
                1
            ]
        ],
        "pickTime": "2025-07-05 15:37:48"
    },
    {
        "replenish": true,
        "skus": [
            [
                "SKU-000349A",
                1
            ],
            [
                "SKU-000248C",
                1
            ],
            [
                "SKU-000450B",
                1
            ]
        ],
        "pickTime": "2025-07-05 20:43:05"
    },
    {
        "replenish": true,
        "skus": [
            [
                "SKU-000488A",
                1
            ],
            [
                "SKU-000419A",
                1
            ],
            [
                "SKU-000150C",
                1
            ],
            [
                "SKU-000188C",
                1
            ],
            [
                "SKU-000078A",
                1
            ],
            [
                "SKU-000233C",
                1
            ],
            [
                "SKU-000218C",
                1
            ],
            [
                "SKU-000148A",
                1
            ],
            [
                "SKU-000359A",
                1
            ],
            [
                "SKU-000034A",
                1
            ],
            [
                "SKU-000063A",
                1
            ],
            [
                "SKU-000401D",
                1
            ],
            [
                "SKU-000298D",
                1
            ],
            [
                "SKU-000384B",
                1
            ],
            [
                "SKU-000026A",
                1
            ],
            [
                "SKU-000099D",
                1
            ],
            [
                "SKU-000396A",
                1
            ],
            [
                "SKU-000082B",
                1
            ],
            [
                "SKU-000143D",
                1
            ],
            [
                "SKU-000072C",
                1
            ],
            [
                "SKU-000234B",
                1
            ],
            [
                "SKU-000495B",
                1
            ],
            [
                "SKU-000018B",
                1
            ],
            [
                "SKU-000468B",
                1
            ],
            [
                "SKU-000137A",
                1
            ],
            [
                "SKU-000096D",
                1
            ],
            [
                "SKU-000472A",
                1
            ],
            [
                "SKU-000316D",
                1
            ],
            [
                "SKU-000384D",
                1
            ],
            [
                "SKU-000445A",
                1
            ],
            [
                "SKU-000344C",
                1
            ],
            [
                "SKU-000144B",
                1
            ],
            [
                "SKU-000155C",
                1
            ],
            [
                "SKU-000072C",
                1
            ],
            [
                "SKU-000044B",
                1
            ],
            [
                "SKU-000386B",
                1
            ],
            [
                "SKU-000186C",
                1
            ],
            [
                "SKU-000342D",
                1
            ],
            [
                "SKU-000072C",
                1
            ],
            [
                "SKU-000451B",
                1
            ]
        ],
        "pickTime": "2025-07-06 05:29:57"
    },
    {
        "replenish": true,
        "skus": [
            [
                "SKU-000081B",
                1
            ],
            [
                "SKU-000210A",
                1
            ],
            [
                "SKU-000326C",
                1
            ],
            [
                "SKU-000085D",
                1
            ],
            [
                "SKU-000028B",
                1
            ],
            [
                "SKU-000091B",
                1
            ],
            [
                "SKU-000222C",
                1
            ],
            [
                "SKU-000065D",
                1
            ],
            [
                "SKU-000162D",
                1
            ],
            [
                "SKU-000175D",
                1
            ]
        ],
        "pickTime": "2025-07-06 09:55:45"
    },
    {
        "replenish": true,
        "skus": [
            [
                "SKU-000105A",
                1
            ],
            [
                "SKU-000419D",
                1
            ],
            [
                "SKU-000370B",
                1
            ],
            [
                "SKU-000442B",
                1
            ],
            [
                "SKU-000029B",
                1
            ]
        ],
        "pickTime": "2025-07-06 10:30:03"
    },
    {
        "replenish": true,
        "skus": [
            [
                "SKU-000316C",
                1
            ],
            [
                "SKU-000443B",
                1
            ],
            [
                "SKU-000455C",
                1
            ],
            [
                "SKU-000011C",
                1
            ],
            [
                "SKU-000310C",
                1
            ],
            [
                "SKU-000316C",
                1
            ],
            [
                "SKU-000393D",
                1
            ],
            [
                "SKU-000460A",
                1
            ],
            [
                "SKU-000481C",
                1
            ]
        ],
        "pickTime": "2025-07-06 10:53:11"
    },
    {
        "replenish": true,
        "skus": [
            [
                "SKU-000346A",
                1
            ],
            [
                "SKU-000157B",
                1
            ],
            [
                "SKU-000117A",
                1
            ],
            [
                "SKU-000232D",
                1
            ],
            [
                "SKU-000069A",
                1
            ],
            [
                "SKU-000154C",
                1
            ]
        ],
        "pickTime": "2025-07-06 15:54:27"
    },
    {
        "replenish": true,
        "skus": [
            [
                "SKU-000483A",
                1
            ],
            [
                "SKU-000268B",
                1
            ],
            [
                "SKU-000039D",
                1
            ],
            [
                "SKU-000437C",
                1
            ],
            [
                "SKU-000472D",
                1
            ],
            [
                "SKU-000145D",
                1
            ],
            [
                "SKU-000228D",
                1
            ],
            [
                "SKU-000065D",
                1
            ],
            [
                "SKU-000157B",
                1
            ],
            [
                "SKU-000224B",
                1
            ],
            [
                "SKU-000369C",
                1
            ],
            [
                "SKU-000338B",
                1
            ]
        ],
        "pickTime": "2025-07-06 15:54:48"
    },
    {
        "replenish": true,
        "skus": [
            [
                "SKU-000412A",
                1
            ],
            [
                "SKU-000094C",
                1
            ],
            [
                "SKU-000455A",
                1
            ],
            [
                "SKU-000212D",
                1
            ],
            [
                "SKU-000249B",
                1
            ],
            [
                "SKU-000323A",
                1
            ],
            [
                "SKU-000379A",
                1
            ]
        ],
        "pickTime": "2025-07-06 22:42:38"
    },
    {
        "replenish": true,
        "skus": [
            [
                "SKU-000344B",
                1
            ],
            [
                "SKU-000199D",
                1
            ],
            [
                "SKU-000334B",
                1
            ]
        ],
        "pickTime": "2025-07-07 07:30:38"
    },
    {
        "replenish": true,
        "skus": [
            [
                "SKU-000266D",
                1
            ],
            [
                "SKU-000316A",
                1
            ],
            [
                "SKU-000352B",
                1
            ],
            [
                "SKU-000044C",
                1
            ]
        ],
        "pickTime": "2025-07-07 22:14:13"
    },
    {
        "replenish": true,
        "skus": [
            [
                "SKU-000369C",
                1
            ],
            [
                "SKU-000356D",
                1
            ],
            [
                "SKU-000207D",
                1
            ],
            [
                "SKU-000035A",
                1
            ],
            [
                "SKU-000110D",
                1
            ],
            [
                "SKU-000264B",
                1
            ],
            [
                "SKU-000451D",
                1
            ],
            [
                "SKU-000003C",
                1
            ],
            [
                "SKU-000264D",
                1
            ],
            [
                "SKU-000151D",
                1
            ],
            [
                "SKU-000001A",
                1
            ],
            [
                "SKU-000236C",
                1
            ],
            [
                "SKU-000359A",
                1
            ],
            [
                "SKU-000033C",
                1
            ],
            [
                "SKU-000493B",
                1
            ]
        ],
        "pickTime": "2025-07-08 07:26:47"
    },
    {
        "replenish": true,
        "skus": [
            [
                "SKU-000278B",
                1
            ],
            [
                "SKU-000137C",
                1
            ],
            [
                "SKU-000365D",
                1
            ],
            [
                "SKU-000079C",
                1
            ],
            [
                "SKU-000405B",
                1
            ],
            [
                "SKU-000278B",
                1
            ],
            [
                "SKU-000233C",
                1
            ],
            [
                "SKU-000153A",
                1
            ],
            [
                "SKU-000239C",
                1
            ],
            [
                "SKU-000199D",
                1
            ],
            [
                "SKU-000068B",
                1
            ],
            [
                "SKU-000321D",
                1
            ],
            [
                "SKU-000401D",
                1
            ],
            [
                "SKU-000289C",
                1
            ],
            [
                "SKU-000370B",
                1
            ],
            [
                "SKU-000081A",
                1
            ],
            [
                "SKU-000384A",
                1
            ],
            [
                "SKU-000129B",
                1
            ],
            [
                "SKU-000388D",
                1
            ],
            [
                "SKU-000188A",
                1
            ],
            [
                "SKU-000044C",
                1
            ],
            [
                "SKU-000224C",
                1
            ],
            [
                "SKU-000111D",
                1
            ],
            [
                "SKU-000281B",
                1
            ],
            [
                "SKU-000156A",
                1
            ],
            [
                "SKU-000154D",
                1
            ],
            [
                "SKU-000342A",
                1
            ],
            [
                "SKU-000122B",
                1
            ],
            [
                "SKU-000475D",
                1
            ],
            [
                "SKU-000232C",
                1
            ]
        ],
        "pickTime": "2025-07-08 14:33:26"
    },
    {
        "replenish": true,
        "skus": [
            [
                "SKU-000482B",
                1
            ],
            [
                "SKU-000289D",
                1
            ],
            [
                "SKU-000414D",
                1
            ],
            [
                "SKU-000169D",
                1
            ],
            [
                "SKU-000027A",
                1
            ],
            [
                "SKU-000019C",
                1
            ],
            [
                "SKU-000431B",
                1
            ],
            [
                "SKU-000390A",
                1
            ],
            [
                "SKU-000148C",
                1
            ],
            [
                "SKU-000105D",
                1
            ],
            [
                "SKU-000439A",
                1
            ],
            [
                "SKU-000154D",
                1
            ],
            [
                "SKU-000310D",
                1
            ],
            [
                "SKU-000221D",
                1
            ],
            [
                "SKU-000445B",
                1
            ]
        ],
        "pickTime": "2025-07-08 15:13:55"
    },
    {
        "replenish": true,
        "skus": [
            [
                "SKU-000145D",
                1
            ],
            [
                "SKU-000262A",
                1
            ],
            [
                "SKU-000051D",
                1
            ],
            [
                "SKU-000007B",
                1
            ],
            [
                "SKU-000133B",
                1
            ],
            [
                "SKU-000444B",
                1
            ],
            [
                "SKU-000343A",
                1
            ],
            [
                "SKU-000095A",
                1
            ],
            [
                "SKU-000127A",
                1
            ],
            [
                "SKU-000411A",
                1
            ],
            [
                "SKU-000414A",
                1
            ],
            [
                "SKU-000399C",
                1
            ],
            [
                "SKU-000255A",
                1
            ],
            [
                "SKU-000316D",
                1
            ],
            [
                "SKU-000167C",
                1
            ],
            [
                "SKU-000066B",
                1
            ],
            [
                "SKU-000450B",
                1
            ],
            [
                "SKU-000409A",
                1
            ],
            [
                "SKU-000207D",
                1
            ],
            [
                "SKU-000110A",
                1
            ],
            [
                "SKU-000204C",
                1
            ]
        ],
        "pickTime": "2025-07-08 17:18:17"
    },
    {
        "replenish": true,
        "skus": [
            [
                "SKU-000451B",
                1
            ],
            [
                "SKU-000364C",
                1
            ]
        ],
        "pickTime": "2025-07-09 13:49:49"
    },
    {
        "replenish": true,
        "skus": [
            [
                "SKU-000152D",
                1
            ],
            [
                "SKU-000163D",
                1
            ],
            [
                "SKU-000440B",
                1
            ],
            [
                "SKU-000445B",
                1
            ],
            [
                "SKU-000423B",
                1
            ],
            [
                "SKU-000265A",
                1
            ],
            [
                "SKU-000241A",
                1
            ],
            [
                "SKU-000410B",
                1
            ]
        ],
        "pickTime": "2025-07-09 15:50:46"
    },
    {
        "replenish": true,
        "skus": [
            [
                "SKU-000236C",
                1
            ],
            [
                "SKU-000451D",
                1
            ],
            [
                "SKU-000412A",
                1
            ]
        ],
        "pickTime": "2025-07-09 17:03:46"
    },
    {
        "replenish": true,
        "skus": [
            [
                "SKU-000110D",
                1
            ],
            [
                "SKU-000347C",
                1
            ],
            [
                "SKU-000259A",
                1
            ],
            [
                "SKU-000085D",
                1
            ],
            [
                "SKU-000018A",
                1
            ],
            [
                "SKU-000003A",
                1
            ],
            [
                "SKU-000110D",
                1
            ],
            [
                "SKU-000117A",
                1
            ]
        ],
        "pickTime": "2025-07-10 03:43:37"
    },
    {
        "replenish": true,
        "skus": [
            [
                "SKU-000096A",
                1
            ],
            [
                "SKU-000070A",
                1
            ],
            [
                "SKU-000106C",
                1
            ],
            [
                "SKU-000322C",
                1
            ],
            [
                "SKU-000494D",
                1
            ],
            [
                "SKU-000410B",
                1
            ],
            [
                "SKU-000434B",
                1
            ],
            [
                "SKU-000311C",
                1
            ],
            [
                "SKU-000168B",
                1
            ],
            [
                "SKU-000061D",
                1
            ],
            [
                "SKU-000031A",
                1
            ],
            [
                "SKU-000249A",
                1
            ],
            [
                "SKU-000226D",
                1
            ],
            [
                "SKU-000232A",
                1
            ]
        ],
        "pickTime": "2025-07-10 06:02:33"
    },
    {
        "replenish": true,
        "skus": [
            [
                "SKU-000239C",
                1
            ],
            [
                "SKU-000360A",
                1
            ],
            [
                "SKU-000356A",
                1
            ],
            [
                "SKU-000481D",
                1
            ],
            [
                "SKU-000140C",
                1
            ],
            [
                "SKU-000209C",
                1
            ],
            [
                "SKU-000216A",
                1
            ],
            [
                "SKU-000146C",
                1
            ]
        ],
        "pickTime": "2025-07-10 15:54:23"
    },
    {
        "replenish": true,
        "skus": [
            [
                "SKU-000443A",
                1
            ],
            [
                "SKU-000273A",
                1
            ],
            [
                "SKU-000466C",
                1
            ],
            [
                "SKU-000488A",
                1
            ],
            [
                "SKU-000160C",
                1
            ]
        ],
        "pickTime": "2025-07-11 19:59:04"
    },
    {
        "replenish": true,
        "skus": [
            [
                "SKU-000373C",
                1
            ],
            [
                "SKU-000122C",
                1
            ],
            [
                "SKU-000157B",
                1
            ],
            [
                "SKU-000110A",
                1
            ],
            [
                "SKU-000039B",
                1
            ],
            [
                "SKU-000112A",
                1
            ],
            [
                "SKU-000453D",
                1
            ],
            [
                "SKU-000313B",
                1
            ],
            [
                "SKU-000388D",
                1
            ],
            [
                "SKU-000498C",
                1
            ],
            [
                "SKU-000340A",
                1
            ],
            [
                "SKU-000384B",
                1
            ]
        ],
        "pickTime": "2025-07-11 20:44:24"
    },
    {
        "replenish": true,
        "skus": [
            [
                "SKU-000051D",
                1
            ],
            [
                "SKU-000496B",
                1
            ],
            [
                "SKU-000466C",
                1
            ],
            [
                "SKU-000226D",
                1
            ]
        ],
        "pickTime": "2025-07-11 21:46:43"
    },
    {
        "replenish": true,
        "skus": [
            [
                "SKU-000283A",
                1
            ],
            [
                "SKU-000384D",
                1
            ],
            [
                "SKU-000456A",
                1
            ],
            [
                "SKU-000208B",
                1
            ]
        ],
        "pickTime": "2025-07-11 22:19:47"
    },
    {
        "replenish": true,
        "skus": [
            [
                "SKU-000403A",
                1
            ],
            [
                "SKU-000095C",
                1
            ],
            [
                "SKU-000171A",
                1
            ],
            [
                "SKU-000480C",
                1
            ],
            [
                "SKU-000452C",
                1
            ],
            [
                "SKU-000257D",
                1
            ],
            [
                "SKU-000497D",
                1
            ]
        ],
        "pickTime": "2025-07-12 07:46:09"
    },
    {
        "replenish": true,
        "skus": [
            [
                "SKU-000443A",
                1
            ],
            [
                "SKU-000301C",
                1
            ],
            [
                "SKU-000117A",
                1
            ],
            [
                "SKU-000197A",
                1
            ],
            [
                "SKU-000005A",
                1
            ],
            [
                "SKU-000005B",
                1
            ],
            [
                "SKU-000331C",
                1
            ],
            [
                "SKU-000218D",
                1
            ],
            [
                "SKU-000201C",
                1
            ],
            [
                "SKU-000496D",
                1
            ],
            [
                "SKU-000181A",
                1
            ],
            [
                "SKU-000387A",
                1
            ],
            [
                "SKU-000041A",
                1
            ],
            [
                "SKU-000248A",
                1
            ],
            [
                "SKU-000229B",
                1
            ],
            [
                "SKU-000353A",
                1
            ],
            [
                "SKU-000110A",
                1
            ],
            [
                "SKU-000215C",
                1
            ],
            [
                "SKU-000299B",
                1
            ],
            [
                "SKU-000277C",
                1
            ]
        ],
        "pickTime": "2025-07-13 00:53:59"
    },
    {
        "replenish": true,
        "skus": [
            [
                "SKU-000288D",
                1
            ],
            [
                "SKU-000323A",
                1
            ],
            [
                "SKU-000069A",
                1
            ]
        ],
        "pickTime": "2025-07-13 12:59:45"
    },
    {
        "replenish": true,
        "skus": [
            [
                "SKU-000405B",
                1
            ],
            [
                "SKU-000255D",
                1
            ]
        ],
        "pickTime": "2025-07-14 02:34:28"
    },
    {
        "replenish": true,
        "skus": [
            [
                "SKU-000224C",
                1
            ]
        ],
        "pickTime": "2025-07-14 04:57:36"
    },
    {
        "replenish": true,
        "skus": [
            [
                "SKU-000203B",
                1
            ],
            [
                "SKU-000054C",
                1
            ],
            [
                "SKU-000485B",
                1
            ],
            [
                "SKU-000181A",
                1
            ],
            [
                "SKU-000268B",
                1
            ],
            [
                "SKU-000380A",
                1
            ],
            [
                "SKU-000241D",
                1
            ],
            [
                "SKU-000031A",
                1
            ],
            [
                "SKU-000386B",
                1
            ],
            [
                "SKU-000342C",
                1
            ],
            [
                "SKU-000166B",
                1
            ],
            [
                "SKU-000147C",
                1
            ]
        ],
        "pickTime": "2025-07-14 07:07:51"
    },
    {
        "replenish": true,
        "skus": [
            [
                "SKU-000188C",
                1
            ],
            [
                "SKU-000270B",
                1
            ],
            [
                "SKU-000254D",
                1
            ],
            [
                "SKU-000469C",
                1
            ],
            [
                "SKU-000088B",
                1
            ],
            [
                "SKU-000091C",
                1
            ],
            [
                "SKU-000291D",
                1
            ]
        ],
        "pickTime": "2025-07-14 11:51:28"
    },
    {
        "replenish": false,
        "skus": [
            [
                "SKU-000359A",
                1
            ],
            [
                "SKU-000374A",
                1
            ]
        ],
        "pickTime": "2025-07-14 16:14:54"
    },
    {
        "replenish": false,
        "skus": [
            [
                "SKU-000016A",
                1
            ]
        ],
        "pickTime": "2025-07-14 17:24:13"
    },
    {
        "replenish": false,
        "skus": [
            [
                "SKU-000229B",
                1
            ],
            [
                "SKU-000249B",
                1
            ],
            [
                "SKU-000231D",
                1
            ],
            [
                "SKU-000309C",
                1
            ],
            [
                "SKU-000236A",
                1
            ],
            [
                "SKU-000456C",
                1
            ]
        ],
        "pickTime": "2025-07-15 01:22:16"
    },
    {
        "replenish": false,
        "skus": [
            [
                "SKU-000488A",
                1
            ],
            [
                "SKU-000152D",
                1
            ]
        ],
        "pickTime": "2025-07-15 01:31:59"
    },
    {
        "replenish": false,
        "skus": [
            [
                "SKU-000072D",
                1
            ],
            [
                "SKU-000361B",
                1
            ],
            [
                "SKU-000447A",
                1
            ]
        ],
        "pickTime": "2025-07-15 06:11:00"
    },
    {
        "replenish": false,
        "skus": [
            [
                "SKU-000418B",
                1
            ],
            [
                "SKU-000179C",
                1
            ],
            [
                "SKU-000172C",
                1
            ]
        ],
        "pickTime": "2025-07-15 17:00:00"
    },
    {
        "replenish": false,
        "skus": [
            [
                "SKU-000041C",
                1
            ],
            [
                "SKU-000474B",
                1
            ]
        ],
        "pickTime": "2025-07-16 07:30:02"
    },
    {
        "replenish": false,
        "skus": [
            [
                "SKU-000288D",
                1
            ],
            [
                "SKU-000140A",
                1
            ]
        ],
        "pickTime": "2025-07-16 19:57:25"
    },
    {
        "replenish": false,
        "skus": [
            [
                "SKU-000130D",
                1
            ],
            [
                "SKU-000045A",
                1
            ]
        ],
        "pickTime": "2025-07-16 22:54:29"
    },
    {
        "replenish": false,
        "skus": [
            [
                "SKU-000099A",
                1
            ],
            [
                "SKU-000316D",
                1
            ]
        ],
        "pickTime": "2025-07-17 10:45:17"
    },
    {
        "replenish": false,
        "skus": [
            [
                "SKU-000131D",
                1
            ],
            [
                "SKU-000179A",
                1
            ]
        ],
        "pickTime": "2025-07-17 12:16:50"
    },
    {
        "replenish": false,
        "skus": [
            [
                "SKU-000287D",
                1
            ],
            [
                "SKU-000114A",
                1
            ],
            [
                "SKU-000076A",
                1
            ],
            [
                "SKU-000005B",
                1
            ],
            [
                "SKU-000110D",
                1
            ],
            [
                "SKU-000199C",
                1
            ]
        ],
        "pickTime": "2025-07-17 17:25:51"
    },
    {
        "replenish": false,
        "skus": [
            [
                "SKU-000310D",
                1
            ],
            [
                "SKU-000476B",
                1
            ],
            [
                "SKU-000463B",
                1
            ],
            [
                "SKU-000088B",
                1
            ],
            [
                "SKU-000451D",
                1
            ],
            [
                "SKU-000059D",
                1
            ]
        ],
        "pickTime": "2025-07-17 19:00:40"
    },
    {
        "replenish": false,
        "skus": [
            [
                "SKU-000241D",
                1
            ],
            [
                "SKU-000359A",
                1
            ],
            [
                "SKU-000210A",
                1
            ],
            [
                "SKU-000277D",
                1
            ],
            [
                "SKU-000029B",
                1
            ],
            [
                "SKU-000375D",
                1
            ],
            [
                "SKU-000206A",
                1
            ],
            [
                "SKU-000249B",
                1
            ],
            [
                "SKU-000034A",
                1
            ],
            [
                "SKU-000310D",
                1
            ],
            [
                "SKU-000005D",
                1
            ],
            [
                "SKU-000305D",
                1
            ],
            [
                "SKU-000493A",
                1
            ]
        ],
        "pickTime": "2025-07-18 07:33:35"
    },
    {
        "replenish": false,
        "skus": [
            [
                "SKU-000150A",
                1
            ],
            [
                "SKU-000337B",
                1
            ],
            [
                "SKU-000283B",
                1
            ]
        ],
        "pickTime": "2025-07-18 09:25:53"
    },
    {
        "replenish": false,
        "skus": [
            [
                "SKU-000405A",
                1
            ],
            [
                "SKU-000072C",
                1
            ],
            [
                "SKU-000101B",
                1
            ],
            [
                "SKU-000343B",
                1
            ],
            [
                "SKU-000229A",
                1
            ]
        ],
        "pickTime": "2025-07-18 12:31:45"
    },
    {
        "replenish": false,
        "skus": [
            [
                "SKU-000258D",
                1
            ],
            [
                "SKU-000399C",
                1
            ],
            [
                "SKU-000161A",
                1
            ],
            [
                "SKU-000479C",
                1
            ]
        ],
        "pickTime": "2025-07-18 22:30:54"
    },
    {
        "replenish": false,
        "skus": [
            [
                "SKU-000148A",
                1
            ]
        ],
        "pickTime": "2025-07-19 08:53:56"
    },
    {
        "replenish": false,
        "skus": [
            [
                "SKU-000326C",
                1
            ]
        ],
        "pickTime": "2025-07-19 10:13:47"
    },
    {
        "replenish": false,
        "skus": [
            [
                "SKU-000380A",
                1
            ],
            [
                "SKU-000192B",
                1
            ]
        ],
        "pickTime": "2025-07-19 17:34:53"
    },
    {
        "replenish": false,
        "skus": [
            [
                "SKU-000355A",
                1
            ],
            [
                "SKU-000323B",
                1
            ]
        ],
        "pickTime": "2025-07-20 15:18:46"
    },
    {
        "replenish": false,
        "skus": [
            [
                "SKU-000444A",
                1
            ]
        ],
        "pickTime": "2025-07-20 15:54:53"
    },
    {
        "replenish": false,
        "skus": [
            [
                "SKU-000257A",
                1
            ],
            [
                "SKU-000368B",
                1
            ]
        ],
        "pickTime": "2025-07-20 19:58:43"
    },
    {
        "replenish": false,
        "skus": [
            [
                "SKU-000210B",
                1
            ]
        ],
        "pickTime": "2025-07-22 00:45:16"
    },
    {
        "replenish": false,
        "skus": [
            [
                "SKU-000316D",
                1
            ],
            [
                "SKU-000388B",
                1
            ],
            [
                "SKU-000036B",
                1
            ],
            [
                "SKU-000266C",
                1
            ],
            [
                "SKU-000155C",
                1
            ]
        ],
        "pickTime": "2025-07-22 03:06:09"
    },
    {
        "replenish": false,
        "skus": [
            [
                "SKU-000321D",
                1
            ]
        ],
        "pickTime": "2025-07-22 04:24:07"
    },
    {
        "replenish": false,
        "skus": [
            [
                "SKU-000017A",
                1
            ],
            [
                "SKU-000191C",
                1
            ],
            [
                "SKU-000179D",
                1
            ],
            [
                "SKU-000238C",
                1
            ]
        ],
        "pickTime": "2025-07-23 00:31:00"
    },
    {
        "replenish": false,
        "skus": [
            [
                "SKU-000069A",
                1
            ],
            [
                "SKU-000007B",
                1
            ],
            [
                "SKU-000287B",
                1
            ],
            [
                "SKU-000325D",
                1
            ],
            [
                "SKU-000317D",
                1
            ],
            [
                "SKU-000289C",
                1
            ],
            [
                "SKU-000054C",
                1
            ]
        ],
        "pickTime": "2025-07-23 02:46:49"
    },
    {
        "replenish": false,
        "skus": [
            [
                "SKU-000498C",
                1
            ],
            [
                "SKU-000055C",
                1
            ],
            [
                "SKU-000200C",
                1
            ],
            [
                "SKU-000016B",
                1
            ]
        ],
        "pickTime": "2025-07-23 20:36:46"
    },
    {
        "replenish": false,
        "skus": [
            [
                "SKU-000232B",
                1
            ],
            [
                "SKU-000183D",
                1
            ],
            [
                "SKU-000444B",
                1
            ],
            [
                "SKU-000334B",
                1
            ],
            [
                "SKU-000453A",
                1
            ],
            [
                "SKU-000265B",
                1
            ]
        ],
        "pickTime": "2025-07-24 00:11:10"
    },
    {
        "replenish": false,
        "skus": [
            [
                "SKU-000137A",
                1
            ],
            [
                "SKU-000395A",
                1
            ],
            [
                "SKU-000338B",
                1
            ]
        ],
        "pickTime": "2025-07-24 02:42:15"
    },
    {
        "replenish": false,
        "skus": [
            [
                "SKU-000008D",
                1
            ]
        ],
        "pickTime": "2025-07-24 04:04:21"
    },
    {
        "replenish": false,
        "skus": [
            [
                "SKU-000001C",
                1
            ]
        ],
        "pickTime": "2025-07-24 11:15:39"
    },
    {
        "replenish": false,
        "skus": [
            [
                "SKU-000424B",
                1
            ]
        ],
        "pickTime": "2025-07-25 19:22:28"
    },
    {
        "replenish": false,
        "skus": [
            [
                "SKU-000359C",
                1
            ],
            [
                "SKU-000096D",
                1
            ],
            [
                "SKU-000228C",
                1
            ],
            [
                "SKU-000120B",
                1
            ],
            [
                "SKU-000089D",
                1
            ],
            [
                "SKU-000184A",
                1
            ],
            [
                "SKU-000097A",
                1
            ],
            [
                "SKU-000200D",
                1
            ],
            [
                "SKU-000051A",
                1
            ],
            [
                "SKU-000226C",
                1
            ],
            [
                "SKU-000365B",
                1
            ]
        ],
        "pickTime": "2025-07-25 22:31:09"
    },
    {
        "replenish": false,
        "skus": [
            [
                "SKU-000410B",
                1
            ],
            [
                "SKU-000444A",
                1
            ],
            [
                "SKU-000356A",
                1
            ],
            [
                "SKU-000145C",
                1
            ]
        ],
        "pickTime": "2025-07-26 05:52:04"
    },
    {
        "replenish": false,
        "skus": [
            [
                "SKU-000317D",
                1
            ]
        ],
        "pickTime": "2025-07-27 05:45:44"
    },
    {
        "replenish": false,
        "skus": [
            [
                "SKU-000025C",
                1
            ],
            [
                "SKU-000134D",
                1
            ],
            [
                "SKU-000229A",
                1
            ]
        ],
        "pickTime": "2025-07-27 07:26:35"
    },
    {
        "replenish": false,
        "skus": [
            [
                "SKU-000388D",
                1
            ]
        ],
        "pickTime": "2025-07-27 08:52:33"
    },
    {
        "replenish": false,
        "skus": [
            [
                "SKU-000127C",
                1
            ]
        ],
        "pickTime": "2025-07-27 23:47:04"
    },
    {
        "replenish": false,
        "skus": [
            [
                "SKU-000255A",
                1
            ]
        ],
        "pickTime": "2025-07-28 08:29:59"
    },
    {
        "replenish": false,
        "skus": [
            [
                "SKU-000445B",
                1
            ],
            [
                "SKU-000390D",
                1
            ],
            [
                "SKU-000229C",
                1
            ],
            [
                "SKU-000007A",
                1
            ],
            [
                "SKU-000277D",
                1
            ],
            [
                "SKU-000294B",
                1
            ],
            [
                "SKU-000102B",
                1
            ],
            [
                "SKU-000244D",
                1
            ]
        ],
        "pickTime": "2025-07-28 14:34:15"
    },
    {
        "replenish": false,
        "skus": [
            [
                "SKU-000035D",
                1
            ]
        ],
        "pickTime": "2025-07-29 03:47:36"
    },
    {
        "replenish": false,
        "skus": [
            [
                "SKU-000134A",
                1
            ]
        ],
        "pickTime": "2025-07-29 13:47:26"
    },
    {
        "replenish": false,
        "skus": [
            [
                "SKU-000107A",
                1
            ],
            [
                "SKU-000153A",
                1
            ]
        ],
        "pickTime": "2025-07-29 15:22:08"
    },
    {
        "replenish": false,
        "skus": [
            [
                "SKU-000226C",
                1
            ],
            [
                "SKU-000469A",
                1
            ],
            [
                "SKU-000442C",
                1
            ],
            [
                "SKU-000037B",
                1
            ],
            [
                "SKU-000054C",
                1
            ]
        ],
        "pickTime": "2025-07-29 16:33:41"
    },
    {
        "replenish": false,
        "skus": [
            [
                "SKU-000151A",
                1
            ]
        ],
        "pickTime": "2025-07-30 07:30:44"
    },
    {
        "replenish": false,
        "skus": [
            [
                "SKU-000419B",
                1
            ],
            [
                "SKU-000161A",
                1
            ],
            [
                "SKU-000311C",
                1
            ]
        ],
        "pickTime": "2025-07-30 10:53:17"
    },
    {
        "replenish": false,
        "skus": [
            [
                "SKU-000056C",
                1
            ],
            [
                "SKU-000415C",
                1
            ],
            [
                "SKU-000081A",
                1
            ],
            [
                "SKU-000312B",
                1
            ],
            [
                "SKU-000188A",
                1
            ],
            [
                "SKU-000467B",
                1
            ],
            [
                "SKU-000148A",
                1
            ]
        ],
        "pickTime": "2025-07-30 21:59:09"
    },
    {
        "replenish": false,
        "skus": [
            [
                "SKU-000325B",
                1
            ],
            [
                "SKU-000449A",
                1
            ]
        ],
        "pickTime": "2025-07-30 23:06:48"
    }
]