[
    {
        "replenish": true,
        "skus": [
            [
                "SKU-000317B",
                1
            ]
        ],
        "pickTime": "2025-07-01 06:40:15"
    },
    {
        "replenish": true,
        "skus": [
            [
                "SKU-000367D",
                1
            ],
            [
                "SKU-000452D",
                1
            ]
        ],
        "pickTime": "2025-07-01 07:51:24"
    },
    {
        "replenish": true,
        "skus": [
            [
                "SKU-000050B",
                1
            ],
            [
                "SKU-000019B",
                1
            ],
            [
                "SKU-000286B",
                1
            ],
            [
                "SKU-000252A",
                1
            ],
            [
                "SKU-000074B",
                1
            ]
        ],
        "pickTime": "2025-07-01 10:30:23"
    },
    {
        "replenish": true,
        "skus": [
            [
                "SKU-000043A",
                1
            ],
            [
                "SKU-000114A",
                1
            ],
            [
                "SKU-000442C",
                1
            ],
            [
                "SKU-000158C",
                1
            ],
            [
                "SKU-000075C",
                1
            ],
            [
                "SKU-000097B",
                1
            ],
            [
                "SKU-000373B",
                1
            ],
            [
                "SKU-000495B",
                1
            ],
            [
                "SKU-000003B",
                1
            ],
            [
                "SKU-000091D",
                1
            ],
            [
                "SKU-000025C",
                1
            ],
            [
                "SKU-000175B",
                1
            ],
            [
                "SKU-000117A",
                1
            ],
            [
                "SKU-000034D",
                1
            ],
            [
                "SKU-000258B",
                1
            ],
            [
                "SKU-000043A",
                1
            ],
            [
                "SKU-000200A",
                1
            ],
            [
                "SKU-000312B",
                1
            ],
            [
                "SKU-000152B",
                1
            ]
        ],
        "pickTime": "2025-07-01 22:20:53"
    },
    {
        "replenish": true,
        "skus": [
            [
                "SKU-000222A",
                1
            ],
            [
                "SKU-000278A",
                1
            ],
            [
                "SKU-000211C",
                1
            ],
            [
                "SKU-000462A",
                1
            ],
            [
                "SKU-000183D",
                1
            ],
            [
                "SKU-000412C",
                1
            ],
            [
                "SKU-000083D",
                1
            ],
            [
                "SKU-000130D",
                1
            ],
            [
                "SKU-000355C",
                1
            ],
            [
                "SKU-000431D",
                1
            ],
            [
                "SKU-000434D",
                1
            ],
            [
                "SKU-000381B",
                1
            ],
            [
                "SKU-000468C",
                1
            ],
            [
                "SKU-000311C",
                1
            ],
            [
                "SKU-000323A",
                1
            ],
            [
                "SKU-000050D",
                1
            ],
            [
                "SKU-000052B",
                1
            ],
            [
                "SKU-000305A",
                1
            ],
            [
                "SKU-000406A",
                1
            ],
            [
                "SKU-000479D",
                1
            ],
            [
                "SKU-000299B",
                1
            ],
            [
                "SKU-000284D",
                1
            ],
            [
                "SKU-000337B",
                1
            ],
            [
                "SKU-000028B",
                1
            ]
        ],
        "pickTime": "2025-07-02 15:02:04"
    },
    {
        "replenish": true,
        "skus": [
            [
                "SKU-000124A",
                1
            ],
            [
                "SKU-000312B",
                1
            ],
            [
                "SKU-000343B",
                1
            ],
            [
                "SKU-000220A",
                1
            ],
            [
                "SKU-000008B",
                1
            ],
            [
                "SKU-000379C",
                1
            ],
            [
                "SKU-000459D",
                1
            ],
            [
                "SKU-000003B",
                1
            ],
            [
                "SKU-000416A",
                1
            ]
        ],
        "pickTime": "2025-07-03 06:56:06"
    },
    {
        "replenish": true,
        "skus": [
            [
                "SKU-000445B",
                1
            ],
            [
                "SKU-000323A",
                1
            ],
            [
                "SKU-000131D",
                1
            ],
            [
                "SKU-000439B",
                1
            ],
            [
                "SKU-000410C",
                1
            ],
            [
                "SKU-000212D",
                1
            ],
            [
                "SKU-000476B",
                1
            ]
        ],
        "pickTime": "2025-07-03 12:07:03"
    },
    {
        "replenish": true,
        "skus": [
            [
                "SKU-000101C",
                1
            ],
            [
                "SKU-000305C",
                1
            ],
            [
                "SKU-000159C",
                1
            ]
        ],
        "pickTime": "2025-07-04 02:34:16"
    },
    {
        "replenish": true,
        "skus": [
            [
                "SKU-000465D",
                1
            ],
            [
                "SKU-000379C",
                1
            ],
            [
                "SKU-000421B",
                1
            ],
            [
                "SKU-000274B",
                1
            ],
            [
                "SKU-000210A",
                1
            ],
            [
                "SKU-000079A",
                1
            ],
            [
                "SKU-000064A",
                1
            ],
            [
                "SKU-000458B",
                1
            ],
            [
                "SKU-000500C",
                1
            ],
            [
                "SKU-000419D",
                1
            ],
            [
                "SKU-000239C",
                1
            ]
        ],
        "pickTime": "2025-07-04 06:41:08"
    },
    {
        "replenish": true,
        "skus": [
            [
                "SKU-000222B",
                1
            ],
            [
                "SKU-000493D",
                1
            ],
            [
                "SKU-000114A",
                1
            ],
            [
                "SKU-000191B",
                1
            ],
            [
                "SKU-000167C",
                1
            ],
            [
                "SKU-000261B",
                1
            ]
        ],
        "pickTime": "2025-07-04 08:05:10"
    },
    {
        "replenish": true,
        "skus": [
            [
                "SKU-000350C",
                1
            ],
            [
                "SKU-000419A",
                1
            ],
            [
                "SKU-000254C",
                1
            ],
            [
                "SKU-000415B",
                1
            ],
            [
                "SKU-000395C",
                1
            ],
            [
                "SKU-000285A",
                1
            ],
            [
                "SKU-000307D",
                1
            ],
            [
                "SKU-000127C",
                1
            ],
            [
                "SKU-000065C",
                1
            ],
            [
                "SKU-000183D",
                1
            ],
            [
                "SKU-000105B",
                1
            ],
            [
                "SKU-000271D",
                1
            ],
            [
                "SKU-000252B",
                1
            ],
            [
                "SKU-000066B",
                1
            ],
            [
                "SKU-000350C",
                1
            ],
            [
                "SKU-000453A",
                1
            ],
            [
                "SKU-000218C",
                1
            ],
            [
                "SKU-000443A",
                1
            ],
            [
                "SKU-000456B",
                1
            ]
        ],
        "pickTime": "2025-07-04 19:44:25"
    },
    {
        "replenish": true,
        "skus": [
            [
                "SKU-000483D",
                1
            ],
            [
                "SKU-000359B",
                1
            ],
            [
                "SKU-000247A",
                1
            ],
            [
                "SKU-000075D",
                1
            ]
        ],
        "pickTime": "2025-07-05 03:15:04"
    },
    {
        "replenish": true,
        "skus": [
            [
                "SKU-000468D",
                1
            ],
            [
                "SKU-000097C",
                1
            ],
            [
                "SKU-000237A",
                1
            ],
            [
                "SKU-000074B",
                1
            ],
            [
                "SKU-000130D",
                1
            ],
            [
                "SKU-000251B",
                1
            ],
            [
                "SKU-000483D",
                1
            ],
            [
                "SKU-000420A",
                1
            ],
            [
                "SKU-000252D",
                1
            ],
            [
                "SKU-000113C",
                1
            ],
            [
                "SKU-000114A",
                1
            ],
            [
                "SKU-000494A",
                1
            ],
            [
                "SKU-000335D",
                1
            ],
            [
                "SKU-000419C",
                1
            ],
            [
                "SKU-000242B",
                1
            ],
            [
                "SKU-000047A",
                1
            ],
            [
                "SKU-000204C",
                1
            ],
            [
                "SKU-000375B",
                1
            ],
            [
                "SKU-000011C",
                1
            ],
            [
                "SKU-000420D",
                1
            ],
            [
                "SKU-000463C",
                1
            ],
            [
                "SKU-000150D",
                1
            ],
            [
                "SKU-000252A",
                1
            ],
            [
                "SKU-000453A",
                1
            ],
            [
                "SKU-000331C",
                1
            ],
            [
                "SKU-000119A",
                1
            ],
            [
                "SKU-000353A",
                1
            ],
            [
                "SKU-000359A",
                1
            ],
            [
                "SKU-000439D",
                1
            ],
            [
                "SKU-000383C",
                1
            ],
            [
                "SKU-000108C",
                1
            ],
            [
                "SKU-000475D",
                1
            ],
            [
                "SKU-000353A",
                1
            ],
            [
                "SKU-000139C",
                1
            ],
            [
                "SKU-000202C",
                1
            ],
            [
                "SKU-000050B",
                1
            ],
            [
                "SKU-000377A",
                1
            ],
            [
                "SKU-000347A",
                1
            ],
            [
                "SKU-000277C",
                1
            ]
        ],
        "pickTime": "2025-07-05 03:18:47"
    },
    {
        "replenish": true,
        "skus": [
            [
                "SKU-000008D",
                1
            ],
            [
                "SKU-000287C",
                1
            ],
            [
                "SKU-000352C",
                1
            ],
            [
                "SKU-000072C",
                1
            ]
        ],
        "pickTime": "2025-07-05 07:38:31"
    },
    {
        "replenish": true,
        "skus": [
            [
                "SKU-000138B",
                1
            ],
            [
                "SKU-000075A",
                1
            ],
            [
                "SKU-000108C",
                1
            ],
            [
                "SKU-000018A",
                1
            ],
            [
                "SKU-000144D",
                1
            ],
            [
                "SKU-000221B",
                1
            ],
            [
                "SKU-000046C",
                1
            ],
            [
                "SKU-000307D",
                1
            ],
            [
                "SKU-000185C",
                1
            ],
            [
                "SKU-000157B",
                1
            ],
            [
                "SKU-000317A",
                1
            ],
            [
                "SKU-000295D",
                1
            ],
            [
                "SKU-000383C",
                1
            ],
            [
                "SKU-000201B",
                1
            ],
            [
                "SKU-000425A",
                1
            ]
        ],
        "pickTime": "2025-07-05 07:44:33"
    },
    {
        "replenish": true,
        "skus": [
            [
                "SKU-000130A",
                1
            ],
            [
                "SKU-000005B",
                1
            ],
            [
                "SKU-000065A",
                1
            ],
            [
                "SKU-000438B",
                1
            ],
            [
                "SKU-000327A",
                1
            ],
            [
                "SKU-000427A",
                1
            ],
            [
                "SKU-000003B",
                1
            ],
            [
                "SKU-000262D",
                1
            ],
            [
                "SKU-000363A",
                1
            ],
            [
                "SKU-000412C",
                1
            ],
            [
                "SKU-000430A",
                1
            ],
            [
                "SKU-000213C",
                1
            ],
            [
                "SKU-000434C",
                1
            ],
            [
                "SKU-000370B",
                1
            ],
            [
                "SKU-000113C",
                1
            ]
        ],
        "pickTime": "2025-07-05 12:32:41"
    },
    {
        "replenish": true,
        "skus": [
            [
                "SKU-000198D",
                1
            ],
            [
                "SKU-000297B",
                1
            ],
            [
                "SKU-000457A",
                1
            ],
            [
                "SKU-000281C",
                1
            ],
            [
                "SKU-000065D",
                1
            ],
            [
                "SKU-000375C",
                1
            ],
            [
                "SKU-000120D",
                1
            ],
            [
                "SKU-000453C",
                1
            ],
            [
                "SKU-000074A",
                1
            ],
            [
                "SKU-000009A",
                1
            ],
            [
                "SKU-000031C",
                1
            ],
            [
                "SKU-000170C",
                1
            ],
            [
                "SKU-000261B",
                1
            ],
            [
                "SKU-000240A",
                1
            ],
            [
                "SKU-000059B",
                1
            ],
            [
                "SKU-000359A",
                1
            ],
            [
                "SKU-000379C",
                1
            ],
            [
                "SKU-000403B",
                1
            ],
            [
                "SKU-000293C",
                1
            ],
            [
                "SKU-000324B",
                1
            ],
            [
                "SKU-000047D",
                1
            ],
            [
                "SKU-000422A",
                1
            ]
        ],
        "pickTime": "2025-07-05 18:05:05"
    },
    {
        "replenish": true,
        "skus": [
            [
                "SKU-000290C",
                1
            ],
            [
                "SKU-000281C",
                1
            ],
            [
                "SKU-000165B",
                1
            ],
            [
                "SKU-000321B",
                1
            ],
            [
                "SKU-000467B",
                1
            ],
            [
                "SKU-000372B",
                1
            ],
            [
                "SKU-000090D",
                1
            ],
            [
                "SKU-000290D",
                1
            ],
            [
                "SKU-000040C",
                1
            ],
            [
                "SKU-000411C",
                1
            ],
            [
                "SKU-000057B",
                1
            ],
            [
                "SKU-000394D",
                1
            ],
            [
                "SKU-000008B",
                1
            ]
        ],
        "pickTime": "2025-07-05 18:46:22"
    },
    {
        "replenish": true,
        "skus": [
            [
                "SKU-000050D",
                1
            ],
            [
                "SKU-000392A",
                1
            ],
            [
                "SKU-000198C",
                1
            ],
            [
                "SKU-000453A",
                1
            ],
            [
                "SKU-000169B",
                1
            ],
            [
                "SKU-000318B",
                1
            ],
            [
                "SKU-000483D",
                1
            ],
            [
                "SKU-000431C",
                1
            ],
            [
                "SKU-000359C",
                1
            ],
            [
                "SKU-000363A",
                1
            ],
            [
                "SKU-000286D",
                1
            ],
            [
                "SKU-000215D",
                1
            ]
        ],
        "pickTime": "2025-07-06 03:15:37"
    },
    {
        "replenish": true,
        "skus": [
            [
                "SKU-000392D",
                1
            ],
            [
                "SKU-000054C",
                1
            ]
        ],
        "pickTime": "2025-07-06 16:56:25"
    },
    {
        "replenish": true,
        "skus": [
            [
                "SKU-000264C",
                1
            ],
            [
                "SKU-000079C",
                1
            ],
            [
                "SKU-000219A",
                1
            ],
            [
                "SKU-000138C",
                1
            ],
            [
                "SKU-000371D",
                1
            ],
            [
                "SKU-000473D",
                1
            ],
            [
                "SKU-000299A",
                1
            ],
            [
                "SKU-000313A",
                1
            ],
            [
                "SKU-000032B",
                1
            ]
        ],
        "pickTime": "2025-07-06 21:09:06"
    },
    {
        "replenish": true,
        "skus": [
            [
                "SKU-000089C",
                1
            ],
            [
                "SKU-000341C",
                1
            ],
            [
                "SKU-000219A",
                1
            ],
            [
                "SKU-000019B",
                1
            ],
            [
                "SKU-000478D",
                1
            ],
            [
                "SKU-000333A",
                1
            ],
            [
                "SKU-000179C",
                1
            ],
            [
                "SKU-000333C",
                1
            ],
            [
                "SKU-000096D",
                1
            ],
            [
                "SKU-000474A",
                1
            ]
        ],
        "pickTime": "2025-07-06 23:05:52"
    },
    {
        "replenish": true,
        "skus": [
            [
                "SKU-000403C",
                1
            ],
            [
                "SKU-000420C",
                1
            ]
        ],
        "pickTime": "2025-07-07 01:45:45"
    },
    {
        "replenish": true,
        "skus": [
            [
                "SKU-000222C",
                1
            ],
            [
                "SKU-000161B",
                1
            ],
            [
                "SKU-000221B",
                1
            ],
            [
                "SKU-000419D",
                1
            ],
            [
                "SKU-000437C",
                1
            ],
            [
                "SKU-000213B",
                1
            ],
            [
                "SKU-000156B",
                1
            ],
            [
                "SKU-000128C",
                1
            ],
            [
                "SKU-000415C",
                1
            ],
            [
                "SKU-000157D",
                1
            ],
            [
                "SKU-000042B",
                1
            ],
            [
                "SKU-000480B",
                1
            ],
            [
                "SKU-000443A",
                1
            ],
            [
                "SKU-000469B",
                1
            ],
            [
                "SKU-000011A",
                1
            ],
            [
                "SKU-000455D",
                1
            ],
            [
                "SKU-000261C",
                1
            ],
            [
                "SKU-000392D",
                1
            ],
            [
                "SKU-000274B",
                1
            ],
            [
                "SKU-000165B",
                1
            ],
            [
                "SKU-000163D",
                1
            ],
            [
                "SKU-000121A",
                1
            ],
            [
                "SKU-000137D",
                1
            ],
            [
                "SKU-000425B",
                1
            ],
            [
                "SKU-000338B",
                1
            ],
            [
                "SKU-000246A",
                1
            ],
            [
                "SKU-000428C",
                1
            ],
            [
                "SKU-000224C",
                1
            ],
            [
                "SKU-000391A",
                1
            ]
        ],
        "pickTime": "2025-07-07 03:31:26"
    },
    {
        "replenish": true,
        "skus": [
            [
                "SKU-000043A",
                1
            ],
            [
                "SKU-000130C",
                1
            ],
            [
                "SKU-000019B",
                1
            ],
            [
                "SKU-000028A",
                1
            ],
            [
                "SKU-000006C",
                1
            ],
            [
                "SKU-000009A",
                1
            ],
            [
                "SKU-000063A",
                1
            ],
            [
                "SKU-000096D",
                1
            ],
            [
                "SKU-000166A",
                1
            ],
            [
                "SKU-000324B",
                1
            ],
            [
                "SKU-000385D",
                1
            ],
            [
                "SKU-000301B",
                1
            ],
            [
                "SKU-000482D",
                1
            ],
            [
                "SKU-000346C",
                1
            ],
            [
                "SKU-000228C",
                1
            ],
            [
                "SKU-000200A",
                1
            ],
            [
                "SKU-000260D",
                1
            ],
            [
                "SKU-000311A",
                1
            ],
            [
                "SKU-000382A",
                1
            ],
            [
                "SKU-000303D",
                1
            ],
            [
                "SKU-000468D",
                1
            ],
            [
                "SKU-000436A",
                1
            ],
            [
                "SKU-000029A",
                1
            ],
            [
                "SKU-000425B",
                1
            ],
            [
                "SKU-000483B",
                1
            ],
            [
                "SKU-000349C",
                1
            ],
            [
                "SKU-000466B",
                1
            ],
            [
                "SKU-000185B",
                1
            ],
            [
                "SKU-000386C",
                1
            ],
            [
                "SKU-000274B",
                1
            ],
            [
                "SKU-000148A",
                1
            ],
            [
                "SKU-000294D",
                1
            ],
            [
                "SKU-000103C",
                1
            ],
            [
                "SKU-000341A",
                1
            ],
            [
                "SKU-000491A",
                1
            ],
            [
                "SKU-000379D",
                1
            ],
            [
                "SKU-000158C",
                1
            ]
        ],
        "pickTime": "2025-07-07 15:26:59"
    },
    {
        "replenish": true,
        "skus": [
            [
                "SKU-000269C",
                1
            ],
            [
                "SKU-000372D",
                1
            ],
            [
                "SKU-000159C",
                1
            ],
            [
                "SKU-000443A",
                1
            ],
            [
                "SKU-000019B",
                1
            ],
            [
                "SKU-000249A",
                1
            ]
        ],
        "pickTime": "2025-07-08 07:02:13"
    },
    {
        "replenish": true,
        "skus": [
            [
                "SKU-000259A",
                1
            ],
            [
                "SKU-000163D",
                1
            ],
            [
                "SKU-000443A",
                1
            ],
            [
                "SKU-000259C",
                1
            ],
            [
                "SKU-000420D",
                1
            ],
            [
                "SKU-000296A",
                1
            ],
            [
                "SKU-000444B",
                1
            ],
            [
                "SKU-000192D",
                1
            ],
            [
                "SKU-000150B",
                1
            ],
            [
                "SKU-000016D",
                1
            ],
            [
                "SKU-000193D",
                1
            ],
            [
                "SKU-000157D",
                1
            ],
            [
                "SKU-000108D",
                1
            ],
            [
                "SKU-000097A",
                1
            ],
            [
                "SKU-000075B",
                1
            ],
            [
                "SKU-000333C",
                1
            ],
            [
                "SKU-000118C",
                1
            ],
            [
                "SKU-000383C",
                1
            ],
            [
                "SKU-000354A",
                1
            ],
            [
                "SKU-000333C",
                1
            ],
            [
                "SKU-000468D",
                1
            ],
            [
                "SKU-000483B",
                1
            ],
            [
                "SKU-000088D",
                1
            ],
            [
                "SKU-000386A",
                1
            ],
            [
                "SKU-000311C",
                1
            ],
            [
                "SKU-000468D",
                1
            ],
            [
                "SKU-000047B",
                1
            ]
        ],
        "pickTime": "2025-07-08 10:37:40"
    },
    {
        "replenish": true,
        "skus": [
            [
                "SKU-000174B",
                1
            ],
            [
                "SKU-000167C",
                1
            ],
            [
                "SKU-000440A",
                1
            ],
            [
                "SKU-000286B",
                1
            ],
            [
                "SKU-000118A",
                1
            ],
            [
                "SKU-000452D",
                1
            ]
        ],
        "pickTime": "2025-07-08 21:03:43"
    },
    {
        "replenish": true,
        "skus": [
            [
                "SKU-000298C",
                1
            ],
            [
                "SKU-000125D",
                1
            ],
            [
                "SKU-000424B",
                1
            ],
            [
                "SKU-000419D",
                1
            ],
            [
                "SKU-000496A",
                1
            ],
            [
                "SKU-000288D",
                1
            ],
            [
                "SKU-000379C",
                1
            ],
            [
                "SKU-000222B",
                1
            ],
            [
                "SKU-000275C",
                1
            ],
            [
                "SKU-000239D",
                1
            ],
            [
                "SKU-000194B",
                1
            ],
            [
                "SKU-000251B",
                1
            ],
            [
                "SKU-000158C",
                1
            ],
            [
                "SKU-000226D",
                1
            ],
            [
                "SKU-000063B",
                1
            ],
            [
                "SKU-000154D",
                1
            ],
            [
                "SKU-000364A",
                1
            ],
            [
                "SKU-000379C",
                1
            ],
            [
                "SKU-000356D",
                1
            ],
            [
                "SKU-000459A",
                1
            ],
            [
                "SKU-000409D",
                1
            ],
            [
                "SKU-000356D",
                1
            ],
            [
                "SKU-000141C",
                1
            ],
            [
                "SKU-000295D",
                1
            ],
            [
                "SKU-000024D",
                1
            ],
            [
                "SKU-000151A",
                1
            ],
            [
                "SKU-000066B",
                1
            ],
            [
                "SKU-000241A",
                1
            ],
            [
                "SKU-000091B",
                1
            ],
            [
                "SKU-000147D",
                1
            ],
            [
                "SKU-000125C",
                1
            ],
            [
                "SKU-000119A",
                1
            ],
            [
                "SKU-000415B",
                1
            ],
            [
                "SKU-000486B",
                1
            ],
            [
                "SKU-000101C",
                1
            ],
            [
                "SKU-000012A",
                1
            ],
            [
                "SKU-000301B",
                1
            ],
            [
                "SKU-000297C",
                1
            ],
            [
                "SKU-000480C",
                1
            ],
            [
                "SKU-000385D",
                1
            ],
            [
                "SKU-000340A",
                1
            ],
            [
                "SKU-000201A",
                1
            ],
            [
                "SKU-000050B",
                1
            ],
            [
                "SKU-000274B",
                1
            ],
            [
                "SKU-000466B",
                1
            ],
            [
                "SKU-000150D",
                1
            ],
            [
                "SKU-000451D",
                1
            ],
            [
                "SKU-000114B",
                1
            ],
            [
                "SKU-000108C",
                1
            ],
            [
                "SKU-000498B",
                1
            ],
            [
                "SKU-000109C",
                1
            ],
            [
                "SKU-000265C",
                1
            ],
            [
                "SKU-000153D",
                1
            ],
            [
                "SKU-000494B",
                1
            ],
            [
                "SKU-000281D",
                1
            ],
            [
                "SKU-000372B",
                1
            ]
        ],
        "pickTime": "2025-07-10 04:09:53"
    },
    {
        "replenish": true,
        "skus": [
            [
                "SKU-000097B",
                1
            ],
            [
                "SKU-000465B",
                1
            ],
            [
                "SKU-000228B",
                1
            ],
            [
                "SKU-000287C",
                1
            ],
            [
                "SKU-000172A",
                1
            ],
            [
                "SKU-000262D",
                1
            ],
            [
                "SKU-000479D",
                1
            ],
            [
                "SKU-000221B",
                1
            ],
            [
                "SKU-000073A",
                1
            ],
            [
                "SKU-000412C",
                1
            ],
            [
                "SKU-000242B",
                1
            ],
            [
                "SKU-000388D",
                1
            ]
        ],
        "pickTime": "2025-07-10 18:15:59"
    },
    {
        "replenish": true,
        "skus": [
            [
                "SKU-000114B",
                1
            ],
            [
                "SKU-000119A",
                1
            ],
            [
                "SKU-000170B",
                1
            ],
            [
                "SKU-000158B",
                1
            ],
            [
                "SKU-000498A",
                1
            ],
            [
                "SKU-000062C",
                1
            ],
            [
                "SKU-000102B",
                1
            ],
            [
                "SKU-000083D",
                1
            ],
            [
                "SKU-000234B",
                1
            ],
            [
                "SKU-000049A",
                1
            ],
            [
                "SKU-000296D",
                1
            ],
            [
                "SKU-000028A",
                1
            ],
            [
                "SKU-000500D",
                1
            ],
            [
                "SKU-000445D",
                1
            ],
            [
                "SKU-000210A",
                1
            ],
            [
                "SKU-000269C",
                1
            ],
            [
                "SKU-000196D",
                1
            ],
            [
                "SKU-000066B",
                1
            ],
            [
                "SKU-000157D",
                1
            ]
        ],
        "pickTime": "2025-07-11 03:47:54"
    },
    {
        "replenish": true,
        "skus": [
            [
                "SKU-000480B",
                1
            ],
            [
                "SKU-000331C",
                1
            ],
            [
                "SKU-000488D",
                1
            ],
            [
                "SKU-000333C",
                1
            ],
            [
                "SKU-000368A",
                1
            ],
            [
                "SKU-000101C",
                1
            ],
            [
                "SKU-000089A",
                1
            ],
            [
                "SKU-000475C",
                1
            ],
            [
                "SKU-000261C",
                1
            ],
            [
                "SKU-000479C",
                1
            ],
            [
                "SKU-000006B",
                1
            ],
            [
                "SKU-000304C",
                1
            ],
            [
                "SKU-000256A",
                1
            ],
            [
                "SKU-000437B",
                1
            ],
            [
                "SKU-000222B",
                1
            ],
            [
                "SKU-000213B",
                1
            ],
            [
                "SKU-000013C",
                1
            ],
            [
                "SKU-000425B",
                1
            ],
            [
                "SKU-000301D",
                1
            ],
            [
                "SKU-000109C",
                1
            ],
            [
                "SKU-000422B",
                1
            ],
            [
                "SKU-000232B",
                1
            ],
            [
                "SKU-000422B",
                1
            ],
            [
                "SKU-000452B",
                1
            ],
            [
                "SKU-000148B",
                1
            ],
            [
                "SKU-000075A",
                1
            ],
            [
                "SKU-000083D",
                1
            ],
            [
                "SKU-000014D",
                1
            ],
            [
                "SKU-000315A",
                1
            ],
            [
                "SKU-000413A",
                1
            ],
            [
                "SKU-000164A",
                1
            ],
            [
                "SKU-000184C",
                1
            ],
            [
                "SKU-000440C",
                1
            ],
            [
                "SKU-000028A",
                1
            ],
            [
                "SKU-000424B",
                1
            ],
            [
                "SKU-000210C",
                1
            ],
            [
                "SKU-000419C",
                1
            ],
            [
                "SKU-000165A",
                1
            ],
            [
                "SKU-000007D",
                1
            ],
            [
                "SKU-000220C",
                1
            ],
            [
                "SKU-000019A",
                1
            ],
            [
                "SKU-000368A",
                1
            ],
            [
                "SKU-000434C",
                1
            ],
            [
                "SKU-000011A",
                1
            ],
            [
                "SKU-000074C",
                1
            ],
            [
                "SKU-000033A",
                1
            ],
            [
                "SKU-000392D",
                1
            ],
            [
                "SKU-000277A",
                1
            ],
            [
                "SKU-000403C",
                1
            ],
            [
                "SKU-000413A",
                1
            ],
            [
                "SKU-000245B",
                1
            ],
            [
                "SKU-000054D",
                1
            ],
            [
                "SKU-000292A",
                1
            ]
        ],
        "pickTime": "2025-07-11 19:05:47"
    },
    {
        "replenish": true,
        "skus": [
            [
                "SKU-000467C",
                1
            ],
            [
                "SKU-000222B",
                1
            ],
            [
                "SKU-000380A",
                1
            ],
            [
                "SKU-000097A",
                1
            ],
            [
                "SKU-000089A",
                1
            ],
            [
                "SKU-000267A",
                1
            ],
            [
                "SKU-000171B",
                1
            ],
            [
                "SKU-000410B",
                1
            ],
            [
                "SKU-000218B",
                1
            ],
            [
                "SKU-000417D",
                1
            ],
            [
                "SKU-000315C",
                1
            ],
            [
                "SKU-000498B",
                1
            ],
            [
                "SKU-000228B",
                1
            ],
            [
                "SKU-000345C",
                1
            ],
            [
                "SKU-000174D",
                1
            ],
            [
                "SKU-000165D",
                1
            ],
            [
                "SKU-000275B",
                1
            ],
            [
                "SKU-000497D",
                1
            ],
            [
                "SKU-000297C",
                1
            ],
            [
                "SKU-000336B",
                1
            ],
            [
                "SKU-000221A",
                1
            ],
            [
                "SKU-000281D",
                1
            ],
            [
                "SKU-000074D",
                1
            ],
            [
                "SKU-000268B",
                1
            ],
            [
                "SKU-000165D",
                1
            ],
            [
                "SKU-000259D",
                1
            ],
            [
                "SKU-000078A",
                1
            ],
            [
                "SKU-000443C",
                1
            ],
            [
                "SKU-000409B",
                1
            ],
            [
                "SKU-000016D",
                1
            ],
            [
                "SKU-000241C",
                1
            ],
            [
                "SKU-000072A",
                1
            ],
            [
                "SKU-000421C",
                1
            ],
            [
                "SKU-000256C",
                1
            ],
            [
                "SKU-000406B",
                1
            ],
            [
                "SKU-000104C",
                1
            ],
            [
                "SKU-000089B",
                1
            ],
            [
                "SKU-000066B",
                1
            ],
            [
                "SKU-000465D",
                1
            ],
            [
                "SKU-000297D",
                1
            ],
            [
                "SKU-000184C",
                1
            ],
            [
                "SKU-000296C",
                1
            ],
            [
                "SKU-000191B",
                1
            ],
            [
                "SKU-000375C",
                1
            ],
            [
                "SKU-000475B",
                1
            ],
            [
                "SKU-000262D",
                1
            ],
            [
                "SKU-000095C",
                1
            ],
            [
                "SKU-000009A",
                1
            ],
            [
                "SKU-000336A",
                1
            ],
            [
                "SKU-000219C",
                1
            ],
            [
                "SKU-000293A",
                1
            ],
            [
                "SKU-000465A",
                1
            ],
            [
                "SKU-000272B",
                1
            ]
        ],
        "pickTime": "2025-07-11 21:11:36"
    },
    {
        "replenish": true,
        "skus": [
            [
                "SKU-000274B",
                1
            ],
            [
                "SKU-000412C",
                1
            ]
        ],
        "pickTime": "2025-07-11 21:26:12"
    },
    {
        "replenish": true,
        "skus": [
            [
                "SKU-000032D",
                1
            ],
            [
                "SKU-000374A",
                1
            ],
            [
                "SKU-000158B",
                1
            ],
            [
                "SKU-000230B",
                1
            ]
        ],
        "pickTime": "2025-07-12 00:43:54"
    },
    {
        "replenish": true,
        "skus": [
            [
                "SKU-000136B",
                1
            ],
            [
                "SKU-000247A",
                1
            ],
            [
                "SKU-000016D",
                1
            ],
            [
                "SKU-000100D",
                1
            ],
            [
                "SKU-000072C",
                1
            ],
            [
                "SKU-000338A",
                1
            ],
            [
                "SKU-000311A",
                1
            ],
            [
                "SKU-000140D",
                1
            ],
            [
                "SKU-000142A",
                1
            ],
            [
                "SKU-000479D",
                1
            ],
            [
                "SKU-000075D",
                1
            ],
            [
                "SKU-000292C",
                1
            ],
            [
                "SKU-000210A",
                1
            ],
            [
                "SKU-000325C",
                1
            ]
        ],
        "pickTime": "2025-07-12 12:15:52"
    },
    {
        "replenish": true,
        "skus": [
            [
                "SKU-000252A",
                1
            ],
            [
                "SKU-000205D",
                1
            ],
            [
                "SKU-000285A",
                1
            ],
            [
                "SKU-000092C",
                1
            ],
            [
                "SKU-000427B",
                1
            ],
            [
                "SKU-000310D",
                1
            ],
            [
                "SKU-000108C",
                1
            ],
            [
                "SKU-000254C",
                1
            ]
        ],
        "pickTime": "2025-07-12 18:30:33"
    },
    {
        "replenish": true,
        "skus": [
            [
                "SKU-000350B",
                1
            ],
            [
                "SKU-000375C",
                1
            ],
            [
                "SKU-000369D",
                1
            ],
            [
                "SKU-000331B",
                1
            ],
            [
                "SKU-000183D",
                1
            ],
            [
                "SKU-000097A",
                1
            ],
            [
                "SKU-000306C",
                1
            ],
            [
                "SKU-000387A",
                1
            ],
            [
                "SKU-000497A",
                1
            ],
            [
                "SKU-000399B",
                1
            ],
            [
                "SKU-000403A",
                1
            ],
            [
                "SKU-000207D",
                1
            ],
            [
                "SKU-000113C",
                1
            ],
            [
                "SKU-000312A",
                1
            ]
        ],
        "pickTime": "2025-07-12 22:19:11"
    },
    {
        "replenish": true,
        "skus": [
            [
                "SKU-000297B",
                1
            ],
            [
                "SKU-000139A",
                1
            ],
            [
                "SKU-000334C",
                1
            ],
            [
                "SKU-000456C",
                1
            ]
        ],
        "pickTime": "2025-07-13 10:25:33"
    },
    {
        "replenish": true,
        "skus": [
            [
                "SKU-000304C",
                1
            ],
            [
                "SKU-000433A",
                1
            ],
            [
                "SKU-000387A",
                1
            ],
            [
                "SKU-000373B",
                1
            ],
            [
                "SKU-000437B",
                1
            ]
        ],
        "pickTime": "2025-07-13 17:20:49"
    },
    {
        "replenish": true,
        "skus": [
            [
                "SKU-000146B",
                1
            ],
            [
                "SKU-000043A",
                1
            ],
            [
                "SKU-000497D",
                1
            ],
            [
                "SKU-000089C",
                1
            ],
            [
                "SKU-000102A",
                1
            ],
            [
                "SKU-000479D",
                1
            ],
            [
                "SKU-000163A",
                1
            ],
            [
                "SKU-000105A",
                1
            ],
            [
                "SKU-000467B",
                1
            ],
            [
                "SKU-000096B",
                1
            ],
            [
                "SKU-000413A",
                1
            ],
            [
                "SKU-000278D",
                1
            ],
            [
                "SKU-000183A",
                1
            ],
            [
                "SKU-000355C",
                1
            ],
            [
                "SKU-000086B",
                1
            ],
            [
                "SKU-000371B",
                1
            ],
            [
                "SKU-000377A",
                1
            ],
            [
                "SKU-000297B",
                1
            ],
            [
                "SKU-000475B",
                1
            ],
            [
                "SKU-000025B",
                1
            ],
            [
                "SKU-000426C",
                1
            ],
            [
                "SKU-000411A",
                1
            ],
            [
                "SKU-000445A",
                1
            ]
        ],
        "pickTime": "2025-07-13 22:06:53"
    },
    {
        "replenish": true,
        "skus": [
            [
                "SKU-000221B",
                1
            ],
            [
                "SKU-000074B",
                1
            ],
            [
                "SKU-000119C",
                1
            ],
            [
                "SKU-000379C",
                1
            ],
            [
                "SKU-000174D",
                1
            ]
        ],
        "pickTime": "2025-07-13 22:07:20"
    },
    {
        "replenish": true,
        "skus": [
            [
                "SKU-000086C",
                1
            ],
            [
                "SKU-000147C",
                1
            ],
            [
                "SKU-000228C",
                1
            ],
            [
                "SKU-000148A",
                1
            ]
        ],
        "pickTime": "2025-07-14 02:10:51"
    },
    {
        "replenish": true,
        "skus": [
            [
                "SKU-000331C",
                1
            ],
            [
                "SKU-000347C",
                1
            ]
        ],
        "pickTime": "2025-07-14 03:50:16"
    },
    {
        "replenish": true,
        "skus": [
            [
                "SKU-000084A",
                1
            ],
            [
                "SKU-000330D",
                1
            ],
            [
                "SKU-000419D",
                1
            ],
            [
                "SKU-000290C",
                1
            ]
        ],
        "pickTime": "2025-07-15 14:07:10"
    },
    {
        "replenish": true,
        "skus": [
            [
                "SKU-000205A",
                1
            ],
            [
                "SKU-000438B",
                1
            ],
            [
                "SKU-000210C",
                1
            ],
            [
                "SKU-000413C",
                1
            ],
            [
                "SKU-000228A",
                1
            ]
        ],
        "pickTime": "2025-07-16 09:46:23"
    },
    {
        "replenish": true,
        "skus": [
            [
                "SKU-000431A",
                1
            ],
            [
                "SKU-000453D",
                1
            ],
            [
                "SKU-000311A",
                1
            ],
            [
                "SKU-000168B",
                1
            ],
            [
                "SKU-000376D",
                1
            ],
            [
                "SKU-000072A",
                1
            ],
            [
                "SKU-000095C",
                1
            ],
            [
                "SKU-000349D",
                1
            ],
            [
                "SKU-000284A",
                1
            ],
            [
                "SKU-000359B",
                1
            ],
            [
                "SKU-000028A",
                1
            ],
            [
                "SKU-000315A",
                1
            ],
            [
                "SKU-000002D",
                1
            ],
            [
                "SKU-000465D",
                1
            ],
            [
                "SKU-000418D",
                1
            ]
        ],
        "pickTime": "2025-07-16 12:03:23"
    },
    {
        "replenish": true,
        "skus": [
            [
                "SKU-000158C",
                1
            ],
            [
                "SKU-000403C",
                1
            ],
            [
                "SKU-000496A",
                1
            ],
            [
                "SKU-000096A",
                1
            ],
            [
                "SKU-000218B",
                1
            ],
            [
                "SKU-000100C",
                1
            ],
            [
                "SKU-000315A",
                1
            ],
            [
                "SKU-000317A",
                1
            ],
            [
                "SKU-000163B",
                1
            ],
            [
                "SKU-000217B",
                1
            ],
            [
                "SKU-000424B",
                1
            ],
            [
                "SKU-000353A",
                1
            ]
        ],
        "pickTime": "2025-07-16 23:13:07"
    },
    {
        "replenish": true,
        "skus": [
            [
                "SKU-000074B",
                1
            ],
            [
                "SKU-000108C",
                1
            ],
            [
                "SKU-000365B",
                1
            ],
            [
                "SKU-000386B",
                1
            ],
            [
                "SKU-000490B",
                1
            ],
            [
                "SKU-000398C",
                1
            ],
            [
                "SKU-000262B",
                1
            ],
            [
                "SKU-000040C",
                1
            ],
            [
                "SKU-000265C",
                1
            ],
            [
                "SKU-000130D",
                1
            ],
            [
                "SKU-000292C",
                1
            ],
            [
                "SKU-000340A",
                1
            ],
            [
                "SKU-000496A",
                1
            ],
            [
                "SKU-000100A",
                1
            ],
            [
                "SKU-000450A",
                1
            ],
            [
                "SKU-000307D",
                1
            ],
            [
                "SKU-000311A",
                1
            ],
            [
                "SKU-000420B",
                1
            ],
            [
                "SKU-000373C",
                1
            ],
            [
                "SKU-000481B",
                1
            ],
            [
                "SKU-000440B",
                1
            ],
            [
                "SKU-000154D",
                1
            ],
            [
                "SKU-000274B",
                1
            ],
            [
                "SKU-000384C",
                1
            ],
            [
                "SKU-000393C",
                1
            ],
            [
                "SKU-000155A",
                1
            ],
            [
                "SKU-000283B",
                1
            ],
            [
                "SKU-000037A",
                1
            ],
            [
                "SKU-000324D",
                1
            ],
            [
                "SKU-000047D",
                1
            ],
            [
                "SKU-000210D",
                1
            ],
            [
                "SKU-000023B",
                1
            ],
            [
                "SKU-000154D",
                1
            ],
            [
                "SKU-000183B",
                1
            ],
            [
                "SKU-000130B",
                1
            ],
            [
                "SKU-000267D",
                1
            ],
            [
                "SKU-000094B",
                1
            ],
            [
                "SKU-000199D",
                1
            ],
            [
                "SKU-000295D",
                1
            ],
            [
                "SKU-000183B",
                1
            ],
            [
                "SKU-000111C",
                1
            ],
            [
                "SKU-000292C",
                1
            ],
            [
                "SKU-000399B",
                1
            ],
            [
                "SKU-000465D",
                1
            ],
            [
                "SKU-000319B",
                1
            ],
            [
                "SKU-000379C",
                1
            ],
            [
                "SKU-000037C",
                1
            ],
            [
                "SKU-000161D",
                1
            ]
        ],
        "pickTime": "2025-07-17 00:32:04"
    },
    {
        "replenish": true,
        "skus": [
            [
                "SKU-000480B",
                1
            ],
            [
                "SKU-000268B",
                1
            ],
            [
                "SKU-000483B",
                1
            ],
            [
                "SKU-000033A",
                1
            ],
            [
                "SKU-000098B",
                1
            ],
            [
                "SKU-000157D",
                1
            ],
            [
                "SKU-000400C",
                1
            ],
            [
                "SKU-000069D",
                1
            ],
            [
                "SKU-000430C",
                1
            ],
            [
                "SKU-000089B",
                1
            ],
            [
                "SKU-000371B",
                1
            ],
            [
                "SKU-000349A",
                1
            ],
            [
                "SKU-000072C",
                1
            ],
            [
                "SKU-000044B",
                1
            ],
            [
                "SKU-000074B",
                1
            ],
            [
                "SKU-000281D",
                1
            ],
            [
                "SKU-000151A",
                1
            ],
            [
                "SKU-000146A",
                1
            ]
        ],
        "pickTime": "2025-07-17 05:26:24"
    },
    {
        "replenish": false,
        "skus": [
            [
                "SKU-000259C",
                1
            ],
            [
                "SKU-000130A",
                1
            ]
        ],
        "pickTime": "2025-07-17 07:23:47"
    },
    {
        "replenish": false,
        "skus": [
            [
                "SKU-000171D",
                1
            ],
            [
                "SKU-000011B",
                1
            ],
            [
                "SKU-000170B",
                1
            ],
            [
                "SKU-000335D",
                1
            ],
            [
                "SKU-000100D",
                1
            ],
            [
                "SKU-000440C",
                1
            ],
            [
                "SKU-000434B",
                1
            ],
            [
                "SKU-000369A",
                1
            ],
            [
                "SKU-000158A",
                1
            ],
            [
                "SKU-000378A",
                1
            ],
            [
                "SKU-000064B",
                1
            ],
            [
                "SKU-000247A",
                1
            ]
        ],
        "pickTime": "2025-07-17 09:09:24"
    },
    {
        "replenish": false,
        "skus": [
            [
                "SKU-000447D",
                1
            ],
            [
                "SKU-000065A",
                1
            ],
            [
                "SKU-000348A",
                1
            ],
            [
                "SKU-000195C",
                1
            ],
            [
                "SKU-000424B",
                1
            ],
            [
                "SKU-000179B",
                1
            ],
            [
                "SKU-000440B",
                1
            ],
            [
                "SKU-000278D",
                1
            ],
            [
                "SKU-000158B",
                1
            ],
            [
                "SKU-000144C",
                1
            ],
            [
                "SKU-000063B",
                1
            ],
            [
                "SKU-000247A",
                1
            ],
            [
                "SKU-000244A",
                1
            ],
            [
                "SKU-000389B",
                1
            ]
        ],
        "pickTime": "2025-07-17 20:29:31"
    },
    {
        "replenish": false,
        "skus": [
            [
                "SKU-000067A",
                1
            ],
            [
                "SKU-000417D",
                1
            ],
            [
                "SKU-000113C",
                1
            ],
            [
                "SKU-000075A",
                1
            ],
            [
                "SKU-000022B",
                1
            ],
            [
                "SKU-000211D",
                1
            ],
            [
                "SKU-000418D",
                1
            ],
            [
                "SKU-000229B",
                1
            ]
        ],
        "pickTime": "2025-07-17 20:53:16"
    },
    {
        "replenish": false,
        "skus": [
            [
                "SKU-000408C",
                1
            ]
        ],
        "pickTime": "2025-07-18 09:33:46"
    },
    {
        "replenish": false,
        "skus": [
            [
                "SKU-000111D",
                1
            ],
            [
                "SKU-000234A",
                1
            ],
            [
                "SKU-000492B",
                1
            ],
            [
                "SKU-000005C",
                1
            ],
            [
                "SKU-000063B",
                1
            ]
        ],
        "pickTime": "2025-07-18 14:22:17"
    },
    {
        "replenish": false,
        "skus": [
            [
                "SKU-000417D",
                1
            ],
            [
                "SKU-000172A",
                1
            ],
            [
                "SKU-000114D",
                1
            ],
            [
                "SKU-000065C",
                1
            ],
            [
                "SKU-000138A",
                1
            ],
            [
                "SKU-000277A",
                1
            ],
            [
                "SKU-000444B",
                1
            ]
        ],
        "pickTime": "2025-07-18 16:12:15"
    },
    {
        "replenish": false,
        "skus": [
            [
                "SKU-000222C",
                1
            ],
            [
                "SKU-000285A",
                1
            ]
        ],
        "pickTime": "2025-07-18 20:26:51"
    },
    {
        "replenish": false,
        "skus": [
            [
                "SKU-000192A",
                1
            ],
            [
                "SKU-000403B",
                1
            ],
            [
                "SKU-000147D",
                1
            ],
            [
                "SKU-000488C",
                1
            ],
            [
                "SKU-000403A",
                1
            ],
            [
                "SKU-000352C",
                1
            ],
            [
                "SKU-000192B",
                1
            ],
            [
                "SKU-000111D",
                1
            ],
            [
                "SKU-000138D",
                1
            ]
        ],
        "pickTime": "2025-07-19 06:09:34"
    },
    {
        "replenish": false,
        "skus": [
            [
                "SKU-000193D",
                1
            ],
            [
                "SKU-000183C",
                1
            ],
            [
                "SKU-000094A",
                1
            ],
            [
                "SKU-000142B",
                1
            ]
        ],
        "pickTime": "2025-07-19 23:17:19"
    },
    {
        "replenish": false,
        "skus": [
            [
                "SKU-000292A",
                1
            ]
        ],
        "pickTime": "2025-07-20 13:38:17"
    },
    {
        "replenish": false,
        "skus": [
            [
                "SKU-000108C",
                1
            ]
        ],
        "pickTime": "2025-07-20 22:47:29"
    },
    {
        "replenish": false,
        "skus": [
            [
                "SKU-000174D",
                1
            ],
            [
                "SKU-000130D",
                1
            ]
        ],
        "pickTime": "2025-07-20 23:44:30"
    },
    {
        "replenish": false,
        "skus": [
            [
                "SKU-000318A",
                1
            ]
        ],
        "pickTime": "2025-07-21 07:18:55"
    },
    {
        "replenish": false,
        "skus": [
            [
                "SKU-000020A",
                1
            ],
            [
                "SKU-000274B",
                1
            ]
        ],
        "pickTime": "2025-07-21 10:43:15"
    },
    {
        "replenish": false,
        "skus": [
            [
                "SKU-000311A",
                1
            ],
            [
                "SKU-000198D",
                1
            ],
            [
                "SKU-000373B",
                1
            ],
            [
                "SKU-000409B",
                1
            ],
            [
                "SKU-000332A",
                1
            ],
            [
                "SKU-000042C",
                1
            ],
            [
                "SKU-000414B",
                1
            ],
            [
                "SKU-000097A",
                1
            ],
            [
                "SKU-000100D",
                1
            ],
            [
                "SKU-000406A",
                1
            ],
            [
                "SKU-000468D",
                1
            ],
            [
                "SKU-000273D",
                1
            ],
            [
                "SKU-000413C",
                1
            ],
            [
                "SKU-000154D",
                1
            ],
            [
                "SKU-000348B",
                1
            ],
            [
                "SKU-000360A",
                1
            ],
            [
                "SKU-000149B",
                1
            ],
            [
                "SKU-000083B",
                1
            ],
            [
                "SKU-000001D",
                1
            ],
            [
                "SKU-000414B",
                1
            ],
            [
                "SKU-000002D",
                1
            ],
            [
                "SKU-000004D",
                1
            ],
            [
                "SKU-000500B",
                1
            ],
            [
                "SKU-000210C",
                1
            ],
            [
                "SKU-000097C",
                1
            ],
            [
                "SKU-000019B",
                1
            ],
            [
                "SKU-000013B",
                1
            ],
            [
                "SKU-000477C",
                1
            ],
            [
                "SKU-000482C",
                1
            ],
            [
                "SKU-000192D",
                1
            ]
        ],
        "pickTime": "2025-07-21 17:23:40"
    },
    {
        "replenish": false,
        "skus": [
            [
                "SKU-000457A",
                1
            ]
        ],
        "pickTime": "2025-07-21 19:39:59"
    },
    {
        "replenish": false,
        "skus": [
            [
                "SKU-000003B",
                1
            ],
            [
                "SKU-000188C",
                1
            ],
            [
                "SKU-000334C",
                1
            ]
        ],
        "pickTime": "2025-07-21 21:19:36"
    },
    {
        "replenish": false,
        "skus": [
            [
                "SKU-000105A",
                1
            ],
            [
                "SKU-000134A",
                1
            ],
            [
                "SKU-000376B",
                1
            ],
            [
                "SKU-000419C",
                1
            ],
            [
                "SKU-000357B",
                1
            ],
            [
                "SKU-000140C",
                1
            ],
            [
                "SKU-000180D",
                1
            ],
            [
                "SKU-000334C",
                1
            ],
            [
                "SKU-000192C",
                1
            ]
        ],
        "pickTime": "2025-07-22 02:07:48"
    },
    {
        "replenish": false,
        "skus": [
            [
                "SKU-000066B",
                1
            ],
            [
                "SKU-000308A",
                1
            ],
            [
                "SKU-000205A",
                1
            ],
            [
                "SKU-000084D",
                1
            ],
            [
                "SKU-000475B",
                1
            ],
            [
                "SKU-000330D",
                1
            ],
            [
                "SKU-000418D",
                1
            ],
            [
                "SKU-000046C",
                1
            ],
            [
                "SKU-000419C",
                1
            ],
            [
                "SKU-000190A",
                1
            ],
            [
                "SKU-000277A",
                1
            ],
            [
                "SKU-000331C",
                1
            ],
            [
                "SKU-000274B",
                1
            ],
            [
                "SKU-000147D",
                1
            ],
            [
                "SKU-000189B",
                1
            ],
            [
                "SKU-000469B",
                1
            ],
            [
                "SKU-000118A",
                1
            ],
            [
                "SKU-000447A",
                1
            ],
            [
                "SKU-000308A",
                1
            ]
        ],
        "pickTime": "2025-07-22 11:47:45"
    },
    {
        "replenish": false,
        "skus": [
            [
                "SKU-000205C",
                1
            ],
            [
                "SKU-000222A",
                1
            ]
        ],
        "pickTime": "2025-07-22 12:46:21"
    },
    {
        "replenish": false,
        "skus": [
            [
                "SKU-000185C",
                1
            ],
            [
                "SKU-000319B",
                1
            ],
            [
                "SKU-000157D",
                1
            ],
            [
                "SKU-000423B",
                1
            ],
            [
                "SKU-000140C",
                1
            ],
            [
                "SKU-000208A",
                1
            ],
            [
                "SKU-000356D",
                1
            ]
        ],
        "pickTime": "2025-07-23 07:55:47"
    },
    {
        "replenish": false,
        "skus": [
            [
                "SKU-000222C",
                1
            ],
            [
                "SKU-000156B",
                1
            ],
            [
                "SKU-000465A",
                1
            ],
            [
                "SKU-000367D",
                1
            ],
            [
                "SKU-000379C",
                1
            ],
            [
                "SKU-000276B",
                1
            ],
            [
                "SKU-000431D",
                1
            ],
            [
                "SKU-000213A",
                1
            ]
        ],
        "pickTime": "2025-07-23 13:50:33"
    },
    {
        "replenish": false,
        "skus": [
            [
                "SKU-000348B",
                1
            ],
            [
                "SKU-000488D",
                1
            ],
            [
                "SKU-000101C",
                1
            ],
            [
                "SKU-000296A",
                1
            ],
            [
                "SKU-000420C",
                1
            ],
            [
                "SKU-000210D",
                1
            ]
        ],
        "pickTime": "2025-07-23 19:48:10"
    },
    {
        "replenish": false,
        "skus": [
            [
                "SKU-000205A",
                1
            ]
        ],
        "pickTime": "2025-07-23 22:45:32"
    },
    {
        "replenish": false,
        "skus": [
            [
                "SKU-000243B",
                1
            ],
            [
                "SKU-000436A",
                1
            ],
            [
                "SKU-000284D",
                1
            ],
            [
                "SKU-000106C",
                1
            ],
            [
                "SKU-000141B",
                1
            ]
        ],
        "pickTime": "2025-07-23 23:16:52"
    },
    {
        "replenish": false,
        "skus": [
            [
                "SKU-000174D",
                1
            ],
            [
                "SKU-000434C",
                1
            ],
            [
                "SKU-000192B",
                1
            ],
            [
                "SKU-000386B",
                1
            ],
            [
                "SKU-000019B",
                1
            ],
            [
                "SKU-000037A",
                1
            ],
            [
                "SKU-000391A",
                1
            ],
            [
                "SKU-000273D",
                1
            ],
            [
                "SKU-000235C",
                1
            ],
            [
                "SKU-000136A",
                1
            ],
            [
                "SKU-000274B",
                1
            ],
            [
                "SKU-000044B",
                1
            ],
            [
                "SKU-000374A",
                1
            ],
            [
                "SKU-000222B",
                1
            ],
            [
                "SKU-000173C",
                1
            ],
            [
                "SKU-000351D",
                1
            ],
            [
                "SKU-000284D",
                1
            ]
        ],
        "pickTime": "2025-07-25 02:00:14"
    },
    {
        "replenish": false,
        "skus": [
            [
                "SKU-000217A",
                1
            ],
            [
                "SKU-000335D",
                1
            ],
            [
                "SKU-000066B",
                1
            ]
        ],
        "pickTime": "2025-07-25 03:40:19"
    },
    {
        "replenish": false,
        "skus": [
            [
                "SKU-000207D",
                1
            ],
            [
                "SKU-000420D",
                1
            ],
            [
                "SKU-000349C",
                1
            ],
            [
                "SKU-000323A",
                1
            ],
            [
                "SKU-000114A",
                1
            ],
            [
                "SKU-000185C",
                1
            ],
            [
                "SKU-000007C",
                1
            ]
        ],
        "pickTime": "2025-07-25 05:50:28"
    },
    {
        "replenish": false,
        "skus": [
            [
                "SKU-000079A",
                1
            ],
            [
                "SKU-000083B",
                1
            ]
        ],
        "pickTime": "2025-07-26 01:52:20"
    },
    {
        "replenish": false,
        "skus": [
            [
                "SKU-000089A",
                1
            ],
            [
                "SKU-000434C",
                1
            ],
            [
                "SKU-000152C",
                1
            ],
            [
                "SKU-000457A",
                1
            ]
        ],
        "pickTime": "2025-07-26 02:02:05"
    },
    {
        "replenish": false,
        "skus": [
            [
                "SKU-000172D",
                1
            ],
            [
                "SKU-000343D",
                1
            ],
            [
                "SKU-000187C",
                1
            ],
            [
                "SKU-000386A",
                1
            ],
            [
                "SKU-000293B",
                1
            ],
            [
                "SKU-000308D",
                1
            ],
            [
                "SKU-000191B",
                1
            ],
            [
                "SKU-000482A",
                1
            ],
            [
                "SKU-000073C",
                1
            ]
        ],
        "pickTime": "2025-07-26 02:57:34"
    },
    {
        "replenish": false,
        "skus": [
            [
                "SKU-000447B",
                1
            ],
            [
                "SKU-000465B",
                1
            ],
            [
                "SKU-000338A",
                1
            ],
            [
                "SKU-000387B",
                1
            ],
            [
                "SKU-000142B",
                1
            ]
        ],
        "pickTime": "2025-07-26 03:21:51"
    },
    {
        "replenish": false,
        "skus": [
            [
                "SKU-000278B",
                1
            ]
        ],
        "pickTime": "2025-07-26 15:33:14"
    },
    {
        "replenish": false,
        "skus": [
            [
                "SKU-000342D",
                1
            ],
            [
                "SKU-000093C",
                1
            ],
            [
                "SKU-000430D",
                1
            ],
            [
                "SKU-000278B",
                1
            ],
            [
                "SKU-000330C",
                1
            ],
            [
                "SKU-000313A",
                1
            ],
            [
                "SKU-000008D",
                1
            ],
            [
                "SKU-000137B",
                1
            ],
            [
                "SKU-000311C",
                1
            ],
            [
                "SKU-000433A",
                1
            ],
            [
                "SKU-000297B",
                1
            ],
            [
                "SKU-000066A",
                1
            ],
            [
                "SKU-000379A",
                1
            ],
            [
                "SKU-000310D",
                1
            ],
            [
                "SKU-000090A",
                1
            ],
            [
                "SKU-000221D",
                1
            ],
            [
                "SKU-000087C",
                1
            ],
            [
                "SKU-000382D",
                1
            ]
        ],
        "pickTime": "2025-07-26 19:37:04"
    },
    {
        "replenish": false,
        "skus": [
            [
                "SKU-000025B",
                1
            ],
            [
                "SKU-000281D",
                1
            ],
            [
                "SKU-000183B",
                1
            ],
            [
                "SKU-000277C",
                1
            ],
            [
                "SKU-000487A",
                1
            ],
            [
                "SKU-000059B",
                1
            ]
        ],
        "pickTime": "2025-07-26 22:17:16"
    },
    {
        "replenish": false,
        "skus": [
            [
                "SKU-000059B",
                1
            ],
            [
                "SKU-000460C",
                1
            ]
        ],
        "pickTime": "2025-07-27 03:23:20"
    },
    {
        "replenish": false,
        "skus": [
            [
                "SKU-000372B",
                1
            ],
            [
                "SKU-000475D",
                1
            ],
            [
                "SKU-000296D",
                1
            ],
            [
                "SKU-000175D",
                1
            ],
            [
                "SKU-000228B",
                1
            ],
            [
                "SKU-000373B",
                1
            ],
            [
                "SKU-000391B",
                1
            ],
            [
                "SKU-000176C",
                1
            ],
            [
                "SKU-000337B",
                1
            ]
        ],
        "pickTime": "2025-07-27 03:25:24"
    },
    {
        "replenish": false,
        "skus": [
            [
                "SKU-000057D",
                1
            ],
            [
                "SKU-000043A",
                1
            ],
            [
                "SKU-000486B",
                1
            ],
            [
                "SKU-000051B",
                1
            ],
            [
                "SKU-000300A",
                1
            ],
            [
                "SKU-000268D",
                1
            ],
            [
                "SKU-000188B",
                1
            ],
            [
                "SKU-000282A",
                1
            ]
        ],
        "pickTime": "2025-07-27 09:34:33"
    },
    {
        "replenish": false,
        "skus": [
            [
                "SKU-000022D",
                1
            ],
            [
                "SKU-000059B",
                1
            ],
            [
                "SKU-000459A",
                1
            ],
            [
                "SKU-000420D",
                1
            ],
            [
                "SKU-000101C",
                1
            ],
            [
                "SKU-000447C",
                1
            ],
            [
                "SKU-000032B",
                1
            ],
            [
                "SKU-000028D",
                1
            ],
            [
                "SKU-000345C",
                1
            ],
            [
                "SKU-000252A",
                1
            ],
            [
                "SKU-000117D",
                1
            ],
            [
                "SKU-000183B",
                1
            ],
            [
                "SKU-000375C",
                1
            ],
            [
                "SKU-000305C",
                1
            ],
            [
                "SKU-000100A",
                1
            ],
            [
                "SKU-000292C",
                1
            ],
            [
                "SKU-000187A",
                1
            ],
            [
                "SKU-000445A",
                1
            ],
            [
                "SKU-000114A",
                1
            ],
            [
                "SKU-000430C",
                1
            ],
            [
                "SKU-000321C",
                1
            ],
            [
                "SKU-000327A",
                1
            ]
        ],
        "pickTime": "2025-07-28 00:35:52"
    },
    {
        "replenish": false,
        "skus": [
            [
                "SKU-000350C",
                1
            ]
        ],
        "pickTime": "2025-07-28 12:10:38"
    },
    {
        "replenish": false,
        "skus": [
            [
                "SKU-000412C",
                1
            ]
        ],
        "pickTime": "2025-07-28 16:36:22"
    },
    {
        "replenish": false,
        "skus": [
            [
                "SKU-000153D",
                1
            ],
            [
                "SKU-000262C",
                1
            ],
            [
                "SKU-000050B",
                1
            ],
            [
                "SKU-000018A",
                1
            ],
            [
                "SKU-000419A",
                1
            ],
            [
                "SKU-000447D",
                1
            ],
            [
                "SKU-000097A",
                1
            ],
            [
                "SKU-000200A",
                1
            ]
        ],
        "pickTime": "2025-07-28 19:30:55"
    },
    {
        "replenish": false,
        "skus": [
            [
                "SKU-000037C",
                1
            ],
            [
                "SKU-000080C",
                1
            ],
            [
                "SKU-000159A",
                1
            ],
            [
                "SKU-000400C",
                1
            ],
            [
                "SKU-000403D",
                1
            ],
            [
                "SKU-000443A",
                1
            ],
            [
                "SKU-000011D",
                1
            ]
        ],
        "pickTime": "2025-07-29 00:53:11"
    },
    {
        "replenish": false,
        "skus": [
            [
                "SKU-000208C",
                1
            ],
            [
                "SKU-000386C",
                1
            ],
            [
                "SKU-000341C",
                1
            ],
            [
                "SKU-000419D",
                1
            ]
        ],
        "pickTime": "2025-07-29 02:40:18"
    },
    {
        "replenish": false,
        "skus": [
            [
                "SKU-000079A",
                1
            ],
            [
                "SKU-000181D",
                1
            ],
            [
                "SKU-000420C",
                1
            ],
            [
                "SKU-000153D",
                1
            ]
        ],
        "pickTime": "2025-07-29 05:07:40"
    },
    {
        "replenish": false,
        "skus": [
            [
                "SKU-000197B",
                1
            ],
            [
                "SKU-000424B",
                1
            ],
            [
                "SKU-000312B",
                1
            ],
            [
                "SKU-000143D",
                1
            ],
            [
                "SKU-000415C",
                1
            ],
            [
                "SKU-000207D",
                1
            ],
            [
                "SKU-000198B",
                1
            ],
            [
                "SKU-000205C",
                1
            ],
            [
                "SKU-000364A",
                1
            ],
            [
                "SKU-000437A",
                1
            ],
            [
                "SKU-000041C",
                1
            ]
        ],
        "pickTime": "2025-07-29 11:55:03"
    },
    {
        "replenish": false,
        "skus": [
            [
                "SKU-000369A",
                1
            ],
            [
                "SKU-000256C",
                1
            ],
            [
                "SKU-000248D",
                1
            ],
            [
                "SKU-000310D",
                1
            ],
            [
                "SKU-000117C",
                1
            ],
            [
                "SKU-000246D",
                1
            ],
            [
                "SKU-000179A",
                1
            ],
            [
                "SKU-000158C",
                1
            ],
            [
                "SKU-000139D",
                1
            ],
            [
                "SKU-000318A",
                1
            ],
            [
                "SKU-000240C",
                1
            ],
            [
                "SKU-000447C",
                1
            ],
            [
                "SKU-000176D",
                1
            ],
            [
                "SKU-000493B",
                1
            ]
        ],
        "pickTime": "2025-07-30 07:27:35"
    },
    {
        "replenish": false,
        "skus": [
            [
                "SKU-000356D",
                1
            ],
            [
                "SKU-000406A",
                1
            ],
            [
                "SKU-000243B",
                1
            ],
            [
                "SKU-000089B",
                1
            ],
            [
                "SKU-000443C",
                1
            ],
            [
                "SKU-000089D",
                1
            ],
            [
                "SKU-000372B",
                1
            ],
            [
                "SKU-000020C",
                1
            ]
        ],
        "pickTime": "2025-07-30 07:36:59"
    },
    {
        "replenish": false,
        "skus": [
            [
                "SKU-000397A",
                1
            ],
            [
                "SKU-000193D",
                1
            ],
            [
                "SKU-000208A",
                1
            ],
            [
                "SKU-000396A",
                1
            ],
            [
                "SKU-000231D",
                1
            ],
            [
                "SKU-000430C",
                1
            ],
            [
                "SKU-000094C",
                1
            ],
            [
                "SKU-000072D",
                1
            ],
            [
                "SKU-000099C",
                1
            ],
            [
                "SKU-000456C",
                1
            ],
            [
                "SKU-000296D",
                1
            ],
            [
                "SKU-000157C",
                1
            ],
            [
                "SKU-000323A",
                1
            ],
            [
                "SKU-000118C",
                1
            ],
            [
                "SKU-000114A",
                1
            ]
        ],
        "pickTime": "2025-07-30 11:46:55"
    }
]