[
    {
        "replenish": true,
        "skus": [
            [
                "SKU-000161B",
                1
            ],
            [
                "SKU-000293C",
                1
            ],
            [
                "SKU-000145D",
                1
            ],
            [
                "SKU-000355C",
                1
            ],
            [
                "SKU-000433C",
                1
            ],
            [
                "SKU-000450C",
                1
            ],
            [
                "SKU-000019C",
                1
            ],
            [
                "SKU-000083D",
                1
            ],
            [
                "SKU-000206A",
                1
            ]
        ],
        "pickTime": "2025-07-01 01:19:03"
    },
    {
        "replenish": true,
        "skus": [
            [
                "SKU-000361B",
                1
            ],
            [
                "SKU-000408B",
                1
            ],
            [
                "SKU-000192C",
                1
            ]
        ],
        "pickTime": "2025-07-01 04:42:05"
    },
    {
        "replenish": true,
        "skus": [
            [
                "SKU-000008A",
                1
            ],
            [
                "SKU-000308C",
                1
            ],
            [
                "SKU-000137C",
                1
            ],
            [
                "SKU-000422D",
                1
            ],
            [
                "SKU-000054B",
                1
            ],
            [
                "SKU-000131D",
                1
            ],
            [
                "SKU-000223B",
                1
            ],
            [
                "SKU-000444A",
                1
            ],
            [
                "SKU-000339C",
                1
            ]
        ],
        "pickTime": "2025-07-01 04:59:34"
    },
    {
        "replenish": true,
        "skus": [
            [
                "SKU-000490B",
                1
            ]
        ],
        "pickTime": "2025-07-01 12:56:09"
    },
    {
        "replenish": true,
        "skus": [
            [
                "SKU-000056A",
                1
            ],
            [
                "SKU-000303C",
                1
            ],
            [
                "SKU-000160C",
                1
            ],
            [
                "SKU-000123A",
                1
            ],
            [
                "SKU-000261B",
                1
            ],
            [
                "SKU-000216C",
                1
            ],
            [
                "SKU-000477D",
                1
            ],
            [
                "SKU-000210C",
                1
            ],
            [
                "SKU-000261B",
                1
            ],
            [
                "SKU-000482D",
                1
            ],
            [
                "SKU-000407A",
                1
            ],
            [
                "SKU-000346A",
                1
            ],
            [
                "SKU-000411C",
                1
            ],
            [
                "SKU-000363A",
                1
            ],
            [
                "SKU-000322A",
                1
            ],
            [
                "SKU-000401D",
                1
            ],
            [
                "SKU-000131D",
                1
            ],
            [
                "SKU-000367A",
                1
            ],
            [
                "SKU-000176B",
                1
            ],
            [
                "SKU-000290D",
                1
            ],
            [
                "SKU-000241B",
                1
            ],
            [
                "SKU-000143A",
                1
            ],
            [
                "SKU-000148A",
                1
            ],
            [
                "SKU-000192C",
                1
            ]
        ],
        "pickTime": "2025-07-02 09:09:10"
    },
    {
        "replenish": true,
        "skus": [
            [
                "SKU-000451A",
                1
            ],
            [
                "SKU-000241B",
                1
            ]
        ],
        "pickTime": "2025-07-02 15:13:49"
    },
    {
        "replenish": true,
        "skus": [
            [
                "SKU-000325A",
                1
            ],
            [
                "SKU-000267D",
                1
            ],
            [
                "SKU-000428C",
                1
            ],
            [
                "SKU-000456C",
                1
            ],
            [
                "SKU-000242A",
                1
            ]
        ],
        "pickTime": "2025-07-02 15:40:32"
    },
    {
        "replenish": true,
        "skus": [
            [
                "SKU-000380D",
                1
            ],
            [
                "SKU-000461B",
                1
            ],
            [
                "SKU-000166C",
                1
            ],
            [
                "SKU-000178D",
                1
            ],
            [
                "SKU-000473A",
                1
            ],
            [
                "SKU-000025C",
                1
            ],
            [
                "SKU-000292C",
                1
            ],
            [
                "SKU-000414B",
                1
            ],
            [
                "SKU-000090B",
                1
            ],
            [
                "SKU-000261B",
                1
            ],
            [
                "SKU-000311C",
                1
            ],
            [
                "SKU-000435C",
                1
            ],
            [
                "SKU-000433C",
                1
            ],
            [
                "SKU-000490A",
                1
            ]
        ],
        "pickTime": "2025-07-02 15:50:20"
    },
    {
        "replenish": true,
        "skus": [
            [
                "SKU-000458B",
                1
            ],
            [
                "SKU-000219B",
                1
            ],
            [
                "SKU-000229B",
                1
            ],
            [
                "SKU-000367D",
                1
            ],
            [
                "SKU-000276B",
                1
            ],
            [
                "SKU-000417C",
                1
            ],
            [
                "SKU-000340A",
                1
            ],
            [
                "SKU-000433C",
                1
            ],
            [
                "SKU-000433C",
                1
            ],
            [
                "SKU-000104D",
                1
            ],
            [
                "SKU-000268A",
                1
            ],
            [
                "SKU-000089B",
                1
            ],
            [
                "SKU-000376B",
                1
            ],
            [
                "SKU-000183C",
                1
            ],
            [
                "SKU-000204A",
                1
            ],
            [
                "SKU-000407B",
                1
            ],
            [
                "SKU-000274B",
                1
            ],
            [
                "SKU-000095B",
                1
            ]
        ],
        "pickTime": "2025-07-03 01:11:25"
    },
    {
        "replenish": true,
        "skus": [
            [
                "SKU-000202D",
                1
            ],
            [
                "SKU-000420D",
                1
            ],
            [
                "SKU-000340B",
                1
            ],
            [
                "SKU-000084D",
                1
            ],
            [
                "SKU-000439D",
                1
            ],
            [
                "SKU-000254A",
                1
            ],
            [
                "SKU-000172D",
                1
            ],
            [
                "SKU-000351C",
                1
            ],
            [
                "SKU-000494A",
                1
            ],
            [
                "SKU-000074C",
                1
            ],
            [
                "SKU-000469D",
                1
            ],
            [
                "SKU-000301A",
                1
            ],
            [
                "SKU-000022C",
                1
            ],
            [
                "SKU-000356D",
                1
            ],
            [
                "SKU-000183D",
                1
            ],
            [
                "SKU-000386C",
                1
            ],
            [
                "SKU-000293C",
                1
            ],
            [
                "SKU-000176B",
                1
            ],
            [
                "SKU-000376D",
                1
            ],
            [
                "SKU-000266D",
                1
            ],
            [
                "SKU-000043C",
                1
            ],
            [
                "SKU-000292B",
                1
            ],
            [
                "SKU-000243C",
                1
            ],
            [
                "SKU-000239C",
                1
            ],
            [
                "SKU-000474B",
                1
            ],
            [
                "SKU-000341A",
                1
            ],
            [
                "SKU-000491A",
                1
            ],
            [
                "SKU-000023C",
                1
            ]
        ],
        "pickTime": "2025-07-03 02:28:35"
    },
    {
        "replenish": true,
        "skus": [
            [
                "SKU-000268A",
                1
            ],
            [
                "SKU-000355A",
                1
            ],
            [
                "SKU-000463B",
                1
            ],
            [
                "SKU-000143A",
                1
            ],
            [
                "SKU-000414B",
                1
            ],
            [
                "SKU-000065D",
                1
            ],
            [
                "SKU-000204A",
                1
            ],
            [
                "SKU-000133D",
                1
            ]
        ],
        "pickTime": "2025-07-03 15:31:24"
    },
    {
        "replenish": true,
        "skus": [
            [
                "SKU-000275A",
                1
            ],
            [
                "SKU-000202D",
                1
            ],
            [
                "SKU-000276B",
                1
            ],
            [
                "SKU-000340B",
                1
            ],
            [
                "SKU-000295B",
                1
            ]
        ],
        "pickTime": "2025-07-04 08:49:12"
    },
    {
        "replenish": true,
        "skus": [
            [
                "SKU-000269B",
                1
            ],
            [
                "SKU-000012D",
                1
            ],
            [
                "SKU-000428D",
                1
            ],
            [
                "SKU-000173A",
                1
            ],
            [
                "SKU-000213A",
                1
            ],
            [
                "SKU-000176D",
                1
            ],
            [
                "SKU-000491A",
                1
            ],
            [
                "SKU-000215C",
                1
            ],
            [
                "SKU-000274C",
                1
            ],
            [
                "SKU-000229B",
                1
            ],
            [
                "SKU-000150C",
                1
            ]
        ],
        "pickTime": "2025-07-04 09:40:05"
    },
    {
        "replenish": true,
        "skus": [
            [
                "SKU-000484D",
                1
            ],
            [
                "SKU-000072A",
                1
            ],
            [
                "SKU-000057A",
                1
            ],
            [
                "SKU-000196D",
                1
            ],
            [
                "SKU-000183D",
                1
            ],
            [
                "SKU-000306C",
                1
            ],
            [
                "SKU-000234A",
                1
            ],
            [
                "SKU-000057D",
                1
            ],
            [
                "SKU-000346A",
                1
            ],
            [
                "SKU-000416A",
                1
            ],
            [
                "SKU-000202D",
                1
            ],
            [
                "SKU-000357D",
                1
            ],
            [
                "SKU-000156A",
                1
            ],
            [
                "SKU-000142B",
                1
            ]
        ],
        "pickTime": "2025-07-04 12:30:42"
    },
    {
        "replenish": true,
        "skus": [
            [
                "SKU-000089A",
                1
            ],
            [
                "SKU-000466D",
                1
            ],
            [
                "SKU-000206D",
                1
            ],
            [
                "SKU-000027C",
                1
            ],
            [
                "SKU-000067B",
                1
            ],
            [
                "SKU-000130C",
                1
            ],
            [
                "SKU-000413A",
                1
            ],
            [
                "SKU-000320D",
                1
            ],
            [
                "SKU-000152C",
                1
            ],
            [
                "SKU-000234B",
                1
            ],
            [
                "SKU-000387A",
                1
            ],
            [
                "SKU-000036D",
                1
            ],
            [
                "SKU-000185A",
                1
            ]
        ],
        "pickTime": "2025-07-04 16:36:51"
    },
    {
        "replenish": true,
        "skus": [
            [
                "SKU-000047D",
                1
            ],
            [
                "SKU-000412A",
                1
            ],
            [
                "SKU-000458C",
                1
            ],
            [
                "SKU-000013A",
                1
            ],
            [
                "SKU-000049C",
                1
            ],
            [
                "SKU-000101B",
                1
            ],
            [
                "SKU-000223B",
                1
            ],
            [
                "SKU-000372C",
                1
            ],
            [
                "SKU-000439D",
                1
            ],
            [
                "SKU-000416C",
                1
            ],
            [
                "SKU-000463C",
                1
            ],
            [
                "SKU-000274B",
                1
            ],
            [
                "SKU-000469B",
                1
            ],
            [
                "SKU-000459D",
                1
            ],
            [
                "SKU-000455C",
                1
            ],
            [
                "SKU-000424C",
                1
            ]
        ],
        "pickTime": "2025-07-05 05:34:09"
    },
    {
        "replenish": true,
        "skus": [
            [
                "SKU-000128C",
                1
            ],
            [
                "SKU-000281B",
                1
            ],
            [
                "SKU-000145D",
                1
            ],
            [
                "SKU-000270B",
                1
            ],
            [
                "SKU-000131D",
                1
            ],
            [
                "SKU-000165B",
                1
            ],
            [
                "SKU-000301B",
                1
            ],
            [
                "SKU-000194C",
                1
            ],
            [
                "SKU-000184B",
                1
            ],
            [
                "SKU-000042C",
                1
            ],
            [
                "SKU-000167C",
                1
            ],
            [
                "SKU-000131A",
                1
            ],
            [
                "SKU-000366B",
                1
            ],
            [
                "SKU-000301A",
                1
            ],
            [
                "SKU-000390D",
                1
            ],
            [
                "SKU-000480B",
                1
            ],
            [
                "SKU-000077C",
                1
            ],
            [
                "SKU-000376B",
                1
            ],
            [
                "SKU-000219C",
                1
            ],
            [
                "SKU-000042C",
                1
            ],
            [
                "SKU-000236C",
                1
            ],
            [
                "SKU-000293C",
                1
            ],
            [
                "SKU-000095B",
                1
            ],
            [
                "SKU-000042B",
                1
            ],
            [
                "SKU-000152C",
                1
            ],
            [
                "SKU-000443A",
                1
            ],
            [
                "SKU-000323A",
                1
            ],
            [
                "SKU-000017B",
                1
            ],
            [
                "SKU-000095B",
                1
            ],
            [
                "SKU-000215A",
                1
            ],
            [
                "SKU-000491B",
                1
            ],
            [
                "SKU-000362A",
                1
            ],
            [
                "SKU-000346C",
                1
            ],
            [
                "SKU-000092C",
                1
            ],
            [
                "SKU-000417C",
                1
            ],
            [
                "SKU-000067D",
                1
            ],
            [
                "SKU-000181B",
                1
            ],
            [
                "SKU-000439D",
                1
            ],
            [
                "SKU-000350B",
                1
            ],
            [
                "SKU-000496D",
                1
            ],
            [
                "SKU-000043B",
                1
            ],
            [
                "SKU-000114A",
                1
            ],
            [
                "SKU-000177D",
                1
            ]
        ],
        "pickTime": "2025-07-05 10:06:08"
    },
    {
        "replenish": true,
        "skus": [
            [
                "SKU-000002B",
                1
            ],
            [
                "SKU-000009D",
                1
            ],
            [
                "SKU-000419D",
                1
            ],
            [
                "SKU-000317B",
                1
            ],
            [
                "SKU-000249A",
                1
            ],
            [
                "SKU-000363A",
                1
            ],
            [
                "SKU-000121B",
                1
            ],
            [
                "SKU-000329B",
                1
            ],
            [
                "SKU-000008A",
                1
            ],
            [
                "SKU-000289D",
                1
            ]
        ],
        "pickTime": "2025-07-05 12:00:59"
    },
    {
        "replenish": true,
        "skus": [
            [
                "SKU-000497A",
                1
            ],
            [
                "SKU-000081A",
                1
            ],
            [
                "SKU-000139B",
                1
            ],
            [
                "SKU-000204C",
                1
            ],
            [
                "SKU-000220A",
                1
            ],
            [
                "SKU-000265C",
                1
            ],
            [
                "SKU-000039C",
                1
            ],
            [
                "SKU-000180D",
                1
            ]
        ],
        "pickTime": "2025-07-06 03:35:06"
    },
    {
        "replenish": true,
        "skus": [
            [
                "SKU-000315B",
                1
            ],
            [
                "SKU-000422A",
                1
            ],
            [
                "SKU-000107C",
                1
            ],
            [
                "SKU-000216B",
                1
            ],
            [
                "SKU-000137C",
                1
            ],
            [
                "SKU-000388A",
                1
            ],
            [
                "SKU-000189A",
                1
            ],
            [
                "SKU-000229B",
                1
            ],
            [
                "SKU-000090D",
                1
            ]
        ],
        "pickTime": "2025-07-06 23:05:45"
    },
    {
        "replenish": true,
        "skus": [
            [
                "SKU-000271D",
                1
            ],
            [
                "SKU-000272A",
                1
            ],
            [
                "SKU-000118C",
                1
            ],
            [
                "SKU-000194C",
                1
            ],
            [
                "SKU-000222C",
                1
            ],
            [
                "SKU-000229B",
                1
            ],
            [
                "SKU-000171D",
                1
            ],
            [
                "SKU-000413B",
                1
            ],
            [
                "SKU-000381D",
                1
            ],
            [
                "SKU-000309B",
                1
            ],
            [
                "SKU-000473C",
                1
            ],
            [
                "SKU-000396D",
                1
            ],
            [
                "SKU-000155C",
                1
            ],
            [
                "SKU-000213C",
                1
            ],
            [
                "SKU-000323A",
                1
            ],
            [
                "SKU-000496A",
                1
            ],
            [
                "SKU-000351C",
                1
            ],
            [
                "SKU-000407A",
                1
            ],
            [
                "SKU-000474C",
                1
            ],
            [
                "SKU-000363A",
                1
            ],
            [
                "SKU-000046A",
                1
            ],
            [
                "SKU-000388A",
                1
            ],
            [
                "SKU-000179D",
                1
            ],
            [
                "SKU-000260C",
                1
            ],
            [
                "SKU-000465D",
                1
            ],
            [
                "SKU-000349D",
                1
            ],
            [
                "SKU-000272C",
                1
            ],
            [
                "SKU-000293B",
                1
            ],
            [
                "SKU-000220D",
                1
            ],
            [
                "SKU-000007A",
                1
            ],
            [
                "SKU-000263A",
                1
            ],
            [
                "SKU-000040B",
                1
            ],
            [
                "SKU-000197C",
                1
            ],
            [
                "SKU-000147D",
                1
            ],
            [
                "SKU-000067D",
                1
            ],
            [
                "SKU-000427A",
                1
            ],
            [
                "SKU-000192B",
                1
            ],
            [
                "SKU-000096D",
                1
            ],
            [
                "SKU-000111B",
                1
            ],
            [
                "SKU-000067A",
                1
            ],
            [
                "SKU-000474B",
                1
            ],
            [
                "SKU-000492D",
                1
            ],
            [
                "SKU-000483D",
                1
            ],
            [
                "SKU-000210A",
                1
            ],
            [
                "SKU-000211C",
                1
            ],
            [
                "SKU-000174D",
                1
            ],
            [
                "SKU-000132B",
                1
            ],
            [
                "SKU-000011A",
                1
            ],
            [
                "SKU-000005C",
                1
            ],
            [
                "SKU-000042C",
                1
            ],
            [
                "SKU-000417C",
                1
            ],
            [
                "SKU-000166C",
                1
            ],
            [
                "SKU-000432B",
                1
            ],
            [
                "SKU-000067D",
                1
            ],
            [
                "SKU-000089A",
                1
            ],
            [
                "SKU-000175A",
                1
            ],
            [
                "SKU-000118C",
                1
            ],
            [
                "SKU-000461B",
                1
            ],
            [
                "SKU-000427C",
                1
            ],
            [
                "SKU-000189A",
                1
            ],
            [
                "SKU-000051B",
                1
            ],
            [
                "SKU-000217B",
                1
            ],
            [
                "SKU-000242A",
                1
            ],
            [
                "SKU-000125C",
                1
            ],
            [
                "SKU-000042B",
                1
            ]
        ],
        "pickTime": "2025-07-06 23:39:25"
    },
    {
        "replenish": true,
        "skus": [
            [
                "SKU-000307A",
                1
            ],
            [
                "SKU-000057D",
                1
            ],
            [
                "SKU-000137B",
                1
            ],
            [
                "SKU-000194D",
                1
            ],
            [
                "SKU-000419D",
                1
            ],
            [
                "SKU-000054B",
                1
            ],
            [
                "SKU-000356D",
                1
            ],
            [
                "SKU-000234B",
                1
            ],
            [
                "SKU-000420A",
                1
            ],
            [
                "SKU-000216B",
                1
            ],
            [
                "SKU-000266D",
                1
            ],
            [
                "SKU-000351D",
                1
            ],
            [
                "SKU-000293C",
                1
            ],
            [
                "SKU-000174B",
                1
            ]
        ],
        "pickTime": "2025-07-07 05:46:06"
    },
    {
        "replenish": true,
        "skus": [
            [
                "SKU-000141B",
                1
            ],
            [
                "SKU-000096D",
                1
            ],
            [
                "SKU-000420A",
                1
            ],
            [
                "SKU-000272C",
                1
            ],
            [
                "SKU-000170D",
                1
            ],
            [
                "SKU-000112D",
                1
            ],
            [
                "SKU-000217B",
                1
            ],
            [
                "SKU-000090B",
                1
            ],
            [
                "SKU-000126C",
                1
            ],
            [
                "SKU-000023B",
                1
            ],
            [
                "SKU-000232B",
                1
            ],
            [
                "SKU-000413A",
                1
            ],
            [
                "SKU-000309B",
                1
            ],
            [
                "SKU-000281D",
                1
            ],
            [
                "SKU-000294A",
                1
            ],
            [
                "SKU-000403B",
                1
            ],
            [
                "SKU-000477D",
                1
            ],
            [
                "SKU-000037B",
                1
            ],
            [
                "SKU-000174B",
                1
            ],
            [
                "SKU-000024D",
                1
            ],
            [
                "SKU-000137B",
                1
            ],
            [
                "SKU-000488C",
                1
            ],
            [
                "SKU-000195D",
                1
            ]
        ],
        "pickTime": "2025-07-07 06:06:22"
    },
    {
        "replenish": true,
        "skus": [
            [
                "SKU-000241B",
                1
            ],
            [
                "SKU-000155C",
                1
            ],
            [
                "SKU-000437B",
                1
            ],
            [
                "SKU-000323C",
                1
            ],
            [
                "SKU-000363A",
                1
            ],
            [
                "SKU-000473C",
                1
            ],
            [
                "SKU-000041C",
                1
            ],
            [
                "SKU-000222B",
                1
            ],
            [
                "SKU-000111B",
                1
            ],
            [
                "SKU-000072A",
                1
            ],
            [
                "SKU-000310C",
                1
            ],
            [
                "SKU-000417D",
                1
            ],
            [
                "SKU-000051B",
                1
            ],
            [
                "SKU-000185D",
                1
            ]
        ],
        "pickTime": "2025-07-07 09:19:44"
    },
    {
        "replenish": true,
        "skus": [
            [
                "SKU-000276A",
                1
            ],
            [
                "SKU-000452C",
                1
            ],
            [
                "SKU-000032D",
                1
            ],
            [
                "SKU-000364A",
                1
            ],
            [
                "SKU-000156D",
                1
            ],
            [
                "SKU-000486C",
                1
            ],
            [
                "SKU-000171C",
                1
            ],
            [
                "SKU-000254D",
                1
            ],
            [
                "SKU-000367D",
                1
            ],
            [
                "SKU-000191B",
                1
            ],
            [
                "SKU-000061D",
                1
            ],
            [
                "SKU-000254A",
                1
            ],
            [
                "SKU-000009C",
                1
            ],
            [
                "SKU-000274B",
                1
            ],
            [
                "SKU-000113C",
                1
            ],
            [
                "SKU-000184B",
                1
            ],
            [
                "SKU-000452A",
                1
            ],
            [
                "SKU-000344C",
                1
            ],
            [
                "SKU-000285D",
                1
            ],
            [
                "SKU-000082A",
                1
            ],
            [
                "SKU-000097C",
                1
            ],
            [
                "SKU-000210A",
                1
            ],
            [
                "SKU-000322A",
                1
            ],
            [
                "SKU-000223B",
                1
            ],
            [
                "SKU-000475D",
                1
            ],
            [
                "SKU-000394B",
                1
            ],
            [
                "SKU-000202B",
                1
            ],
            [
                "SKU-000355A",
                1
            ],
            [
                "SKU-000424D",
                1
            ],
            [
                "SKU-000156A",
                1
            ],
            [
                "SKU-000258A",
                1
            ],
            [
                "SKU-000136A",
                1
            ]
        ],
        "pickTime": "2025-07-07 11:50:21"
    },
    {
        "replenish": true,
        "skus": [
            [
                "SKU-000105B",
                1
            ],
            [
                "SKU-000004A",
                1
            ],
            [
                "SKU-000484C",
                1
            ],
            [
                "SKU-000199C",
                1
            ],
            [
                "SKU-000187C",
                1
            ],
            [
                "SKU-000310B",
                1
            ],
            [
                "SKU-000176B",
                1
            ],
            [
                "SKU-000250C",
                1
            ],
            [
                "SKU-000162D",
                1
            ],
            [
                "SKU-000204A",
                1
            ],
            [
                "SKU-000432B",
                1
            ],
            [
                "SKU-000475C",
                1
            ],
            [
                "SKU-000110D",
                1
            ],
            [
                "SKU-000272C",
                1
            ],
            [
                "SKU-000261B",
                1
            ],
            [
                "SKU-000197C",
                1
            ],
            [
                "SKU-000271B",
                1
            ],
            [
                "SKU-000411A",
                1
            ],
            [
                "SKU-000413A",
                1
            ],
            [
                "SKU-000056A",
                1
            ],
            [
                "SKU-000499C",
                1
            ]
        ],
        "pickTime": "2025-07-07 19:25:37"
    },
    {
        "replenish": true,
        "skus": [
            [
                "SKU-000410C",
                1
            ],
            [
                "SKU-000352D",
                1
            ],
            [
                "SKU-000457D",
                1
            ]
        ],
        "pickTime": "2025-07-07 21:46:31"
    },
    {
        "replenish": true,
        "skus": [
            [
                "SKU-000194D",
                1
            ],
            [
                "SKU-000375C",
                1
            ],
            [
                "SKU-000062B",
                1
            ],
            [
                "SKU-000358C",
                1
            ],
            [
                "SKU-000200B",
                1
            ],
            [
                "SKU-000420B",
                1
            ],
            [
                "SKU-000271C",
                1
            ]
        ],
        "pickTime": "2025-07-08 02:23:59"
    },
    {
        "replenish": true,
        "skus": [
            [
                "SKU-000464D",
                1
            ],
            [
                "SKU-000222C",
                1
            ],
            [
                "SKU-000251B",
                1
            ],
            [
                "SKU-000104B",
                1
            ],
            [
                "SKU-000106A",
                1
            ],
            [
                "SKU-000112A",
                1
            ],
            [
                "SKU-000114B",
                1
            ],
            [
                "SKU-000489B",
                1
            ],
            [
                "SKU-000105C",
                1
            ],
            [
                "SKU-000500C",
                1
            ],
            [
                "SKU-000491A",
                1
            ],
            [
                "SKU-000275C",
                1
            ],
            [
                "SKU-000124D",
                1
            ],
            [
                "SKU-000403B",
                1
            ],
            [
                "SKU-000264B",
                1
            ],
            [
                "SKU-000312A",
                1
            ],
            [
                "SKU-000217C",
                1
            ],
            [
                "SKU-000420A",
                1
            ],
            [
                "SKU-000025D",
                1
            ],
            [
                "SKU-000451A",
                1
            ],
            [
                "SKU-000077C",
                1
            ],
            [
                "SKU-000140C",
                1
            ],
            [
                "SKU-000067D",
                1
            ],
            [
                "SKU-000247A",
                1
            ],
            [
                "SKU-000082B",
                1
            ],
            [
                "SKU-000408A",
                1
            ],
            [
                "SKU-000137B",
                1
            ],
            [
                "SKU-000319C",
                1
            ]
        ],
        "pickTime": "2025-07-08 06:26:16"
    },
    {
        "replenish": true,
        "skus": [
            [
                "SKU-000202B",
                1
            ],
            [
                "SKU-000163A",
                1
            ],
            [
                "SKU-000417D",
                1
            ],
            [
                "SKU-000106B",
                1
            ]
        ],
        "pickTime": "2025-07-08 10:53:40"
    },
    {
        "replenish": true,
        "skus": [
            [
                "SKU-000061B",
                1
            ],
            [
                "SKU-000380C",
                1
            ],
            [
                "SKU-000248A",
                1
            ],
            [
                "SKU-000261B",
                1
            ],
            [
                "SKU-000107B",
                1
            ],
            [
                "SKU-000242A",
                1
            ],
            [
                "SKU-000380C",
                1
            ],
            [
                "SKU-000384D",
                1
            ]
        ],
        "pickTime": "2025-07-08 13:39:59"
    },
    {
        "replenish": true,
        "skus": [
            [
                "SKU-000096D",
                1
            ],
            [
                "SKU-000145B",
                1
            ],
            [
                "SKU-000144C",
                1
            ],
            [
                "SKU-000083A",
                1
            ],
            [
                "SKU-000407C",
                1
            ],
            [
                "SKU-000332A",
                1
            ],
            [
                "SKU-000048A",
                1
            ],
            [
                "SKU-000263C",
                1
            ],
            [
                "SKU-000448C",
                1
            ],
            [
                "SKU-000180B",
                1
            ]
        ],
        "pickTime": "2025-07-08 17:15:08"
    },
    {
        "replenish": true,
        "skus": [
            [
                "SKU-000414D",
                1
            ],
            [
                "SKU-000058A",
                1
            ],
            [
                "SKU-000206C",
                1
            ],
            [
                "SKU-000329D",
                1
            ],
            [
                "SKU-000351C",
                1
            ],
            [
                "SKU-000016C",
                1
            ],
            [
                "SKU-000219B",
                1
            ]
        ],
        "pickTime": "2025-07-08 17:25:14"
    },
    {
        "replenish": true,
        "skus": [
            [
                "SKU-000391A",
                1
            ],
            [
                "SKU-000095B",
                1
            ],
            [
                "SKU-000090D",
                1
            ],
            [
                "SKU-000399B",
                1
            ],
            [
                "SKU-000472C",
                1
            ],
            [
                "SKU-000013D",
                1
            ]
        ],
        "pickTime": "2025-07-09 05:00:20"
    },
    {
        "replenish": true,
        "skus": [
            [
                "SKU-000394D",
                1
            ]
        ],
        "pickTime": "2025-07-09 06:24:24"
    },
    {
        "replenish": true,
        "skus": [
            [
                "SKU-000306C",
                1
            ],
            [
                "SKU-000042B",
                1
            ],
            [
                "SKU-000353A",
                1
            ],
            [
                "SKU-000187C",
                1
            ],
            [
                "SKU-000130A",
                1
            ],
            [
                "SKU-000395B",
                1
            ],
            [
                "SKU-000457D",
                1
            ],
            [
                "SKU-000038A",
                1
            ],
            [
                "SKU-000142A",
                1
            ],
            [
                "SKU-000445A",
                1
            ],
            [
                "SKU-000234A",
                1
            ],
            [
                "SKU-000007B",
                1
            ],
            [
                "SKU-000144B",
                1
            ],
            [
                "SKU-000265C",
                1
            ],
            [
                "SKU-000233C",
                1
            ],
            [
                "SKU-000081B",
                1
            ],
            [
                "SKU-000462A",
                1
            ]
        ],
        "pickTime": "2025-07-09 07:52:27"
    },
    {
        "replenish": true,
        "skus": [
            [
                "SKU-000423C",
                1
            ],
            [
                "SKU-000457A",
                1
            ],
            [
                "SKU-000031D",
                1
            ],
            [
                "SKU-000482D",
                1
            ],
            [
                "SKU-000427A",
                1
            ],
            [
                "SKU-000222A",
                1
            ],
            [
                "SKU-000156D",
                1
            ],
            [
                "SKU-000313D",
                1
            ],
            [
                "SKU-000100D",
                1
            ],
            [
                "SKU-000403B",
                1
            ],
            [
                "SKU-000325A",
                1
            ],
            [
                "SKU-000061D",
                1
            ],
            [
                "SKU-000042C",
                1
            ],
            [
                "SKU-000308A",
                1
            ],
            [
                "SKU-000355B",
                1
            ],
            [
                "SKU-000253D",
                1
            ],
            [
                "SKU-000343A",
                1
            ],
            [
                "SKU-000194C",
                1
            ],
            [
                "SKU-000071A",
                1
            ],
            [
                "SKU-000360B",
                1
            ],
            [
                "SKU-000486B",
                1
            ]
        ],
        "pickTime": "2025-07-09 17:18:29"
    },
    {
        "replenish": true,
        "skus": [
            [
                "SKU-000154D",
                1
            ],
            [
                "SKU-000070A",
                1
            ],
            [
                "SKU-000243C",
                1
            ],
            [
                "SKU-000261B",
                1
            ]
        ],
        "pickTime": "2025-07-09 17:44:22"
    },
    {
        "replenish": true,
        "skus": [
            [
                "SKU-000140D",
                1
            ],
            [
                "SKU-000490C",
                1
            ],
            [
                "SKU-000435D",
                1
            ],
            [
                "SKU-000141A",
                1
            ],
            [
                "SKU-000428C",
                1
            ]
        ],
        "pickTime": "2025-07-09 21:23:00"
    },
    {
        "replenish": true,
        "skus": [
            [
                "SKU-000036D",
                1
            ],
            [
                "SKU-000490C",
                1
            ],
            [
                "SKU-000427A",
                1
            ],
            [
                "SKU-000343D",
                1
            ],
            [
                "SKU-000192D",
                1
            ]
        ],
        "pickTime": "2025-07-09 22:58:43"
    },
    {
        "replenish": true,
        "skus": [
            [
                "SKU-000070B",
                1
            ],
            [
                "SKU-000419D",
                1
            ],
            [
                "SKU-000234B",
                1
            ],
            [
                "SKU-000127A",
                1
            ],
            [
                "SKU-000018C",
                1
            ],
            [
                "SKU-000463A",
                1
            ],
            [
                "SKU-000229D",
                1
            ],
            [
                "SKU-000202D",
                1
            ],
            [
                "SKU-000081B",
                1
            ],
            [
                "SKU-000021C",
                1
            ],
            [
                "SKU-000331A",
                1
            ],
            [
                "SKU-000387A",
                1
            ],
            [
                "SKU-000249B",
                1
            ],
            [
                "SKU-000101A",
                1
            ],
            [
                "SKU-000299A",
                1
            ],
            [
                "SKU-000074A",
                1
            ],
            [
                "SKU-000372A",
                1
            ],
            [
                "SKU-000043A",
                1
            ],
            [
                "SKU-000169A",
                1
            ],
            [
                "SKU-000013D",
                1
            ],
            [
                "SKU-000139B",
                1
            ],
            [
                "SKU-000475D",
                1
            ],
            [
                "SKU-000212D",
                1
            ],
            [
                "SKU-000415A",
                1
            ],
            [
                "SKU-000202D",
                1
            ]
        ],
        "pickTime": "2025-07-10 17:08:02"
    },
    {
        "replenish": true,
        "skus": [
            [
                "SKU-000497A",
                1
            ],
            [
                "SKU-000426A",
                1
            ],
            [
                "SKU-000430B",
                1
            ],
            [
                "SKU-000309D",
                1
            ]
        ],
        "pickTime": "2025-07-10 18:34:08"
    },
    {
        "replenish": true,
        "skus": [
            [
                "SKU-000357C",
                1
            ],
            [
                "SKU-000040B",
                1
            ],
            [
                "SKU-000162D",
                1
            ],
            [
                "SKU-000067D",
                1
            ],
            [
                "SKU-000146B",
                1
            ]
        ],
        "pickTime": "2025-07-10 19:11:19"
    },
    {
        "replenish": true,
        "skus": [
            [
                "SKU-000148B",
                1
            ],
            [
                "SKU-000437C",
                1
            ],
            [
                "SKU-000145D",
                1
            ],
            [
                "SKU-000491B",
                1
            ]
        ],
        "pickTime": "2025-07-10 22:04:53"
    },
    {
        "replenish": true,
        "skus": [
            [
                "SKU-000024C",
                1
            ],
            [
                "SKU-000145C",
                1
            ],
            [
                "SKU-000457D",
                1
            ]
        ],
        "pickTime": "2025-07-11 08:34:32"
    },
    {
        "replenish": true,
        "skus": [
            [
                "SKU-000364A",
                1
            ],
            [
                "SKU-000242A",
                1
            ],
            [
                "SKU-000480D",
                1
            ],
            [
                "SKU-000012C",
                1
            ],
            [
                "SKU-000029D",
                1
            ],
            [
                "SKU-000269A",
                1
            ],
            [
                "SKU-000111C",
                1
            ],
            [
                "SKU-000007A",
                1
            ],
            [
                "SKU-000343A",
                1
            ],
            [
                "SKU-000165D",
                1
            ],
            [
                "SKU-000211C",
                1
            ],
            [
                "SKU-000051B",
                1
            ],
            [
                "SKU-000237B",
                1
            ],
            [
                "SKU-000308C",
                1
            ]
        ],
        "pickTime": "2025-07-11 14:04:20"
    },
    {
        "replenish": true,
        "skus": [
            [
                "SKU-000394C",
                1
            ],
            [
                "SKU-000345C",
                1
            ],
            [
                "SKU-000397D",
                1
            ],
            [
                "SKU-000013C",
                1
            ],
            [
                "SKU-000072D",
                1
            ],
            [
                "SKU-000027B",
                1
            ],
            [
                "SKU-000497D",
                1
            ],
            [
                "SKU-000411C",
                1
            ],
            [
                "SKU-000097B",
                1
            ],
            [
                "SKU-000201B",
                1
            ],
            [
                "SKU-000340A",
                1
            ],
            [
                "SKU-000344B",
                1
            ],
            [
                "SKU-000409C",
                1
            ],
            [
                "SKU-000081B",
                1
            ],
            [
                "SKU-000243B",
                1
            ],
            [
                "SKU-000201C",
                1
            ],
            [
                "SKU-000417C",
                1
            ],
            [
                "SKU-000408C",
                1
            ],
            [
                "SKU-000427A",
                1
            ],
            [
                "SKU-000233B",
                1
            ],
            [
                "SKU-000107A",
                1
            ],
            [
                "SKU-000468B",
                1
            ],
            [
                "SKU-000100D",
                1
            ],
            [
                "SKU-000113C",
                1
            ],
            [
                "SKU-000220C",
                1
            ],
            [
                "SKU-000345C",
                1
            ],
            [
                "SKU-000130C",
                1
            ],
            [
                "SKU-000002D",
                1
            ],
            [
                "SKU-000266D",
                1
            ],
            [
                "SKU-000253D",
                1
            ],
            [
                "SKU-000079C",
                1
            ],
            [
                "SKU-000380D",
                1
            ],
            [
                "SKU-000090B",
                1
            ],
            [
                "SKU-000052A",
                1
            ],
            [
                "SKU-000380C",
                1
            ],
            [
                "SKU-000381C",
                1
            ],
            [
                "SKU-000432B",
                1
            ]
        ],
        "pickTime": "2025-07-12 04:41:57"
    },
    {
        "replenish": true,
        "skus": [
            [
                "SKU-000471B",
                1
            ],
            [
                "SKU-000319C",
                1
            ],
            [
                "SKU-000218C",
                1
            ],
            [
                "SKU-000383A",
                1
            ],
            [
                "SKU-000237A",
                1
            ]
        ],
        "pickTime": "2025-07-12 05:18:18"
    },
    {
        "replenish": true,
        "skus": [
            [
                "SKU-000395B",
                1
            ],
            [
                "SKU-000229C",
                1
            ],
            [
                "SKU-000279A",
                1
            ]
        ],
        "pickTime": "2025-07-12 12:24:38"
    },
    {
        "replenish": true,
        "skus": [
            [
                "SKU-000217A",
                1
            ]
        ],
        "pickTime": "2025-07-12 14:28:03"
    },
    {
        "replenish": false,
        "skus": [
            [
                "SKU-000411C",
                1
            ],
            [
                "SKU-000096D",
                1
            ],
            [
                "SKU-000095A",
                1
            ],
            [
                "SKU-000442C",
                1
            ]
        ],
        "pickTime": "2025-07-13 17:07:09"
    },
    {
        "replenish": false,
        "skus": [
            [
                "SKU-000190B",
                1
            ],
            [
                "SKU-000459A",
                1
            ],
            [
                "SKU-000284A",
                1
            ]
        ],
        "pickTime": "2025-07-14 00:36:42"
    },
    {
        "replenish": false,
        "skus": [
            [
                "SKU-000227B",
                1
            ],
            [
                "SKU-000216B",
                1
            ],
            [
                "SKU-000498A",
                1
            ],
            [
                "SKU-000351D",
                1
            ],
            [
                "SKU-000058C",
                1
            ]
        ],
        "pickTime": "2025-07-14 07:39:22"
    },
    {
        "replenish": false,
        "skus": [
            [
                "SKU-000244C",
                1
            ],
            [
                "SKU-000011A",
                1
            ],
            [
                "SKU-000089A",
                1
            ],
            [
                "SKU-000038A",
                1
            ],
            [
                "SKU-000118A",
                1
            ],
            [
                "SKU-000033B",
                1
            ],
            [
                "SKU-000166A",
                1
            ],
            [
                "SKU-000401B",
                1
            ],
            [
                "SKU-000358D",
                1
            ],
            [
                "SKU-000340A",
                1
            ],
            [
                "SKU-000171B",
                1
            ],
            [
                "SKU-000345A",
                1
            ],
            [
                "SKU-000451D",
                1
            ],
            [
                "SKU-000416A",
                1
            ]
        ],
        "pickTime": "2025-07-14 14:14:18"
    },
    {
        "replenish": false,
        "skus": [
            [
                "SKU-000274B",
                1
            ],
            [
                "SKU-000078B",
                1
            ],
            [
                "SKU-000125C",
                1
            ],
            [
                "SKU-000364A",
                1
            ],
            [
                "SKU-000274B",
                1
            ],
            [
                "SKU-000334A",
                1
            ],
            [
                "SKU-000011C",
                1
            ],
            [
                "SKU-000137B",
                1
            ]
        ],
        "pickTime": "2025-07-15 21:47:09"
    },
    {
        "replenish": false,
        "skus": [
            [
                "SKU-000075B",
                1
            ],
            [
                "SKU-000427C",
                1
            ],
            [
                "SKU-000364A",
                1
            ],
            [
                "SKU-000452D",
                1
            ],
            [
                "SKU-000420A",
                1
            ],
            [
                "SKU-000497A",
                1
            ],
            [
                "SKU-000059B",
                1
            ],
            [
                "SKU-000301A",
                1
            ],
            [
                "SKU-000002B",
                1
            ],
            [
                "SKU-000325A",
                1
            ],
            [
                "SKU-000254A",
                1
            ],
            [
                "SKU-000293C",
                1
            ],
            [
                "SKU-000061D",
                1
            ],
            [
                "SKU-000312A",
                1
            ],
            [
                "SKU-000353A",
                1
            ],
            [
                "SKU-000064C",
                1
            ],
            [
                "SKU-000013B",
                1
            ]
        ],
        "pickTime": "2025-07-16 15:20:04"
    },
    {
        "replenish": false,
        "skus": [
            [
                "SKU-000451A",
                1
            ],
            [
                "SKU-000387A",
                1
            ],
            [
                "SKU-000171B",
                1
            ],
            [
                "SKU-000424D",
                1
            ]
        ],
        "pickTime": "2025-07-17 19:14:04"
    },
    {
        "replenish": false,
        "skus": [
            [
                "SKU-000261B",
                1
            ],
            [
                "SKU-000313C",
                1
            ],
            [
                "SKU-000453D",
                1
            ],
            [
                "SKU-000156A",
                1
            ],
            [
                "SKU-000489B",
                1
            ],
            [
                "SKU-000205A",
                1
            ],
            [
                "SKU-000188C",
                1
            ],
            [
                "SKU-000240A",
                1
            ],
            [
                "SKU-000425A",
                1
            ],
            [
                "SKU-000057A",
                1
            ],
            [
                "SKU-000210C",
                1
            ],
            [
                "SKU-000120C",
                1
            ],
            [
                "SKU-000284A",
                1
            ]
        ],
        "pickTime": "2025-07-18 18:24:15"
    },
    {
        "replenish": false,
        "skus": [
            [
                "SKU-000111B",
                1
            ]
        ],
        "pickTime": "2025-07-19 00:16:19"
    },
    {
        "replenish": false,
        "skus": [
            [
                "SKU-000437B",
                1
            ],
            [
                "SKU-000051C",
                1
            ],
            [
                "SKU-000087A",
                1
            ],
            [
                "SKU-000490D",
                1
            ],
            [
                "SKU-000378A",
                1
            ],
            [
                "SKU-000068B",
                1
            ],
            [
                "SKU-000070B",
                1
            ],
            [
                "SKU-000347A",
                1
            ],
            [
                "SKU-000492D",
                1
            ],
            [
                "SKU-000058A",
                1
            ],
            [
                "SKU-000221D",
                1
            ],
            [
                "SKU-000155C",
                1
            ],
            [
                "SKU-000390C",
                1
            ],
            [
                "SKU-000233C",
                1
            ],
            [
                "SKU-000033D",
                1
            ]
        ],
        "pickTime": "2025-07-19 00:54:46"
    },
    {
        "replenish": false,
        "skus": [
            [
                "SKU-000175A",
                1
            ],
            [
                "SKU-000174B",
                1
            ],
            [
                "SKU-000058C",
                1
            ],
            [
                "SKU-000334C",
                1
            ],
            [
                "SKU-000409B",
                1
            ],
            [
                "SKU-000456C",
                1
            ],
            [
                "SKU-000427A",
                1
            ],
            [
                "SKU-000325B",
                1
            ],
            [
                "SKU-000500C",
                1
            ]
        ],
        "pickTime": "2025-07-19 08:38:51"
    },
    {
        "replenish": false,
        "skus": [
            [
                "SKU-000356A",
                1
            ]
        ],
        "pickTime": "2025-07-19 19:06:07"
    },
    {
        "replenish": false,
        "skus": [
            [
                "SKU-000176B",
                1
            ],
            [
                "SKU-000458C",
                1
            ],
            [
                "SKU-000068A",
                1
            ],
            [
                "SKU-000246A",
                1
            ],
            [
                "SKU-000375C",
                1
            ],
            [
                "SKU-000141A",
                1
            ],
            [
                "SKU-000317B",
                1
            ]
        ],
        "pickTime": "2025-07-19 22:54:09"
    },
    {
        "replenish": false,
        "skus": [
            [
                "SKU-000488D",
                1
            ],
            [
                "SKU-000174B",
                1
            ]
        ],
        "pickTime": "2025-07-20 04:13:38"
    },
    {
        "replenish": false,
        "skus": [
            [
                "SKU-000340A",
                1
            ],
            [
                "SKU-000387A",
                1
            ],
            [
                "SKU-000181D",
                1
            ],
            [
                "SKU-000342D",
                1
            ],
            [
                "SKU-000216B",
                1
            ],
            [
                "SKU-000424D",
                1
            ],
            [
                "SKU-000329D",
                1
            ],
            [
                "SKU-000351D",
                1
            ],
            [
                "SKU-000301A",
                1
            ],
            [
                "SKU-000475B",
                1
            ],
            [
                "SKU-000450A",
                1
            ]
        ],
        "pickTime": "2025-07-20 06:32:55"
    },
    {
        "replenish": false,
        "skus": [
            [
                "SKU-000008D",
                1
            ],
            [
                "SKU-000216B",
                1
            ],
            [
                "SKU-000131B",
                1
            ]
        ],
        "pickTime": "2025-07-20 16:48:38"
    },
    {
        "replenish": false,
        "skus": [
            [
                "SKU-000174D",
                1
            ],
            [
                "SKU-000118C",
                1
            ],
            [
                "SKU-000209D",
                1
            ]
        ],
        "pickTime": "2025-07-20 18:01:11"
    },
    {
        "replenish": false,
        "skus": [
            [
                "SKU-000284A",
                1
            ],
            [
                "SKU-000416D",
                1
            ],
            [
                "SKU-000138C",
                1
            ],
            [
                "SKU-000176C",
                1
            ],
            [
                "SKU-000068A",
                1
            ]
        ],
        "pickTime": "2025-07-21 01:09:21"
    },
    {
        "replenish": false,
        "skus": [
            [
                "SKU-000216B",
                1
            ],
            [
                "SKU-000036D",
                1
            ],
            [
                "SKU-000431B",
                1
            ],
            [
                "SKU-000317A",
                1
            ]
        ],
        "pickTime": "2025-07-21 04:40:33"
    },
    {
        "replenish": false,
        "skus": [
            [
                "SKU-000246C",
                1
            ]
        ],
        "pickTime": "2025-07-21 13:14:16"
    },
    {
        "replenish": false,
        "skus": [
            [
                "SKU-000339C",
                1
            ],
            [
                "SKU-000036D",
                1
            ]
        ],
        "pickTime": "2025-07-21 17:05:50"
    },
    {
        "replenish": false,
        "skus": [
            [
                "SKU-000322A",
                1
            ],
            [
                "SKU-000270B",
                1
            ],
            [
                "SKU-000350B",
                1
            ],
            [
                "SKU-000176B",
                1
            ],
            [
                "SKU-000168C",
                1
            ],
            [
                "SKU-000317B",
                1
            ],
            [
                "SKU-000335D",
                1
            ]
        ],
        "pickTime": "2025-07-21 20:06:31"
    },
    {
        "replenish": false,
        "skus": [
            [
                "SKU-000500D",
                1
            ],
            [
                "SKU-000089D",
                1
            ],
            [
                "SKU-000196D",
                1
            ],
            [
                "SKU-000461D",
                1
            ],
            [
                "SKU-000012A",
                1
            ],
            [
                "SKU-000077C",
                1
            ],
            [
                "SKU-000097A",
                1
            ],
            [
                "SKU-000418B",
                1
            ],
            [
                "SKU-000343A",
                1
            ],
            [
                "SKU-000131D",
                1
            ],
            [
                "SKU-000021D",
                1
            ],
            [
                "SKU-000324C",
                1
            ]
        ],
        "pickTime": "2025-07-22 06:14:12"
    },
    {
        "replenish": false,
        "skus": [
            [
                "SKU-000044B",
                1
            ],
            [
                "SKU-000042C",
                1
            ],
            [
                "SKU-000052D",
                1
            ],
            [
                "SKU-000045B",
                1
            ],
            [
                "SKU-000384D",
                1
            ],
            [
                "SKU-000278B",
                1
            ],
            [
                "SKU-000132D",
                1
            ],
            [
                "SKU-000420A",
                1
            ],
            [
                "SKU-000328D",
                1
            ],
            [
                "SKU-000139C",
                1
            ],
            [
                "SKU-000299A",
                1
            ],
            [
                "SKU-000480B",
                1
            ],
            [
                "SKU-000292A",
                1
            ],
            [
                "SKU-000263D",
                1
            ]
        ],
        "pickTime": "2025-07-22 08:08:00"
    },
    {
        "replenish": false,
        "skus": [
            [
                "SKU-000072C",
                1
            ],
            [
                "SKU-000205A",
                1
            ],
            [
                "SKU-000123B",
                1
            ],
            [
                "SKU-000090B",
                1
            ]
        ],
        "pickTime": "2025-07-22 23:48:28"
    },
    {
        "replenish": false,
        "skus": [
            [
                "SKU-000433C",
                1
            ],
            [
                "SKU-000233A",
                1
            ],
            [
                "SKU-000144D",
                1
            ],
            [
                "SKU-000200A",
                1
            ],
            [
                "SKU-000437C",
                1
            ],
            [
                "SKU-000245B",
                1
            ],
            [
                "SKU-000497A",
                1
            ],
            [
                "SKU-000268D",
                1
            ],
            [
                "SKU-000292B",
                1
            ],
            [
                "SKU-000470A",
                1
            ]
        ],
        "pickTime": "2025-07-23 04:04:38"
    },
    {
        "replenish": false,
        "skus": [
            [
                "SKU-000050B",
                1
            ],
            [
                "SKU-000314B",
                1
            ],
            [
                "SKU-000188B",
                1
            ],
            [
                "SKU-000397D",
                1
            ],
            [
                "SKU-000387A",
                1
            ],
            [
                "SKU-000229B",
                1
            ],
            [
                "SKU-000356B",
                1
            ],
            [
                "SKU-000356D",
                1
            ],
            [
                "SKU-000305C",
                1
            ],
            [
                "SKU-000294A",
                1
            ],
            [
                "SKU-000102C",
                1
            ],
            [
                "SKU-000137C",
                1
            ],
            [
                "SKU-000170C",
                1
            ],
            [
                "SKU-000417D",
                1
            ],
            [
                "SKU-000278A",
                1
            ],
            [
                "SKU-000125C",
                1
            ],
            [
                "SKU-000332A",
                1
            ],
            [
                "SKU-000411A",
                1
            ],
            [
                "SKU-000379C",
                1
            ],
            [
                "SKU-000106B",
                1
            ],
            [
                "SKU-000259C",
                1
            ]
        ],
        "pickTime": "2025-07-24 09:24:16"
    },
    {
        "replenish": false,
        "skus": [
            [
                "SKU-000175C",
                1
            ],
            [
                "SKU-000057B",
                1
            ],
            [
                "SKU-000263C",
                1
            ],
            [
                "SKU-000222C",
                1
            ],
            [
                "SKU-000074A",
                1
            ]
        ],
        "pickTime": "2025-07-24 09:25:57"
    },
    {
        "replenish": false,
        "skus": [
            [
                "SKU-000088B",
                1
            ],
            [
                "SKU-000078D",
                1
            ],
            [
                "SKU-000469A",
                1
            ],
            [
                "SKU-000042B",
                1
            ]
        ],
        "pickTime": "2025-07-24 11:44:23"
    },
    {
        "replenish": false,
        "skus": [
            [
                "SKU-000130C",
                1
            ],
            [
                "SKU-000308A",
                1
            ],
            [
                "SKU-000243B",
                1
            ]
        ],
        "pickTime": "2025-07-24 17:12:50"
    },
    {
        "replenish": false,
        "skus": [
            [
                "SKU-000203B",
                1
            ],
            [
                "SKU-000437A",
                1
            ]
        ],
        "pickTime": "2025-07-25 05:29:17"
    },
    {
        "replenish": false,
        "skus": [
            [
                "SKU-000473D",
                1
            ],
            [
                "SKU-000124D",
                1
            ],
            [
                "SKU-000193B",
                1
            ],
            [
                "SKU-000448C",
                1
            ],
            [
                "SKU-000125C",
                1
            ],
            [
                "SKU-000107A",
                1
            ],
            [
                "SKU-000246A",
                1
            ],
            [
                "SKU-000089D",
                1
            ],
            [
                "SKU-000096B",
                1
            ],
            [
                "SKU-000078D",
                1
            ],
            [
                "SKU-000319C",
                1
            ]
        ],
        "pickTime": "2025-07-25 10:20:52"
    },
    {
        "replenish": false,
        "skus": [
            [
                "SKU-000490A",
                1
            ],
            [
                "SKU-000178D",
                1
            ]
        ],
        "pickTime": "2025-07-25 21:12:27"
    },
    {
        "replenish": false,
        "skus": [
            [
                "SKU-000309B",
                1
            ],
            [
                "SKU-000174B",
                1
            ],
            [
                "SKU-000229B",
                1
            ],
            [
                "SKU-000399D",
                1
            ],
            [
                "SKU-000497A",
                1
            ]
        ],
        "pickTime": "2025-07-26 02:00:18"
    },
    {
        "replenish": false,
        "skus": [
            [
                "SKU-000338B",
                1
            ],
            [
                "SKU-000208B",
                1
            ],
            [
                "SKU-000170D",
                1
            ],
            [
                "SKU-000088B",
                1
            ],
            [
                "SKU-000032D",
                1
            ],
            [
                "SKU-000457D",
                1
            ],
            [
                "SKU-000475D",
                1
            ],
            [
                "SKU-000413A",
                1
            ]
        ],
        "pickTime": "2025-07-26 06:21:23"
    },
    {
        "replenish": false,
        "skus": [
            [
                "SKU-000490C",
                1
            ],
            [
                "SKU-000146B",
                1
            ],
            [
                "SKU-000042C",
                1
            ],
            [
                "SKU-000463B",
                1
            ],
            [
                "SKU-000305A",
                1
            ],
            [
                "SKU-000248A",
                1
            ],
            [
                "SKU-000465B",
                1
            ],
            [
                "SKU-000036D",
                1
            ],
            [
                "SKU-000299C",
                1
            ],
            [
                "SKU-000217A",
                1
            ],
            [
                "SKU-000293A",
                1
            ],
            [
                "SKU-000387B",
                1
            ],
            [
                "SKU-000293D",
                1
            ],
            [
                "SKU-000295B",
                1
            ],
            [
                "SKU-000233C",
                1
            ],
            [
                "SKU-000266D",
                1
            ],
            [
                "SKU-000209D",
                1
            ]
        ],
        "pickTime": "2025-07-26 13:33:25"
    },
    {
        "replenish": false,
        "skus": [
            [
                "SKU-000235D",
                1
            ],
            [
                "SKU-000005B",
                1
            ]
        ],
        "pickTime": "2025-07-26 16:24:28"
    },
    {
        "replenish": false,
        "skus": [
            [
                "SKU-000001D",
                1
            ],
            [
                "SKU-000330D",
                1
            ],
            [
                "SKU-000351C",
                1
            ],
            [
                "SKU-000007D",
                1
            ],
            [
                "SKU-000450B",
                1
            ],
            [
                "SKU-000345C",
                1
            ]
        ],
        "pickTime": "2025-07-26 17:03:04"
    },
    {
        "replenish": false,
        "skus": [
            [
                "SKU-000364C",
                1
            ],
            [
                "SKU-000007D",
                1
            ]
        ],
        "pickTime": "2025-07-26 17:36:57"
    },
    {
        "replenish": false,
        "skus": [
            [
                "SKU-000315A",
                1
            ],
            [
                "SKU-000221B",
                1
            ],
            [
                "SKU-000411D",
                1
            ],
            [
                "SKU-000308C",
                1
            ],
            [
                "SKU-000336B",
                1
            ]
        ],
        "pickTime": "2025-07-27 09:27:41"
    },
    {
        "replenish": false,
        "skus": [
            [
                "SKU-000183C",
                1
            ],
            [
                "SKU-000143D",
                1
            ]
        ],
        "pickTime": "2025-07-27 09:57:49"
    },
    {
        "replenish": false,
        "skus": [
            [
                "SKU-000242A",
                1
            ],
            [
                "SKU-000240D",
                1
            ],
            [
                "SKU-000409C",
                1
            ],
            [
                "SKU-000352D",
                1
            ],
            [
                "SKU-000363A",
                1
            ],
            [
                "SKU-000212D",
                1
            ],
            [
                "SKU-000001C",
                1
            ]
        ],
        "pickTime": "2025-07-27 14:19:59"
    },
    {
        "replenish": false,
        "skus": [
            [
                "SKU-000424C",
                1
            ],
            [
                "SKU-000152A",
                1
            ],
            [
                "SKU-000136A",
                1
            ]
        ],
        "pickTime": "2025-07-27 22:26:52"
    },
    {
        "replenish": false,
        "skus": [
            [
                "SKU-000075C",
                1
            ],
            [
                "SKU-000070B",
                1
            ],
            [
                "SKU-000261B",
                1
            ],
            [
                "SKU-000297A",
                1
            ],
            [
                "SKU-000345C",
                1
            ],
            [
                "SKU-000340A",
                1
            ],
            [
                "SKU-000233C",
                1
            ],
            [
                "SKU-000228A",
                1
            ]
        ],
        "pickTime": "2025-07-28 07:26:14"
    },
    {
        "replenish": false,
        "skus": [
            [
                "SKU-000206D",
                1
            ]
        ],
        "pickTime": "2025-07-28 08:29:17"
    },
    {
        "replenish": false,
        "skus": [
            [
                "SKU-000347A",
                1
            ]
        ],
        "pickTime": "2025-07-28 15:44:59"
    },
    {
        "replenish": false,
        "skus": [
            [
                "SKU-000340A",
                1
            ],
            [
                "SKU-000430B",
                1
            ],
            [
                "SKU-000475D",
                1
            ],
            [
                "SKU-000117D",
                1
            ],
            [
                "SKU-000089A",
                1
            ],
            [
                "SKU-000188D",
                1
            ],
            [
                "SKU-000425B",
                1
            ],
            [
                "SKU-000263C",
                1
            ],
            [
                "SKU-000033C",
                1
            ],
            [
                "SKU-000232B",
                1
            ]
        ],
        "pickTime": "2025-07-28 22:55:58"
    },
    {
        "replenish": false,
        "skus": [
            [
                "SKU-000166C",
                1
            ],
            [
                "SKU-000027C",
                1
            ],
            [
                "SKU-000231D",
                1
            ],
            [
                "SKU-000092D",
                1
            ],
            [
                "SKU-000201D",
                1
            ]
        ],
        "pickTime": "2025-07-30 00:02:03"
    },
    {
        "replenish": false,
        "skus": [
            [
                "SKU-000057C",
                1
            ],
            [
                "SKU-000440B",
                1
            ],
            [
                "SKU-000173D",
                1
            ],
            [
                "SKU-000081A",
                1
            ],
            [
                "SKU-000491A",
                1
            ],
            [
                "SKU-000486C",
                1
            ],
            [
                "SKU-000269B",
                1
            ],
            [
                "SKU-000401D",
                1
            ],
            [
                "SKU-000348D",
                1
            ],
            [
                "SKU-000268A",
                1
            ],
            [
                "SKU-000261C",
                1
            ],
            [
                "SKU-000212D",
                1
            ]
        ],
        "pickTime": "2025-07-30 01:42:16"
    },
    {
        "replenish": false,
        "skus": [
            [
                "SKU-000243C",
                1
            ],
            [
                "SKU-000060D",
                1
            ]
        ],
        "pickTime": "2025-07-30 02:21:31"
    }
]