[
    {
        "replenish": true,
        "skus": [
            [
                "SKU-000349C",
                1
            ],
            [
                "SKU-000818D",
                1
            ],
            [
                "SKU-000982C",
                1
            ],
            [
                "SKU-000846B",
                1
            ],
            [
                "SKU-000534B",
                1
            ],
            [
                "SKU-000902A",
                1
            ],
            [
                "SKU-000773B",
                1
            ],
            [
                "SKU-000492A",
                1
            ],
            [
                "SKU-000953B",
                1
            ],
            [
                "SKU-000637B",
                1
            ],
            [
                "SKU-000592B",
                1
            ],
            [
                "SKU-000554D",
                1
            ],
            [
                "SKU-000201B",
                1
            ],
            [
                "SKU-000164D",
                1
            ],
            [
                "SKU-000490A",
                1
            ],
            [
                "SKU-000157C",
                1
            ],
            [
                "SKU-000529C",
                1
            ],
            [
                "SKU-000598D",
                1
            ],
            [
                "SKU-000808C",
                1
            ],
            [
                "SKU-000083A",
                1
            ],
            [
                "SKU-000009C",
                1
            ],
            [
                "SKU-000143D",
                1
            ],
            [
                "SKU-000337D",
                1
            ],
            [
                "SKU-000782B",
                1
            ]
        ],
        "pickTime": "2025-07-01 00:22:34"
    },
    {
        "replenish": true,
        "skus": [
            [
                "SKU-000297C",
                1
            ],
            [
                "SKU-000554D",
                1
            ],
            [
                "SKU-000750A",
                1
            ],
            [
                "SKU-000457C",
                1
            ],
            [
                "SKU-000967A",
                1
            ],
            [
                "SKU-000778D",
                1
            ],
            [
                "SKU-000944A",
                1
            ],
            [
                "SKU-000568D",
                1
            ],
            [
                "SKU-000753B",
                1
            ],
            [
                "SKU-000591A",
                1
            ],
            [
                "SKU-000064C",
                1
            ],
            [
                "SKU-000967B",
                1
            ],
            [
                "SKU-000946B",
                1
            ],
            [
                "SKU-000401C",
                1
            ],
            [
                "SKU-000015A",
                1
            ],
            [
                "SKU-000289B",
                1
            ],
            [
                "SKU-000921B",
                1
            ],
            [
                "SKU-000814D",
                1
            ],
            [
                "SKU-000951B",
                1
            ],
            [
                "SKU-000968C",
                1
            ],
            [
                "SKU-000372A",
                1
            ],
            [
                "SKU-000864B",
                1
            ],
            [
                "SKU-000071A",
                1
            ],
            [
                "SKU-000109A",
                1
            ],
            [
                "SKU-000797B",
                1
            ],
            [
                "SKU-000871B",
                1
            ],
            [
                "SKU-000153B",
                1
            ],
            [
                "SKU-000502C",
                1
            ],
            [
                "SKU-000702D",
                1
            ],
            [
                "SKU-000101C",
                1
            ],
            [
                "SKU-000064C",
                1
            ],
            [
                "SKU-000055B",
                1
            ]
        ],
        "pickTime": "2025-07-01 06:03:37"
    },
    {
        "replenish": true,
        "skus": [
            [
                "SKU-000165D",
                1
            ],
            [
                "SKU-000790B",
                1
            ],
            [
                "SKU-000341D",
                1
            ],
            [
                "SKU-000450D",
                1
            ]
        ],
        "pickTime": "2025-07-01 07:25:41"
    },
    {
        "replenish": true,
        "skus": [
            [
                "SKU-000955C",
                1
            ],
            [
                "SKU-000067D",
                1
            ],
            [
                "SKU-000916B",
                1
            ]
        ],
        "pickTime": "2025-07-01 12:38:15"
    },
    {
        "replenish": true,
        "skus": [
            [
                "SKU-000572A",
                1
            ],
            [
                "SKU-000535D",
                1
            ],
            [
                "SKU-000017A",
                1
            ],
            [
                "SKU-000247C",
                1
            ],
            [
                "SKU-000745D",
                1
            ],
            [
                "SKU-000531C",
                1
            ],
            [
                "SKU-000131D",
                1
            ],
            [
                "SKU-000778D",
                1
            ],
            [
                "SKU-000872D",
                1
            ],
            [
                "SKU-000879B",
                1
            ],
            [
                "SKU-000286D",
                1
            ],
            [
                "SKU-000592D",
                1
            ],
            [
                "SKU-000277B",
                1
            ],
            [
                "SKU-000625A",
                1
            ],
            [
                "SKU-000123D",
                1
            ],
            [
                "SKU-000625A",
                1
            ],
            [
                "SKU-000516D",
                1
            ]
        ],
        "pickTime": "2025-07-02 02:27:52"
    },
    {
        "replenish": true,
        "skus": [
            [
                "SKU-000955C",
                1
            ],
            [
                "SKU-000022B",
                1
            ],
            [
                "SKU-000314C",
                1
            ],
            [
                "SKU-000145C",
                1
            ],
            [
                "SKU-000297C",
                1
            ],
            [
                "SKU-000461C",
                1
            ],
            [
                "SKU-000796D",
                1
            ],
            [
                "SKU-000048A",
                1
            ],
            [
                "SKU-000112C",
                1
            ],
            [
                "SKU-000150C",
                1
            ],
            [
                "SKU-000462D",
                1
            ]
        ],
        "pickTime": "2025-07-02 06:45:36"
    },
    {
        "replenish": true,
        "skus": [
            [
                "SKU-000778D",
                1
            ],
            [
                "SKU-000005D",
                1
            ],
            [
                "SKU-000747A",
                1
            ],
            [
                "SKU-000796D",
                1
            ],
            [
                "SKU-000785D",
                1
            ],
            [
                "SKU-000222D",
                1
            ],
            [
                "SKU-000592C",
                1
            ],
            [
                "SKU-000557B",
                1
            ],
            [
                "SKU-000475A",
                1
            ],
            [
                "SKU-000260D",
                1
            ],
            [
                "SKU-000383D",
                1
            ],
            [
                "SKU-000111A",
                1
            ],
            [
                "SKU-000803C",
                1
            ],
            [
                "SKU-000498A",
                1
            ],
            [
                "SKU-000807A",
                1
            ],
            [
                "SKU-000939B",
                1
            ],
            [
                "SKU-000912A",
                1
            ],
            [
                "SKU-000603D",
                1
            ],
            [
                "SKU-000401C",
                1
            ],
            [
                "SKU-000825A",
                1
            ],
            [
                "SKU-000994B",
                1
            ],
            [
                "SKU-000576A",
                1
            ],
            [
                "SKU-000288D",
                1
            ],
            [
                "SKU-000970D",
                1
            ],
            [
                "SKU-000730D",
                1
            ],
            [
                "SKU-000814A",
                1
            ],
            [
                "SKU-000999A",
                1
            ],
            [
                "SKU-000604B",
                1
            ],
            [
                "SKU-000985B",
                1
            ],
            [
                "SKU-000016C",
                1
            ],
            [
                "SKU-000571C",
                1
            ],
            [
                "SKU-000107B",
                1
            ],
            [
                "SKU-000647B",
                1
            ],
            [
                "SKU-000523C",
                1
            ],
            [
                "SKU-000932D",
                1
            ],
            [
                "SKU-000048C",
                1
            ],
            [
                "SKU-000265A",
                1
            ],
            [
                "SKU-000157A",
                1
            ],
            [
                "SKU-000007A",
                1
            ],
            [
                "SKU-000837C",
                1
            ],
            [
                "SKU-000719D",
                1
            ],
            [
                "SKU-000447A",
                1
            ],
            [
                "SKU-000241C",
                1
            ],
            [
                "SKU-000917B",
                1
            ],
            [
                "SKU-000004B",
                1
            ],
            [
                "SKU-000885B",
                1
            ],
            [
                "SKU-000163C",
                1
            ]
        ],
        "pickTime": "2025-07-02 08:58:39"
    },
    {
        "replenish": true,
        "skus": [
            [
                "SKU-000941D",
                1
            ],
            [
                "SKU-000692A",
                1
            ],
            [
                "SKU-000655D",
                1
            ],
            [
                "SKU-000016C",
                1
            ],
            [
                "SKU-000557B",
                1
            ],
            [
                "SKU-000949D",
                1
            ],
            [
                "SKU-000222D",
                1
            ]
        ],
        "pickTime": "2025-07-02 12:00:14"
    },
    {
        "replenish": true,
        "skus": [
            [
                "SKU-000715D",
                1
            ],
            [
                "SKU-000630A",
                1
            ],
            [
                "SKU-000264C",
                1
            ],
            [
                "SKU-000262B",
                1
            ],
            [
                "SKU-000044A",
                1
            ],
            [
                "SKU-000967B",
                1
            ],
            [
                "SKU-000890B",
                1
            ],
            [
                "SKU-000750A",
                1
            ],
            [
                "SKU-000754D",
                1
            ],
            [
                "SKU-000539A",
                1
            ],
            [
                "SKU-000688D",
                1
            ],
            [
                "SKU-000562C",
                1
            ],
            [
                "SKU-000107B",
                1
            ],
            [
                "SKU-000490A",
                1
            ],
            [
                "SKU-000767A",
                1
            ],
            [
                "SKU-000688C",
                1
            ],
            [
                "SKU-000971C",
                1
            ],
            [
                "SKU-000141B",
                1
            ],
            [
                "SKU-000771D",
                1
            ],
            [
                "SKU-000063A",
                1
            ],
            [
                "SKU-000299A",
                1
            ],
            [
                "SKU-000871C",
                1
            ],
            [
                "SKU-000456B",
                1
            ],
            [
                "SKU-000610D",
                1
            ],
            [
                "SKU-000888B",
                1
            ],
            [
                "SKU-000463D",
                1
            ],
            [
                "SKU-000579A",
                1
            ],
            [
                "SKU-000244C",
                1
            ],
            [
                "SKU-000272C",
                1
            ],
            [
                "SKU-000745D",
                1
            ],
            [
                "SKU-000655D",
                1
            ],
            [
                "SKU-000202B",
                1
            ],
            [
                "SKU-000346A",
                1
            ],
            [
                "SKU-000939D",
                1
            ],
            [
                "SKU-000873D",
                1
            ],
            [
                "SKU-000483D",
                1
            ],
            [
                "SKU-000382B",
                1
            ],
            [
                "SKU-000299C",
                1
            ],
            [
                "SKU-000187A",
                1
            ],
            [
                "SKU-000745C",
                1
            ],
            [
                "SKU-000121B",
                1
            ],
            [
                "SKU-000047D",
                1
            ],
            [
                "SKU-000360A",
                1
            ],
            [
                "SKU-000450D",
                1
            ],
            [
                "SKU-000835C",
                1
            ],
            [
                "SKU-000947D",
                1
            ],
            [
                "SKU-000078D",
                1
            ],
            [
                "SKU-000525A",
                1
            ],
            [
                "SKU-000463D",
                1
            ],
            [
                "SKU-000921B",
                1
            ],
            [
                "SKU-000036D",
                1
            ]
        ],
        "pickTime": "2025-07-02 12:07:16"
    },
    {
        "replenish": true,
        "skus": [
            [
                "SKU-000300B",
                1
            ],
            [
                "SKU-000922A",
                1
            ],
            [
                "SKU-000707D",
                1
            ],
            [
                "SKU-000498C",
                1
            ],
            [
                "SKU-000306A",
                1
            ],
            [
                "SKU-000016C",
                1
            ],
            [
                "SKU-000067D",
                1
            ],
            [
                "SKU-000723B",
                1
            ],
            [
                "SKU-000413B",
                1
            ],
            [
                "SKU-000435C",
                1
            ],
            [
                "SKU-000657B",
                1
            ],
            [
                "SKU-000138B",
                1
            ],
            [
                "SKU-000967B",
                1
            ],
            [
                "SKU-000217B",
                1
            ]
        ],
        "pickTime": "2025-07-02 13:41:42"
    },
    {
        "replenish": true,
        "skus": [
            [
                "SKU-000322D",
                1
            ],
            [
                "SKU-000293C",
                1
            ],
            [
                "SKU-000284B",
                1
            ],
            [
                "SKU-000243C",
                1
            ]
        ],
        "pickTime": "2025-07-02 22:38:33"
    },
    {
        "replenish": true,
        "skus": [
            [
                "SKU-000366A",
                1
            ],
            [
                "SKU-000822B",
                1
            ],
            [
                "SKU-000217B",
                1
            ],
            [
                "SKU-000877C",
                1
            ],
            [
                "SKU-000725A",
                1
            ],
            [
                "SKU-000248A",
                1
            ],
            [
                "SKU-000235A",
                1
            ]
        ],
        "pickTime": "2025-07-03 05:22:42"
    },
    {
        "replenish": true,
        "skus": [
            [
                "SKU-000087D",
                1
            ],
            [
                "SKU-000253A",
                1
            ],
            [
                "SKU-000803B",
                1
            ],
            [
                "SKU-000377C",
                1
            ],
            [
                "SKU-000535B",
                1
            ],
            [
                "SKU-000057D",
                1
            ],
            [
                "SKU-000134B",
                1
            ],
            [
                "SKU-000716A",
                1
            ],
            [
                "SKU-000745C",
                1
            ],
            [
                "SKU-000977B",
                1
            ]
        ],
        "pickTime": "2025-07-03 05:49:20"
    },
    {
        "replenish": true,
        "skus": [
            [
                "SKU-000687C",
                1
            ],
            [
                "SKU-000544C",
                1
            ],
            [
                "SKU-000174B",
                1
            ],
            [
                "SKU-000796D",
                1
            ],
            [
                "SKU-000210A",
                1
            ],
            [
                "SKU-000837D",
                1
            ],
            [
                "SKU-000572A",
                1
            ],
            [
                "SKU-000009C",
                1
            ],
            [
                "SKU-000244B",
                1
            ],
            [
                "SKU-000458A",
                1
            ],
            [
                "SKU-000338A",
                1
            ],
            [
                "SKU-000900D",
                1
            ],
            [
                "SKU-000871C",
                1
            ],
            [
                "SKU-000326C",
                1
            ],
            [
                "SKU-000469A",
                1
            ],
            [
                "SKU-000331D",
                1
            ],
            [
                "SKU-000734B",
                1
            ],
            [
                "SKU-000219B",
                1
            ],
            [
                "SKU-000051A",
                1
            ],
            [
                "SKU-000727B",
                1
            ],
            [
                "SKU-000234B",
                1
            ],
            [
                "SKU-000939B",
                1
            ],
            [
                "SKU-000862C",
                1
            ],
            [
                "SKU-000356B",
                1
            ]
        ],
        "pickTime": "2025-07-03 10:47:42"
    },
    {
        "replenish": true,
        "skus": [
            [
                "SKU-000110B",
                1
            ],
            [
                "SKU-000112B",
                1
            ],
            [
                "SKU-000993B",
                1
            ],
            [
                "SKU-000287D",
                1
            ],
            [
                "SKU-000077D",
                1
            ],
            [
                "SKU-000710D",
                1
            ],
            [
                "SKU-000611C",
                1
            ],
            [
                "SKU-000329C",
                1
            ],
            [
                "SKU-000050C",
                1
            ],
            [
                "SKU-000488B",
                1
            ],
            [
                "SKU-000142D",
                1
            ],
            [
                "SKU-000070D",
                1
            ],
            [
                "SKU-000941C",
                1
            ]
        ],
        "pickTime": "2025-07-04 10:08:07"
    },
    {
        "replenish": true,
        "skus": [
            [
                "SKU-000086C",
                1
            ],
            [
                "SKU-000336A",
                1
            ],
            [
                "SKU-000392B",
                1
            ],
            [
                "SKU-000564B",
                1
            ],
            [
                "SKU-000471A",
                1
            ],
            [
                "SKU-000126C",
                1
            ],
            [
                "SKU-000102A",
                1
            ],
            [
                "SKU-000015D",
                1
            ],
            [
                "SKU-000072A",
                1
            ],
            [
                "SKU-000948B",
                1
            ],
            [
                "SKU-000745D",
                1
            ],
            [
                "SKU-000952C",
                1
            ],
            [
                "SKU-000865D",
                1
            ],
            [
                "SKU-000647D",
                1
            ],
            [
                "SKU-000860A",
                1
            ],
            [
                "SKU-000982D",
                1
            ],
            [
                "SKU-000506D",
                1
            ],
            [
                "SKU-000293C",
                1
            ],
            [
                "SKU-000141B",
                1
            ],
            [
                "SKU-000991B",
                1
            ],
            [
                "SKU-000728C",
                1
            ],
            [
                "SKU-000248C",
                1
            ],
            [
                "SKU-000886B",
                1
            ],
            [
                "SKU-000629C",
                1
            ],
            [
                "SKU-000423D",
                1
            ]
        ],
        "pickTime": "2025-07-04 14:03:34"
    },
    {
        "replenish": true,
        "skus": [
            [
                "SKU-000335B",
                1
            ],
            [
                "SKU-000710D",
                1
            ],
            [
                "SKU-000060B",
                1
            ],
            [
                "SKU-000192A",
                1
            ],
            [
                "SKU-000631D",
                1
            ],
            [
                "SKU-000057D",
                1
            ],
            [
                "SKU-000129C",
                1
            ],
            [
                "SKU-000805B",
                1
            ],
            [
                "SKU-000641A",
                1
            ],
            [
                "SKU-000953C",
                1
            ],
            [
                "SKU-000890C",
                1
            ],
            [
                "SKU-000417A",
                1
            ],
            [
                "SKU-000704B",
                1
            ],
            [
                "SKU-000460B",
                1
            ],
            [
                "SKU-000684D",
                1
            ],
            [
                "SKU-000268A",
                1
            ],
            [
                "SKU-000742C",
                1
            ],
            [
                "SKU-000851C",
                1
            ],
            [
                "SKU-000493B",
                1
            ],
            [
                "SKU-000907B",
                1
            ],
            [
                "SKU-000618B",
                1
            ],
            [
                "SKU-000647D",
                1
            ]
        ],
        "pickTime": "2025-07-04 16:24:08"
    },
    {
        "replenish": true,
        "skus": [
            [
                "SKU-000382D",
                1
            ],
            [
                "SKU-000667C",
                1
            ],
            [
                "SKU-000581C",
                1
            ],
            [
                "SKU-000953B",
                1
            ],
            [
                "SKU-000654D",
                1
            ],
            [
                "SKU-000316D",
                1
            ],
            [
                "SKU-000440C",
                1
            ],
            [
                "SKU-000003A",
                1
            ],
            [
                "SKU-000701A",
                1
            ],
            [
                "SKU-000459D",
                1
            ],
            [
                "SKU-000482C",
                1
            ],
            [
                "SKU-000469A",
                1
            ],
            [
                "SKU-000193C",
                1
            ],
            [
                "SKU-000854B",
                1
            ],
            [
                "SKU-000898A",
                1
            ]
        ],
        "pickTime": "2025-07-04 19:33:39"
    },
    {
        "replenish": true,
        "skus": [
            [
                "SKU-000851C",
                1
            ],
            [
                "SKU-000229A",
                1
            ],
            [
                "SKU-000814C",
                1
            ],
            [
                "SKU-000420C",
                1
            ],
            [
                "SKU-000564A",
                1
            ],
            [
                "SKU-000602D",
                1
            ],
            [
                "SKU-000523B",
                1
            ],
            [
                "SKU-000725A",
                1
            ],
            [
                "SKU-000286D",
                1
            ],
            [
                "SKU-000027C",
                1
            ],
            [
                "SKU-000428B",
                1
            ],
            [
                "SKU-000515D",
                1
            ],
            [
                "SKU-000725C",
                1
            ],
            [
                "SKU-000450A",
                1
            ],
            [
                "SKU-000395B",
                1
            ],
            [
                "SKU-000608D",
                1
            ],
            [
                "SKU-000012B",
                1
            ],
            [
                "SKU-000316A",
                1
            ],
            [
                "SKU-000050D",
                1
            ]
        ],
        "pickTime": "2025-07-04 21:09:16"
    },
    {
        "replenish": true,
        "skus": [
            [
                "SKU-000884C",
                1
            ],
            [
                "SKU-000143D",
                1
            ],
            [
                "SKU-000202D",
                1
            ],
            [
                "SKU-000967A",
                1
            ],
            [
                "SKU-000129C",
                1
            ],
            [
                "SKU-000142A",
                1
            ],
            [
                "SKU-000214A",
                1
            ],
            [
                "SKU-000461C",
                1
            ],
            [
                "SKU-000599D",
                1
            ],
            [
                "SKU-000108A",
                1
            ],
            [
                "SKU-000230D",
                1
            ],
            [
                "SKU-000426D",
                1
            ],
            [
                "SKU-000672A",
                1
            ],
            [
                "SKU-000230D",
                1
            ],
            [
                "SKU-000930C",
                1
            ],
            [
                "SKU-000436C",
                1
            ],
            [
                "SKU-000944A",
                1
            ],
            [
                "SKU-000699A",
                1
            ],
            [
                "SKU-000294B",
                1
            ],
            [
                "SKU-000633B",
                1
            ],
            [
                "SKU-000422B",
                1
            ],
            [
                "SKU-000422B",
                1
            ]
        ],
        "pickTime": "2025-07-04 21:41:33"
    },
    {
        "replenish": true,
        "skus": [
            [
                "SKU-000661B",
                1
            ],
            [
                "SKU-000856D",
                1
            ],
            [
                "SKU-000592D",
                1
            ]
        ],
        "pickTime": "2025-07-04 23:18:38"
    },
    {
        "replenish": true,
        "skus": [
            [
                "SKU-000813D",
                1
            ],
            [
                "SKU-000588C",
                1
            ],
            [
                "SKU-000419C",
                1
            ],
            [
                "SKU-000096B",
                1
            ],
            [
                "SKU-000241B",
                1
            ],
            [
                "SKU-000314C",
                1
            ],
            [
                "SKU-000609A",
                1
            ],
            [
                "SKU-000622D",
                1
            ],
            [
                "SKU-000040B",
                1
            ],
            [
                "SKU-000367C",
                1
            ],
            [
                "SKU-000113D",
                1
            ],
            [
                "SKU-000919B",
                1
            ],
            [
                "SKU-000854A",
                1
            ],
            [
                "SKU-000591A",
                1
            ],
            [
                "SKU-000465A",
                1
            ],
            [
                "SKU-000939D",
                1
            ],
            [
                "SKU-000837B",
                1
            ],
            [
                "SKU-000438D",
                1
            ],
            [
                "SKU-000814D",
                1
            ],
            [
                "SKU-000514B",
                1
            ],
            [
                "SKU-000688C",
                1
            ],
            [
                "SKU-000022B",
                1
            ],
            [
                "SKU-000986A",
                1
            ],
            [
                "SKU-000204C",
                1
            ],
            [
                "SKU-000656B",
                1
            ],
            [
                "SKU-000031D",
                1
            ],
            [
                "SKU-000044D",
                1
            ],
            [
                "SKU-000103A",
                1
            ],
            [
                "SKU-000894C",
                1
            ],
            [
                "SKU-000335B",
                1
            ],
            [
                "SKU-000101A",
                1
            ],
            [
                "SKU-000699A",
                1
            ],
            [
                "SKU-000348D",
                1
            ],
            [
                "SKU-000332C",
                1
            ],
            [
                "SKU-000127A",
                1
            ],
            [
                "SKU-000003A",
                1
            ],
            [
                "SKU-000231D",
                1
            ],
            [
                "SKU-000577C",
                1
            ],
            [
                "SKU-000971B",
                1
            ],
            [
                "SKU-000783A",
                1
            ],
            [
                "SKU-000625B",
                1
            ],
            [
                "SKU-000382B",
                1
            ],
            [
                "SKU-000509A",
                1
            ],
            [
                "SKU-000639D",
                1
            ],
            [
                "SKU-000109D",
                1
            ],
            [
                "SKU-000727B",
                1
            ],
            [
                "SKU-000107B",
                1
            ],
            [
                "SKU-000919A",
                1
            ],
            [
                "SKU-000498A",
                1
            ]
        ],
        "pickTime": "2025-07-05 12:54:45"
    },
    {
        "replenish": true,
        "skus": [
            [
                "SKU-000265D",
                1
            ],
            [
                "SKU-000681C",
                1
            ],
            [
                "SKU-000557A",
                1
            ],
            [
                "SKU-000331D",
                1
            ],
            [
                "SKU-000912A",
                1
            ],
            [
                "SKU-000982C",
                1
            ],
            [
                "SKU-000906A",
                1
            ],
            [
                "SKU-000960D",
                1
            ],
            [
                "SKU-000158C",
                1
            ],
            [
                "SKU-000655C",
                1
            ],
            [
                "SKU-000336B",
                1
            ],
            [
                "SKU-000142A",
                1
            ],
            [
                "SKU-000651C",
                1
            ]
        ],
        "pickTime": "2025-07-05 21:58:16"
    },
    {
        "replenish": true,
        "skus": [
            [
                "SKU-000458C",
                1
            ],
            [
                "SKU-000241B",
                1
            ],
            [
                "SKU-000966D",
                1
            ],
            [
                "SKU-000971C",
                1
            ],
            [
                "SKU-000513A",
                1
            ],
            [
                "SKU-000991C",
                1
            ],
            [
                "SKU-000982C",
                1
            ]
        ],
        "pickTime": "2025-07-06 04:32:17"
    },
    {
        "replenish": true,
        "skus": [
            [
                "SKU-000916C",
                1
            ],
            [
                "SKU-000557C",
                1
            ],
            [
                "SKU-000718B",
                1
            ],
            [
                "SKU-000057A",
                1
            ],
            [
                "SKU-000239C",
                1
            ],
            [
                "SKU-000362A",
                1
            ],
            [
                "SKU-000910D",
                1
            ],
            [
                "SKU-000391B",
                1
            ],
            [
                "SKU-000189A",
                1
            ],
            [
                "SKU-000983A",
                1
            ],
            [
                "SKU-000519D",
                1
            ],
            [
                "SKU-000427C",
                1
            ],
            [
                "SKU-000002B",
                1
            ],
            [
                "SKU-000841A",
                1
            ],
            [
                "SKU-000656B",
                1
            ],
            [
                "SKU-000505C",
                1
            ],
            [
                "SKU-000610D",
                1
            ],
            [
                "SKU-000569A",
                1
            ],
            [
                "SKU-000592D",
                1
            ],
            [
                "SKU-000879B",
                1
            ],
            [
                "SKU-000681C",
                1
            ],
            [
                "SKU-000367D",
                1
            ],
            [
                "SKU-000505B",
                1
            ],
            [
                "SKU-000128D",
                1
            ],
            [
                "SKU-000427C",
                1
            ]
        ],
        "pickTime": "2025-07-06 09:23:09"
    },
    {
        "replenish": true,
        "skus": [
            [
                "SKU-000367C",
                1
            ],
            [
                "SKU-000044C",
                1
            ]
        ],
        "pickTime": "2025-07-06 15:42:56"
    },
    {
        "replenish": true,
        "skus": [
            [
                "SKU-000652A",
                1
            ],
            [
                "SKU-000572C",
                1
            ],
            [
                "SKU-000017A",
                1
            ],
            [
                "SKU-000193C",
                1
            ],
            [
                "SKU-000212C",
                1
            ],
            [
                "SKU-000227C",
                1
            ],
            [
                "SKU-000409C",
                1
            ],
            [
                "SKU-000096B",
                1
            ],
            [
                "SKU-000305D",
                1
            ],
            [
                "SKU-000322D",
                1
            ],
            [
                "SKU-000429C",
                1
            ],
            [
                "SKU-000357A",
                1
            ],
            [
                "SKU-000547A",
                1
            ],
            [
                "SKU-000445A",
                1
            ],
            [
                "SKU-000117D",
                1
            ],
            [
                "SKU-000625C",
                1
            ],
            [
                "SKU-000825C",
                1
            ],
            [
                "SKU-000881A",
                1
            ]
        ],
        "pickTime": "2025-07-06 17:25:44"
    },
    {
        "replenish": true,
        "skus": [
            [
                "SKU-000087C",
                1
            ],
            [
                "SKU-000343D",
                1
            ],
            [
                "SKU-000761D",
                1
            ],
            [
                "SKU-000323B",
                1
            ],
            [
                "SKU-000238B",
                1
            ],
            [
                "SKU-000790C",
                1
            ],
            [
                "SKU-000410B",
                1
            ],
            [
                "SKU-000751C",
                1
            ],
            [
                "SKU-000745D",
                1
            ],
            [
                "SKU-000168A",
                1
            ],
            [
                "SKU-000328A",
                1
            ],
            [
                "SKU-000849D",
                1
            ],
            [
                "SKU-000801B",
                1
            ],
            [
                "SKU-000652B",
                1
            ],
            [
                "SKU-000823A",
                1
            ],
            [
                "SKU-000019D",
                1
            ],
            [
                "SKU-000229D",
                1
            ],
            [
                "SKU-000074B",
                1
            ],
            [
                "SKU-000866A",
                1
            ],
            [
                "SKU-000745A",
                1
            ],
            [
                "SKU-000814A",
                1
            ],
            [
                "SKU-000726C",
                1
            ],
            [
                "SKU-000792A",
                1
            ],
            [
                "SKU-000066C",
                1
            ],
            [
                "SKU-000404D",
                1
            ],
            [
                "SKU-000266D",
                1
            ],
            [
                "SKU-000259A",
                1
            ],
            [
                "SKU-000145D",
                1
            ],
            [
                "SKU-000202D",
                1
            ],
            [
                "SKU-000967B",
                1
            ],
            [
                "SKU-000311C",
                1
            ],
            [
                "SKU-000876C",
                1
            ]
        ],
        "pickTime": "2025-07-07 01:12:41"
    },
    {
        "replenish": true,
        "skus": [
            [
                "SKU-000011C",
                1
            ],
            [
                "SKU-000703B",
                1
            ],
            [
                "SKU-000944A",
                1
            ],
            [
                "SKU-000688A",
                1
            ],
            [
                "SKU-000857B",
                1
            ],
            [
                "SKU-000877C",
                1
            ]
        ],
        "pickTime": "2025-07-07 02:57:06"
    },
    {
        "replenish": true,
        "skus": [
            [
                "SKU-000235A",
                1
            ],
            [
                "SKU-000760B",
                1
            ],
            [
                "SKU-000630D",
                1
            ],
            [
                "SKU-000608D",
                1
            ]
        ],
        "pickTime": "2025-07-07 12:15:56"
    },
    {
        "replenish": true,
        "skus": [
            [
                "SKU-000250C",
                1
            ],
            [
                "SKU-000092D",
                1
            ],
            [
                "SKU-000480D",
                1
            ]
        ],
        "pickTime": "2025-07-07 16:49:24"
    },
    {
        "replenish": true,
        "skus": [
            [
                "SKU-000631C",
                1
            ],
            [
                "SKU-000494D",
                1
            ],
            [
                "SKU-000502A",
                1
            ],
            [
                "SKU-000609A",
                1
            ],
            [
                "SKU-000749A",
                1
            ],
            [
                "SKU-000010C",
                1
            ],
            [
                "SKU-000015A",
                1
            ],
            [
                "SKU-000699B",
                1
            ],
            [
                "SKU-000586A",
                1
            ],
            [
                "SKU-000859B",
                1
            ],
            [
                "SKU-000617D",
                1
            ],
            [
                "SKU-000292D",
                1
            ],
            [
                "SKU-000227C",
                1
            ],
            [
                "SKU-000262B",
                1
            ],
            [
                "SKU-000111B",
                1
            ]
        ],
        "pickTime": "2025-07-08 04:09:33"
    },
    {
        "replenish": true,
        "skus": [
            [
                "SKU-000365D",
                1
            ],
            [
                "SKU-000873A",
                1
            ],
            [
                "SKU-000756C",
                1
            ],
            [
                "SKU-000149C",
                1
            ],
            [
                "SKU-000193B",
                1
            ],
            [
                "SKU-000687A",
                1
            ],
            [
                "SKU-000960B",
                1
            ]
        ],
        "pickTime": "2025-07-08 17:59:15"
    },
    {
        "replenish": true,
        "skus": [
            [
                "SKU-000209C",
                1
            ],
            [
                "SKU-000401C",
                1
            ]
        ],
        "pickTime": "2025-07-09 04:18:13"
    },
    {
        "replenish": true,
        "skus": [
            [
                "SKU-000439B",
                1
            ],
            [
                "SKU-000716A",
                1
            ],
            [
                "SKU-000790C",
                1
            ],
            [
                "SKU-000778D",
                1
            ],
            [
                "SKU-000726D",
                1
            ],
            [
                "SKU-000891A",
                1
            ],
            [
                "SKU-000483D",
                1
            ],
            [
                "SKU-000681B",
                1
            ],
            [
                "SKU-000139D",
                1
            ],
            [
                "SKU-000818D",
                1
            ],
            [
                "SKU-000321A",
                1
            ],
            [
                "SKU-000767A",
                1
            ],
            [
                "SKU-000402D",
                1
            ]
        ],
        "pickTime": "2025-07-09 07:50:02"
    },
    {
        "replenish": true,
        "skus": [
            [
                "SKU-000046D",
                1
            ],
            [
                "SKU-000857B",
                1
            ],
            [
                "SKU-000995C",
                1
            ],
            [
                "SKU-000488C",
                1
            ],
            [
                "SKU-000116B",
                1
            ],
            [
                "SKU-000713D",
                1
            ],
            [
                "SKU-000345C",
                1
            ],
            [
                "SKU-000447A",
                1
            ],
            [
                "SKU-000016D",
                1
            ],
            [
                "SKU-000980B",
                1
            ],
            [
                "SKU-000941D",
                1
            ],
            [
                "SKU-000617B",
                1
            ],
            [
                "SKU-000380B",
                1
            ],
            [
                "SKU-000180B",
                1
            ],
            [
                "SKU-000843D",
                1
            ],
            [
                "SKU-000101C",
                1
            ],
            [
                "SKU-000079B",
                1
            ],
            [
                "SKU-000195C",
                1
            ]
        ],
        "pickTime": "2025-07-09 19:30:59"
    },
    {
        "replenish": true,
        "skus": [
            [
                "SKU-000078A",
                1
            ],
            [
                "SKU-000767B",
                1
            ]
        ],
        "pickTime": "2025-07-10 07:43:28"
    },
    {
        "replenish": true,
        "skus": [
            [
                "SKU-000435C",
                1
            ],
            [
                "SKU-000885B",
                1
            ],
            [
                "SKU-000662B",
                1
            ],
            [
                "SKU-000854A",
                1
            ],
            [
                "SKU-000067D",
                1
            ],
            [
                "SKU-000157A",
                1
            ],
            [
                "SKU-000331D",
                1
            ],
            [
                "SKU-000660A",
                1
            ],
            [
                "SKU-000755C",
                1
            ],
            [
                "SKU-000536C",
                1
            ],
            [
                "SKU-000215D",
                1
            ],
            [
                "SKU-000602C",
                1
            ],
            [
                "SKU-000858C",
                1
            ],
            [
                "SKU-000557B",
                1
            ],
            [
                "SKU-000342D",
                1
            ],
            [
                "SKU-000875B",
                1
            ],
            [
                "SKU-000609A",
                1
            ],
            [
                "SKU-000563B",
                1
            ],
            [
                "SKU-000728C",
                1
            ],
            [
                "SKU-000863A",
                1
            ],
            [
                "SKU-000549C",
                1
            ],
            [
                "SKU-000266D",
                1
            ],
            [
                "SKU-000017B",
                1
            ]
        ],
        "pickTime": "2025-07-10 21:23:33"
    },
    {
        "replenish": true,
        "skus": [
            [
                "SKU-000352B",
                1
            ],
            [
                "SKU-000267A",
                1
            ],
            [
                "SKU-000249D",
                1
            ],
            [
                "SKU-000844D",
                1
            ]
        ],
        "pickTime": "2025-07-11 04:11:02"
    },
    {
        "replenish": true,
        "skus": [
            [
                "SKU-000647B",
                1
            ],
            [
                "SKU-000894C",
                1
            ],
            [
                "SKU-000624D",
                1
            ],
            [
                "SKU-000975C",
                1
            ]
        ],
        "pickTime": "2025-07-11 09:41:54"
    },
    {
        "replenish": true,
        "skus": [
            [
                "SKU-000408A",
                1
            ],
            [
                "SKU-000592D",
                1
            ],
            [
                "SKU-000797A",
                1
            ],
            [
                "SKU-000115D",
                1
            ],
            [
                "SKU-000537A",
                1
            ],
            [
                "SKU-000272D",
                1
            ],
            [
                "SKU-000582B",
                1
            ],
            [
                "SKU-000435C",
                1
            ],
            [
                "SKU-000618D",
                1
            ],
            [
                "SKU-000325D",
                1
            ],
            [
                "SKU-000632B",
                1
            ],
            [
                "SKU-000017B",
                1
            ],
            [
                "SKU-000075A",
                1
            ],
            [
                "SKU-000779C",
                1
            ],
            [
                "SKU-000625B",
                1
            ],
            [
                "SKU-000597C",
                1
            ],
            [
                "SKU-000340D",
                1
            ],
            [
                "SKU-001000D",
                1
            ],
            [
                "SKU-000767B",
                1
            ],
            [
                "SKU-000641B",
                1
            ],
            [
                "SKU-000630A",
                1
            ],
            [
                "SKU-000541C",
                1
            ],
            [
                "SKU-000409D",
                1
            ],
            [
                "SKU-000336D",
                1
            ],
            [
                "SKU-000435C",
                1
            ],
            [
                "SKU-000768B",
                1
            ],
            [
                "SKU-000259B",
                1
            ],
            [
                "SKU-000724B",
                1
            ],
            [
                "SKU-000385C",
                1
            ],
            [
                "SKU-000656A",
                1
            ],
            [
                "SKU-000974D",
                1
            ],
            [
                "SKU-000202D",
                1
            ],
            [
                "SKU-000814D",
                1
            ],
            [
                "SKU-000956C",
                1
            ],
            [
                "SKU-000618B",
                1
            ],
            [
                "SKU-000076D",
                1
            ],
            [
                "SKU-000018B",
                1
            ]
        ],
        "pickTime": "2025-07-12 02:29:14"
    },
    {
        "replenish": true,
        "skus": [
            [
                "SKU-000112D",
                1
            ],
            [
                "SKU-000659A",
                1
            ],
            [
                "SKU-000948C",
                1
            ],
            [
                "SKU-000972C",
                1
            ],
            [
                "SKU-000592A",
                1
            ],
            [
                "SKU-000887D",
                1
            ],
            [
                "SKU-000292A",
                1
            ]
        ],
        "pickTime": "2025-07-12 07:52:31"
    },
    {
        "replenish": true,
        "skus": [
            [
                "SKU-000566B",
                1
            ],
            [
                "SKU-000626C",
                1
            ],
            [
                "SKU-000531C",
                1
            ],
            [
                "SKU-000713A",
                1
            ],
            [
                "SKU-000966D",
                1
            ],
            [
                "SKU-000726B",
                1
            ],
            [
                "SKU-000463C",
                1
            ],
            [
                "SKU-000020A",
                1
            ],
            [
                "SKU-000378D",
                1
            ],
            [
                "SKU-000919D",
                1
            ],
            [
                "SKU-000969A",
                1
            ]
        ],
        "pickTime": "2025-07-12 08:12:54"
    },
    {
        "replenish": true,
        "skus": [
            [
                "SKU-000595A",
                1
            ],
            [
                "SKU-000025B",
                1
            ],
            [
                "SKU-000914A",
                1
            ],
            [
                "SKU-000754C",
                1
            ],
            [
                "SKU-000525A",
                1
            ],
            [
                "SKU-000331D",
                1
            ],
            [
                "SKU-000805D",
                1
            ],
            [
                "SKU-000857C",
                1
            ],
            [
                "SKU-000437C",
                1
            ]
        ],
        "pickTime": "2025-07-13 04:28:38"
    },
    {
        "replenish": true,
        "skus": [
            [
                "SKU-000913D",
                1
            ],
            [
                "SKU-000250B",
                1
            ],
            [
                "SKU-000161A",
                1
            ],
            [
                "SKU-000479A",
                1
            ]
        ],
        "pickTime": "2025-07-13 08:29:27"
    },
    {
        "replenish": true,
        "skus": [
            [
                "SKU-000046D",
                1
            ],
            [
                "SKU-000958C",
                1
            ],
            [
                "SKU-000446B",
                1
            ],
            [
                "SKU-000950C",
                1
            ],
            [
                "SKU-001000D",
                1
            ],
            [
                "SKU-000663B",
                1
            ],
            [
                "SKU-000226B",
                1
            ],
            [
                "SKU-000970D",
                1
            ],
            [
                "SKU-000625B",
                1
            ],
            [
                "SKU-000895B",
                1
            ],
            [
                "SKU-000017B",
                1
            ],
            [
                "SKU-000455C",
                1
            ]
        ],
        "pickTime": "2025-07-13 18:08:17"
    },
    {
        "replenish": true,
        "skus": [
            [
                "SKU-000322C",
                1
            ],
            [
                "SKU-000462B",
                1
            ],
            [
                "SKU-000112D",
                1
            ],
            [
                "SKU-000328D",
                1
            ],
            [
                "SKU-000047B",
                1
            ],
            [
                "SKU-000206B",
                1
            ],
            [
                "SKU-000680B",
                1
            ],
            [
                "SKU-000059C",
                1
            ]
        ],
        "pickTime": "2025-07-13 21:27:24"
    },
    {
        "replenish": true,
        "skus": [
            [
                "SKU-000934B",
                1
            ],
            [
                "SKU-000684D",
                1
            ]
        ],
        "pickTime": "2025-07-13 23:58:01"
    },
    {
        "replenish": true,
        "skus": [
            [
                "SKU-000662D",
                1
            ],
            [
                "SKU-000729A",
                1
            ],
            [
                "SKU-000149A",
                1
            ],
            [
                "SKU-000836C",
                1
            ],
            [
                "SKU-000168B",
                1
            ]
        ],
        "pickTime": "2025-07-14 03:21:23"
    },
    {
        "replenish": true,
        "skus": [
            [
                "SKU-000533B",
                1
            ],
            [
                "SKU-000455B",
                1
            ],
            [
                "SKU-000357B",
                1
            ],
            [
                "SKU-000634C",
                1
            ],
            [
                "SKU-000422B",
                1
            ],
            [
                "SKU-000240C",
                1
            ],
            [
                "SKU-000078D",
                1
            ],
            [
                "SKU-000063C",
                1
            ]
        ],
        "pickTime": "2025-07-14 07:42:13"
    },
    {
        "replenish": false,
        "skus": [
            [
                "SKU-000661B",
                1
            ],
            [
                "SKU-000242D",
                1
            ],
            [
                "SKU-000410B",
                1
            ],
            [
                "SKU-000308A",
                1
            ],
            [
                "SKU-000951D",
                1
            ],
            [
                "SKU-000284A",
                1
            ],
            [
                "SKU-000031C",
                1
            ],
            [
                "SKU-000528B",
                1
            ],
            [
                "SKU-000679C",
                1
            ],
            [
                "SKU-000554C",
                1
            ],
            [
                "SKU-000042D",
                1
            ],
            [
                "SKU-000552D",
                1
            ],
            [
                "SKU-000808C",
                1
            ],
            [
                "SKU-000130A",
                1
            ],
            [
                "SKU-000768A",
                1
            ]
        ],
        "pickTime": "2025-07-14 13:24:37"
    },
    {
        "replenish": false,
        "skus": [
            [
                "SKU-000706C",
                1
            ]
        ],
        "pickTime": "2025-07-14 20:02:55"
    },
    {
        "replenish": false,
        "skus": [
            [
                "SKU-000818C",
                1
            ],
            [
                "SKU-000445A",
                1
            ],
            [
                "SKU-000982C",
                1
            ],
            [
                "SKU-000898A",
                1
            ],
            [
                "SKU-000040A",
                1
            ],
            [
                "SKU-000609A",
                1
            ],
            [
                "SKU-000688B",
                1
            ],
            [
                "SKU-000472A",
                1
            ],
            [
                "SKU-000599B",
                1
            ],
            [
                "SKU-000093B",
                1
            ]
        ],
        "pickTime": "2025-07-14 21:09:54"
    },
    {
        "replenish": false,
        "skus": [
            [
                "SKU-000930C",
                1
            ],
            [
                "SKU-000219D",
                1
            ]
        ],
        "pickTime": "2025-07-15 12:53:54"
    },
    {
        "replenish": false,
        "skus": [
            [
                "SKU-000771D",
                1
            ],
            [
                "SKU-000393C",
                1
            ],
            [
                "SKU-000027A",
                1
            ]
        ],
        "pickTime": "2025-07-16 04:58:48"
    },
    {
        "replenish": false,
        "skus": [
            [
                "SKU-000356C",
                1
            ],
            [
                "SKU-000121B",
                1
            ],
            [
                "SKU-000567C",
                1
            ],
            [
                "SKU-000059B",
                1
            ]
        ],
        "pickTime": "2025-07-16 10:30:51"
    },
    {
        "replenish": false,
        "skus": [
            [
                "SKU-000367C",
                1
            ],
            [
                "SKU-000816B",
                1
            ],
            [
                "SKU-000405C",
                1
            ]
        ],
        "pickTime": "2025-07-16 20:28:46"
    },
    {
        "replenish": false,
        "skus": [
            [
                "SKU-000058D",
                1
            ],
            [
                "SKU-000266B",
                1
            ]
        ],
        "pickTime": "2025-07-17 03:15:38"
    },
    {
        "replenish": false,
        "skus": [
            [
                "SKU-000733D",
                1
            ],
            [
                "SKU-000095C",
                1
            ],
            [
                "SKU-000812A",
                1
            ]
        ],
        "pickTime": "2025-07-17 06:57:38"
    },
    {
        "replenish": false,
        "skus": [
            [
                "SKU-000227C",
                1
            ]
        ],
        "pickTime": "2025-07-17 09:03:09"
    },
    {
        "replenish": false,
        "skus": [
            [
                "SKU-000531B",
                1
            ],
            [
                "SKU-000337B",
                1
            ]
        ],
        "pickTime": "2025-07-17 16:07:11"
    },
    {
        "replenish": false,
        "skus": [
            [
                "SKU-000427B",
                1
            ],
            [
                "SKU-000219B",
                1
            ],
            [
                "SKU-000468C",
                1
            ],
            [
                "SKU-000266D",
                1
            ],
            [
                "SKU-000247B",
                1
            ],
            [
                "SKU-000676C",
                1
            ],
            [
                "SKU-000445B",
                1
            ],
            [
                "SKU-000845B",
                1
            ],
            [
                "SKU-000861B",
                1
            ],
            [
                "SKU-000769C",
                1
            ],
            [
                "SKU-000387A",
                1
            ],
            [
                "SKU-000814D",
                1
            ],
            [
                "SKU-000398D",
                1
            ],
            [
                "SKU-000986D",
                1
            ],
            [
                "SKU-000906C",
                1
            ],
            [
                "SKU-000717C",
                1
            ],
            [
                "SKU-000999D",
                1
            ],
            [
                "SKU-000663B",
                1
            ],
            [
                "SKU-000925D",
                1
            ],
            [
                "SKU-000505B",
                1
            ],
            [
                "SKU-000184B",
                1
            ]
        ],
        "pickTime": "2025-07-17 23:19:44"
    },
    {
        "replenish": false,
        "skus": [
            [
                "SKU-000059A",
                1
            ],
            [
                "SKU-000890C",
                1
            ],
            [
                "SKU-000955A",
                1
            ],
            [
                "SKU-000059B",
                1
            ],
            [
                "SKU-000267C",
                1
            ],
            [
                "SKU-000217B",
                1
            ],
            [
                "SKU-000643B",
                1
            ],
            [
                "SKU-000144A",
                1
            ],
            [
                "SKU-000035D",
                1
            ],
            [
                "SKU-000277B",
                1
            ],
            [
                "SKU-000027C",
                1
            ],
            [
                "SKU-000581C",
                1
            ],
            [
                "SKU-001000A",
                1
            ],
            [
                "SKU-000807C",
                1
            ],
            [
                "SKU-000942D",
                1
            ],
            [
                "SKU-000235C",
                1
            ],
            [
                "SKU-000610D",
                1
            ],
            [
                "SKU-000101A",
                1
            ],
            [
                "SKU-000573A",
                1
            ]
        ],
        "pickTime": "2025-07-18 02:46:05"
    },
    {
        "replenish": false,
        "skus": [
            [
                "SKU-000687A",
                1
            ],
            [
                "SKU-000050C",
                1
            ],
            [
                "SKU-000983A",
                1
            ],
            [
                "SKU-000999D",
                1
            ],
            [
                "SKU-000945A",
                1
            ],
            [
                "SKU-000514A",
                1
            ]
        ],
        "pickTime": "2025-07-18 07:48:52"
    },
    {
        "replenish": false,
        "skus": [
            [
                "SKU-000494D",
                1
            ],
            [
                "SKU-000667B",
                1
            ],
            [
                "SKU-000136B",
                1
            ],
            [
                "SKU-000292D",
                1
            ],
            [
                "SKU-000177A",
                1
            ],
            [
                "SKU-000861B",
                1
            ]
        ],
        "pickTime": "2025-07-18 18:08:28"
    },
    {
        "replenish": false,
        "skus": [
            [
                "SKU-000944C",
                1
            ],
            [
                "SKU-000047C",
                1
            ],
            [
                "SKU-000538B",
                1
            ]
        ],
        "pickTime": "2025-07-19 02:32:18"
    },
    {
        "replenish": false,
        "skus": [
            [
                "SKU-000395D",
                1
            ]
        ],
        "pickTime": "2025-07-19 18:11:10"
    },
    {
        "replenish": false,
        "skus": [
            [
                "SKU-000940C",
                1
            ]
        ],
        "pickTime": "2025-07-19 19:42:50"
    },
    {
        "replenish": false,
        "skus": [
            [
                "SKU-000858C",
                1
            ]
        ],
        "pickTime": "2025-07-19 19:56:48"
    },
    {
        "replenish": false,
        "skus": [
            [
                "SKU-000047A",
                1
            ],
            [
                "SKU-000463A",
                1
            ],
            [
                "SKU-000638C",
                1
            ],
            [
                "SKU-000954B",
                1
            ],
            [
                "SKU-000142D",
                1
            ],
            [
                "SKU-000546A",
                1
            ],
            [
                "SKU-000490A",
                1
            ],
            [
                "SKU-000954D",
                1
            ]
        ],
        "pickTime": "2025-07-19 22:23:27"
    },
    {
        "replenish": false,
        "skus": [
            [
                "SKU-000554D",
                1
            ],
            [
                "SKU-000235A",
                1
            ],
            [
                "SKU-000785B",
                1
            ],
            [
                "SKU-000430A",
                1
            ],
            [
                "SKU-000097B",
                1
            ],
            [
                "SKU-000976D",
                1
            ],
            [
                "SKU-000469A",
                1
            ],
            [
                "SKU-000223B",
                1
            ],
            [
                "SKU-000280B",
                1
            ],
            [
                "SKU-000249D",
                1
            ],
            [
                "SKU-000813D",
                1
            ],
            [
                "SKU-000173D",
                1
            ],
            [
                "SKU-000201B",
                1
            ],
            [
                "SKU-000444B",
                1
            ],
            [
                "SKU-000456A",
                1
            ],
            [
                "SKU-000672C",
                1
            ],
            [
                "SKU-000017A",
                1
            ],
            [
                "SKU-000459D",
                1
            ],
            [
                "SKU-000558A",
                1
            ],
            [
                "SKU-000687B",
                1
            ],
            [
                "SKU-000604B",
                1
            ],
            [
                "SKU-000526C",
                1
            ],
            [
                "SKU-000059B",
                1
            ],
            [
                "SKU-000755A",
                1
            ],
            [
                "SKU-000149A",
                1
            ],
            [
                "SKU-000681A",
                1
            ],
            [
                "SKU-000236A",
                1
            ],
            [
                "SKU-000036A",
                1
            ],
            [
                "SKU-000262B",
                1
            ],
            [
                "SKU-000128D",
                1
            ]
        ],
        "pickTime": "2025-07-20 09:18:59"
    },
    {
        "replenish": false,
        "skus": [
            [
                "SKU-000787B",
                1
            ],
            [
                "SKU-000617A",
                1
            ],
            [
                "SKU-000531A",
                1
            ],
            [
                "SKU-000112C",
                1
            ]
        ],
        "pickTime": "2025-07-20 09:31:54"
    },
    {
        "replenish": false,
        "skus": [
            [
                "SKU-000838B",
                1
            ]
        ],
        "pickTime": "2025-07-20 18:46:54"
    },
    {
        "replenish": false,
        "skus": [
            [
                "SKU-000999D",
                1
            ],
            [
                "SKU-000343D",
                1
            ],
            [
                "SKU-000858C",
                1
            ],
            [
                "SKU-000453B",
                1
            ],
            [
                "SKU-000591A",
                1
            ],
            [
                "SKU-000735B",
                1
            ],
            [
                "SKU-000663B",
                1
            ],
            [
                "SKU-000897B",
                1
            ]
        ],
        "pickTime": "2025-07-20 19:58:34"
    },
    {
        "replenish": false,
        "skus": [
            [
                "SKU-000642B",
                1
            ],
            [
                "SKU-000488D",
                1
            ],
            [
                "SKU-000266B",
                1
            ],
            [
                "SKU-000996C",
                1
            ],
            [
                "SKU-000894C",
                1
            ],
            [
                "SKU-000938C",
                1
            ],
            [
                "SKU-000537B",
                1
            ]
        ],
        "pickTime": "2025-07-21 03:07:00"
    },
    {
        "replenish": false,
        "skus": [
            [
                "SKU-000572C",
                1
            ],
            [
                "SKU-000510C",
                1
            ],
            [
                "SKU-000394B",
                1
            ],
            [
                "SKU-000202B",
                1
            ],
            [
                "SKU-000975B",
                1
            ],
            [
                "SKU-000241B",
                1
            ],
            [
                "SKU-000939D",
                1
            ]
        ],
        "pickTime": "2025-07-21 06:31:45"
    },
    {
        "replenish": false,
        "skus": [
            [
                "SKU-000481A",
                1
            ],
            [
                "SKU-000607C",
                1
            ],
            [
                "SKU-000317A",
                1
            ],
            [
                "SKU-000309A",
                1
            ],
            [
                "SKU-000713D",
                1
            ],
            [
                "SKU-000512C",
                1
            ]
        ],
        "pickTime": "2025-07-21 07:31:27"
    },
    {
        "replenish": false,
        "skus": [
            [
                "SKU-000529A",
                1
            ],
            [
                "SKU-000262D",
                1
            ],
            [
                "SKU-000030C",
                1
            ],
            [
                "SKU-000738B",
                1
            ],
            [
                "SKU-000875B",
                1
            ],
            [
                "SKU-000259B",
                1
            ],
            [
                "SKU-000032D",
                1
            ]
        ],
        "pickTime": "2025-07-21 08:01:05"
    },
    {
        "replenish": false,
        "skus": [
            [
                "SKU-000205A",
                1
            ],
            [
                "SKU-000089D",
                1
            ],
            [
                "SKU-000048C",
                1
            ],
            [
                "SKU-000023C",
                1
            ],
            [
                "SKU-000939C",
                1
            ],
            [
                "SKU-000613C",
                1
            ],
            [
                "SKU-000196A",
                1
            ],
            [
                "SKU-000463B",
                1
            ],
            [
                "SKU-000356C",
                1
            ],
            [
                "SKU-000157A",
                1
            ],
            [
                "SKU-000550D",
                1
            ],
            [
                "SKU-000683C",
                1
            ],
            [
                "SKU-000836B",
                1
            ]
        ],
        "pickTime": "2025-07-21 13:00:46"
    },
    {
        "replenish": false,
        "skus": [
            [
                "SKU-000133A",
                1
            ]
        ],
        "pickTime": "2025-07-22 00:46:17"
    },
    {
        "replenish": false,
        "skus": [
            [
                "SKU-000919D",
                1
            ],
            [
                "SKU-000274C",
                1
            ],
            [
                "SKU-000138B",
                1
            ]
        ],
        "pickTime": "2025-07-23 07:39:22"
    },
    {
        "replenish": false,
        "skus": [
            [
                "SKU-000495A",
                1
            ],
            [
                "SKU-000907A",
                1
            ],
            [
                "SKU-000013C",
                1
            ],
            [
                "SKU-000020A",
                1
            ],
            [
                "SKU-000942D",
                1
            ],
            [
                "SKU-000140C",
                1
            ],
            [
                "SKU-000288B",
                1
            ],
            [
                "SKU-000269C",
                1
            ]
        ],
        "pickTime": "2025-07-23 10:29:55"
    },
    {
        "replenish": false,
        "skus": [
            [
                "SKU-000942D",
                1
            ],
            [
                "SKU-000021B",
                1
            ],
            [
                "SKU-000621B",
                1
            ],
            [
                "SKU-000506D",
                1
            ],
            [
                "SKU-000381D",
                1
            ],
            [
                "SKU-000084C",
                1
            ],
            [
                "SKU-000057D",
                1
            ],
            [
                "SKU-000347B",
                1
            ]
        ],
        "pickTime": "2025-07-23 11:21:59"
    },
    {
        "replenish": false,
        "skus": [
            [
                "SKU-000880B",
                1
            ],
            [
                "SKU-000486A",
                1
            ],
            [
                "SKU-000954D",
                1
            ]
        ],
        "pickTime": "2025-07-23 19:35:50"
    },
    {
        "replenish": false,
        "skus": [
            [
                "SKU-000059B",
                1
            ],
            [
                "SKU-000437C",
                1
            ]
        ],
        "pickTime": "2025-07-25 01:11:31"
    },
    {
        "replenish": false,
        "skus": [
            [
                "SKU-000584D",
                1
            ],
            [
                "SKU-000665D",
                1
            ],
            [
                "SKU-000803C",
                1
            ],
            [
                "SKU-000558A",
                1
            ],
            [
                "SKU-000210A",
                1
            ],
            [
                "SKU-000711C",
                1
            ],
            [
                "SKU-000145A",
                1
            ],
            [
                "SKU-000336D",
                1
            ],
            [
                "SKU-000046D",
                1
            ],
            [
                "SKU-000193C",
                1
            ],
            [
                "SKU-000556C",
                1
            ],
            [
                "SKU-000057D",
                1
            ],
            [
                "SKU-000272B",
                1
            ],
            [
                "SKU-000001D",
                1
            ],
            [
                "SKU-000591D",
                1
            ],
            [
                "SKU-000986A",
                1
            ],
            [
                "SKU-000435C",
                1
            ],
            [
                "SKU-000939D",
                1
            ]
        ],
        "pickTime": "2025-07-25 04:46:13"
    },
    {
        "replenish": false,
        "skus": [
            [
                "SKU-000919A",
                1
            ],
            [
                "SKU-000877A",
                1
            ],
            [
                "SKU-000689D",
                1
            ],
            [
                "SKU-000704C",
                1
            ],
            [
                "SKU-000749A",
                1
            ],
            [
                "SKU-000716B",
                1
            ],
            [
                "SKU-000859D",
                1
            ],
            [
                "SKU-000132D",
                1
            ],
            [
                "SKU-000242D",
                1
            ],
            [
                "SKU-000957B",
                1
            ]
        ],
        "pickTime": "2025-07-25 16:47:56"
    },
    {
        "replenish": false,
        "skus": [
            [
                "SKU-000566D",
                1
            ],
            [
                "SKU-000465D",
                1
            ]
        ],
        "pickTime": "2025-07-25 20:50:41"
    },
    {
        "replenish": false,
        "skus": [
            [
                "SKU-000541B",
                1
            ],
            [
                "SKU-000226B",
                1
            ],
            [
                "SKU-000939C",
                1
            ],
            [
                "SKU-000837D",
                1
            ],
            [
                "SKU-000002B",
                1
            ],
            [
                "SKU-000138B",
                1
            ],
            [
                "SKU-000767A",
                1
            ],
            [
                "SKU-000059B",
                1
            ],
            [
                "SKU-000355C",
                1
            ],
            [
                "SKU-000629D",
                1
            ],
            [
                "SKU-000947D",
                1
            ],
            [
                "SKU-000268C",
                1
            ],
            [
                "SKU-000492A",
                1
            ],
            [
                "SKU-000974A",
                1
            ],
            [
                "SKU-000093B",
                1
            ],
            [
                "SKU-000999D",
                1
            ],
            [
                "SKU-000571C",
                1
            ],
            [
                "SKU-000789C",
                1
            ],
            [
                "SKU-000711D",
                1
            ],
            [
                "SKU-000437C",
                1
            ],
            [
                "SKU-000463D",
                1
            ],
            [
                "SKU-000857D",
                1
            ],
            [
                "SKU-000502A",
                1
            ],
            [
                "SKU-000826A",
                1
            ],
            [
                "SKU-000736B",
                1
            ],
            [
                "SKU-000465A",
                1
            ],
            [
                "SKU-000942D",
                1
            ],
            [
                "SKU-000870B",
                1
            ]
        ],
        "pickTime": "2025-07-26 02:51:00"
    },
    {
        "replenish": false,
        "skus": [
            [
                "SKU-000189B",
                1
            ]
        ],
        "pickTime": "2025-07-26 10:00:51"
    },
    {
        "replenish": false,
        "skus": [
            [
                "SKU-000190A",
                1
            ],
            [
                "SKU-000111B",
                1
            ],
            [
                "SKU-000186B",
                1
            ],
            [
                "SKU-000459D",
                1
            ],
            [
                "SKU-000609A",
                1
            ],
            [
                "SKU-000572A",
                1
            ],
            [
                "SKU-000706C",
                1
            ],
            [
                "SKU-000778A",
                1
            ],
            [
                "SKU-000460C",
                1
            ]
        ],
        "pickTime": "2025-07-26 22:20:41"
    },
    {
        "replenish": false,
        "skus": [
            [
                "SKU-000871C",
                1
            ],
            [
                "SKU-000287B",
                1
            ],
            [
                "SKU-000379D",
                1
            ],
            [
                "SKU-000272B",
                1
            ],
            [
                "SKU-000116B",
                1
            ],
            [
                "SKU-000259A",
                1
            ],
            [
                "SKU-000057A",
                1
            ],
            [
                "SKU-000038D",
                1
            ],
            [
                "SKU-000779C",
                1
            ]
        ],
        "pickTime": "2025-07-29 01:53:12"
    },
    {
        "replenish": false,
        "skus": [
            [
                "SKU-000219B",
                1
            ],
            [
                "SKU-000657C",
                1
            ],
            [
                "SKU-000493A",
                1
            ],
            [
                "SKU-000017B",
                1
            ],
            [
                "SKU-000143A",
                1
            ],
            [
                "SKU-001000C",
                1
            ],
            [
                "SKU-000899A",
                1
            ],
            [
                "SKU-000679A",
                1
            ],
            [
                "SKU-000652A",
                1
            ],
            [
                "SKU-000944A",
                1
            ],
            [
                "SKU-000647A",
                1
            ]
        ],
        "pickTime": "2025-07-29 15:07:42"
    },
    {
        "replenish": false,
        "skus": [
            [
                "SKU-000598C",
                1
            ],
            [
                "SKU-000333A",
                1
            ]
        ],
        "pickTime": "2025-07-30 00:08:30"
    },
    {
        "replenish": false,
        "skus": [
            [
                "SKU-000016C",
                1
            ],
            [
                "SKU-000741C",
                1
            ]
        ],
        "pickTime": "2025-07-30 03:41:36"
    },
    {
        "replenish": false,
        "skus": [
            [
                "SKU-000878A",
                1
            ],
            [
                "SKU-000906C",
                1
            ]
        ],
        "pickTime": "2025-07-30 07:28:35"
    },
    {
        "replenish": false,
        "skus": [
            [
                "SKU-000415A",
                1
            ],
            [
                "SKU-000529D",
                1
            ],
            [
                "SKU-000334B",
                1
            ],
            [
                "SKU-000953C",
                1
            ],
            [
                "SKU-000976D",
                1
            ]
        ],
        "pickTime": "2025-07-30 10:51:52"
    },
    {
        "replenish": false,
        "skus": [
            [
                "SKU-000051A",
                1
            ],
            [
                "SKU-000789C",
                1
            ],
            [
                "SKU-000874A",
                1
            ],
            [
                "SKU-000224D",
                1
            ],
            [
                "SKU-000224C",
                1
            ],
            [
                "SKU-000730D",
                1
            ],
            [
                "SKU-000957B",
                1
            ],
            [
                "SKU-000523B",
                1
            ],
            [
                "SKU-000097B",
                1
            ],
            [
                "SKU-000470B",
                1
            ],
            [
                "SKU-000921B",
                1
            ],
            [
                "SKU-000695C",
                1
            ]
        ],
        "pickTime": "2025-07-30 11:15:20"
    },
    {
        "replenish": false,
        "skus": [
            [
                "SKU-000003A",
                1
            ],
            [
                "SKU-000926D",
                1
            ],
            [
                "SKU-000076B",
                1
            ]
        ],
        "pickTime": "2025-07-30 14:35:46"
    },
    {
        "replenish": false,
        "skus": [
            [
                "SKU-000062C",
                1
            ],
            [
                "SKU-000543B",
                1
            ],
            [
                "SKU-000652B",
                1
            ],
            [
                "SKU-000946B",
                1
            ],
            [
                "SKU-000101B",
                1
            ],
            [
                "SKU-000818D",
                1
            ],
            [
                "SKU-000199C",
                1
            ],
            [
                "SKU-000505C",
                1
            ],
            [
                "SKU-000337A",
                1
            ]
        ],
        "pickTime": "2025-07-30 16:40:47"
    }
]