[
    {
        "replenish": true,
        "skus": [
            [
                "SKU-000686D",
                1
            ],
            [
                "SKU-000871A",
                1
            ],
            [
                "SKU-000820B",
                1
            ],
            [
                "SKU-000236B",
                1
            ],
            [
                "SKU-000681A",
                1
            ],
            [
                "SKU-000442A",
                1
            ],
            [
                "SKU-000208D",
                1
            ],
            [
                "SKU-000055A",
                1
            ],
            [
                "SKU-000635D",
                1
            ],
            [
                "SKU-000372B",
                1
            ],
            [
                "SKU-000598A",
                1
            ],
            [
                "SKU-000213D",
                1
            ],
            [
                "SKU-000801B",
                1
            ],
            [
                "SKU-000933A",
                1
            ],
            [
                "SKU-000352C",
                1
            ],
            [
                "SKU-000801A",
                1
            ],
            [
                "SKU-000509A",
                1
            ],
            [
                "SKU-000722C",
                1
            ],
            [
                "SKU-000095A",
                1
            ],
            [
                "SKU-000632C",
                1
            ],
            [
                "SKU-000737D",
                1
            ],
            [
                "SKU-000913A",
                1
            ],
            [
                "SKU-000522D",
                1
            ],
            [
                "SKU-000549A",
                1
            ],
            [
                "SKU-000589D",
                1
            ],
            [
                "SKU-000614D",
                1
            ],
            [
                "SKU-000681D",
                1
            ],
            [
                "SKU-000028D",
                1
            ],
            [
                "SKU-000869C",
                1
            ],
            [
                "SKU-000051A",
                1
            ],
            [
                "SKU-000136C",
                1
            ],
            [
                "SKU-000772D",
                1
            ],
            [
                "SKU-000899C",
                1
            ],
            [
                "SKU-000662D",
                1
            ]
        ],
        "pickTime": "2025-07-01 06:09:12"
    },
    {
        "replenish": true,
        "skus": [
            [
                "SKU-000289B",
                1
            ],
            [
                "SKU-000803D",
                1
            ],
            [
                "SKU-000660C",
                1
            ]
        ],
        "pickTime": "2025-07-01 07:54:42"
    },
    {
        "replenish": true,
        "skus": [
            [
                "SKU-000533B",
                1
            ],
            [
                "SKU-000837C",
                1
            ],
            [
                "SKU-000315C",
                1
            ],
            [
                "SKU-000212B",
                1
            ],
            [
                "SKU-000543B",
                1
            ],
            [
                "SKU-000870C",
                1
            ],
            [
                "SKU-000669B",
                1
            ],
            [
                "SKU-000314D",
                1
            ],
            [
                "SKU-000742B",
                1
            ],
            [
                "SKU-000361D",
                1
            ],
            [
                "SKU-000607C",
                1
            ],
            [
                "SKU-000830C",
                1
            ],
            [
                "SKU-000432B",
                1
            ],
            [
                "SKU-000645C",
                1
            ]
        ],
        "pickTime": "2025-07-01 08:08:56"
    },
    {
        "replenish": true,
        "skus": [
            [
                "SKU-000785B",
                1
            ],
            [
                "SKU-000164B",
                1
            ],
            [
                "SKU-000815A",
                1
            ],
            [
                "SKU-000613D",
                1
            ],
            [
                "SKU-000510A",
                1
            ],
            [
                "SKU-000026A",
                1
            ]
        ],
        "pickTime": "2025-07-01 09:05:24"
    },
    {
        "replenish": true,
        "skus": [
            [
                "SKU-000724B",
                1
            ],
            [
                "SKU-000407B",
                1
            ],
            [
                "SKU-000541C",
                1
            ],
            [
                "SKU-000120C",
                1
            ],
            [
                "SKU-000105B",
                1
            ],
            [
                "SKU-000434C",
                1
            ],
            [
                "SKU-000361D",
                1
            ],
            [
                "SKU-000172B",
                1
            ],
            [
                "SKU-000161C",
                1
            ],
            [
                "SKU-000610A",
                1
            ],
            [
                "SKU-000245A",
                1
            ],
            [
                "SKU-000418D",
                1
            ],
            [
                "SKU-000787B",
                1
            ],
            [
                "SKU-000309B",
                1
            ]
        ],
        "pickTime": "2025-07-01 09:24:16"
    },
    {
        "replenish": true,
        "skus": [
            [
                "SKU-000801B",
                1
            ],
            [
                "SKU-000421B",
                1
            ],
            [
                "SKU-000602D",
                1
            ],
            [
                "SKU-000697A",
                1
            ]
        ],
        "pickTime": "2025-07-01 17:38:03"
    },
    {
        "replenish": true,
        "skus": [
            [
                "SKU-000630B",
                1
            ],
            [
                "SKU-000147A",
                1
            ],
            [
                "SKU-000848D",
                1
            ],
            [
                "SKU-000441A",
                1
            ],
            [
                "SKU-000801C",
                1
            ],
            [
                "SKU-000339B",
                1
            ],
            [
                "SKU-000789C",
                1
            ],
            [
                "SKU-000597A",
                1
            ],
            [
                "SKU-000990D",
                1
            ],
            [
                "SKU-000908B",
                1
            ],
            [
                "SKU-000041C",
                1
            ],
            [
                "SKU-000186B",
                1
            ],
            [
                "SKU-000543A",
                1
            ],
            [
                "SKU-000027D",
                1
            ],
            [
                "SKU-000205D",
                1
            ],
            [
                "SKU-000329A",
                1
            ],
            [
                "SKU-000197B",
                1
            ]
        ],
        "pickTime": "2025-07-02 04:07:06"
    },
    {
        "replenish": true,
        "skus": [
            [
                "SKU-000559C",
                1
            ],
            [
                "SKU-000018C",
                1
            ],
            [
                "SKU-000611C",
                1
            ],
            [
                "SKU-000846C",
                1
            ],
            [
                "SKU-000602B",
                1
            ],
            [
                "SKU-000753D",
                1
            ],
            [
                "SKU-000421B",
                1
            ],
            [
                "SKU-000294D",
                1
            ],
            [
                "SKU-000335D",
                1
            ],
            [
                "SKU-000553C",
                1
            ],
            [
                "SKU-000016B",
                1
            ],
            [
                "SKU-000234A",
                1
            ],
            [
                "SKU-000808B",
                1
            ],
            [
                "SKU-000759D",
                1
            ],
            [
                "SKU-000593A",
                1
            ],
            [
                "SKU-000272C",
                1
            ],
            [
                "SKU-000576B",
                1
            ],
            [
                "SKU-000768B",
                1
            ],
            [
                "SKU-000255A",
                1
            ],
            [
                "SKU-000040C",
                1
            ],
            [
                "SKU-000994B",
                1
            ],
            [
                "SKU-000081C",
                1
            ],
            [
                "SKU-000737B",
                1
            ],
            [
                "SKU-000681D",
                1
            ]
        ],
        "pickTime": "2025-07-02 06:20:13"
    },
    {
        "replenish": true,
        "skus": [
            [
                "SKU-000066C",
                1
            ],
            [
                "SKU-000556C",
                1
            ],
            [
                "SKU-000890A",
                1
            ],
            [
                "SKU-000081C",
                1
            ],
            [
                "SKU-000055C",
                1
            ],
            [
                "SKU-000553C",
                1
            ],
            [
                "SKU-000616A",
                1
            ]
        ],
        "pickTime": "2025-07-02 21:26:24"
    },
    {
        "replenish": true,
        "skus": [
            [
                "SKU-000614C",
                1
            ],
            [
                "SKU-000999D",
                1
            ],
            [
                "SKU-000857A",
                1
            ],
            [
                "SKU-000063D",
                1
            ]
        ],
        "pickTime": "2025-07-02 21:56:04"
    },
    {
        "replenish": true,
        "skus": [
            [
                "SKU-000382B",
                1
            ],
            [
                "SKU-000314C",
                1
            ],
            [
                "SKU-000870C",
                1
            ],
            [
                "SKU-000778D",
                1
            ],
            [
                "SKU-000174A",
                1
            ],
            [
                "SKU-000445D",
                1
            ]
        ],
        "pickTime": "2025-07-03 06:28:17"
    },
    {
        "replenish": true,
        "skus": [
            [
                "SKU-000753C",
                1
            ],
            [
                "SKU-000598A",
                1
            ],
            [
                "SKU-001000A",
                1
            ],
            [
                "SKU-000224B",
                1
            ],
            [
                "SKU-000874D",
                1
            ],
            [
                "SKU-000187A",
                1
            ],
            [
                "SKU-000059D",
                1
            ],
            [
                "SKU-000043D",
                1
            ],
            [
                "SKU-000153D",
                1
            ],
            [
                "SKU-000361D",
                1
            ]
        ],
        "pickTime": "2025-07-03 08:33:05"
    },
    {
        "replenish": true,
        "skus": [
            [
                "SKU-000530B",
                1
            ],
            [
                "SKU-000632C",
                1
            ],
            [
                "SKU-000770A",
                1
            ],
            [
                "SKU-000706C",
                1
            ],
            [
                "SKU-000773C",
                1
            ],
            [
                "SKU-000952A",
                1
            ]
        ],
        "pickTime": "2025-07-03 08:41:13"
    },
    {
        "replenish": true,
        "skus": [
            [
                "SKU-000579B",
                1
            ],
            [
                "SKU-000948B",
                1
            ]
        ],
        "pickTime": "2025-07-03 21:27:15"
    },
    {
        "replenish": true,
        "skus": [
            [
                "SKU-000698A",
                1
            ],
            [
                "SKU-000490B",
                1
            ],
            [
                "SKU-000804B",
                1
            ]
        ],
        "pickTime": "2025-07-04 10:40:18"
    },
    {
        "replenish": true,
        "skus": [
            [
                "SKU-000675A",
                1
            ],
            [
                "SKU-000013A",
                1
            ],
            [
                "SKU-000171D",
                1
            ],
            [
                "SKU-000967B",
                1
            ],
            [
                "SKU-000816D",
                1
            ],
            [
                "SKU-000939B",
                1
            ],
            [
                "SKU-000996C",
                1
            ],
            [
                "SKU-000080D",
                1
            ],
            [
                "SKU-000805A",
                1
            ],
            [
                "SKU-000980D",
                1
            ],
            [
                "SKU-000276A",
                1
            ],
            [
                "SKU-000062B",
                1
            ],
            [
                "SKU-000433C",
                1
            ],
            [
                "SKU-000650B",
                1
            ],
            [
                "SKU-000188B",
                1
            ],
            [
                "SKU-000240B",
                1
            ],
            [
                "SKU-000034D",
                1
            ],
            [
                "SKU-000694D",
                1
            ],
            [
                "SKU-000445D",
                1
            ],
            [
                "SKU-000058C",
                1
            ],
            [
                "SKU-000266D",
                1
            ],
            [
                "SKU-000658A",
                1
            ],
            [
                "SKU-000419A",
                1
            ],
            [
                "SKU-000570D",
                1
            ],
            [
                "SKU-000042A",
                1
            ],
            [
                "SKU-000749C",
                1
            ],
            [
                "SKU-000205D",
                1
            ],
            [
                "SKU-000240C",
                1
            ],
            [
                "SKU-000920C",
                1
            ],
            [
                "SKU-000229A",
                1
            ],
            [
                "SKU-000849B",
                1
            ],
            [
                "SKU-000386C",
                1
            ]
        ],
        "pickTime": "2025-07-05 18:25:47"
    },
    {
        "replenish": true,
        "skus": [
            [
                "SKU-000875A",
                1
            ],
            [
                "SKU-000668D",
                1
            ]
        ],
        "pickTime": "2025-07-05 21:48:28"
    },
    {
        "replenish": true,
        "skus": [
            [
                "SKU-000915D",
                1
            ],
            [
                "SKU-000558C",
                1
            ],
            [
                "SKU-000992A",
                1
            ]
        ],
        "pickTime": "2025-07-06 02:02:43"
    },
    {
        "replenish": true,
        "skus": [
            [
                "SKU-000765A",
                1
            ],
            [
                "SKU-000857C",
                1
            ],
            [
                "SKU-000297A",
                1
            ],
            [
                "SKU-000980D",
                1
            ],
            [
                "SKU-000999D",
                1
            ],
            [
                "SKU-000310B",
                1
            ],
            [
                "SKU-000168D",
                1
            ],
            [
                "SKU-000528D",
                1
            ],
            [
                "SKU-000465D",
                1
            ],
            [
                "SKU-000521A",
                1
            ],
            [
                "SKU-000085D",
                1
            ],
            [
                "SKU-000476D",
                1
            ],
            [
                "SKU-000007C",
                1
            ],
            [
                "SKU-000669C",
                1
            ],
            [
                "SKU-000099C",
                1
            ],
            [
                "SKU-000002A",
                1
            ]
        ],
        "pickTime": "2025-07-06 19:55:38"
    },
    {
        "replenish": true,
        "skus": [
            [
                "SKU-000570D",
                1
            ],
            [
                "SKU-000928B",
                1
            ],
            [
                "SKU-000910A",
                1
            ],
            [
                "SKU-000205D",
                1
            ],
            [
                "SKU-000492C",
                1
            ],
            [
                "SKU-000292B",
                1
            ],
            [
                "SKU-000195A",
                1
            ],
            [
                "SKU-000812A",
                1
            ],
            [
                "SKU-000561D",
                1
            ],
            [
                "SKU-000579A",
                1
            ],
            [
                "SKU-000764C",
                1
            ],
            [
                "SKU-000038B",
                1
            ],
            [
                "SKU-000019A",
                1
            ],
            [
                "SKU-000088A",
                1
            ],
            [
                "SKU-000951D",
                1
            ],
            [
                "SKU-000085B",
                1
            ],
            [
                "SKU-000259D",
                1
            ],
            [
                "SKU-000530A",
                1
            ],
            [
                "SKU-000407B",
                1
            ],
            [
                "SKU-000826C",
                1
            ],
            [
                "SKU-000164C",
                1
            ],
            [
                "SKU-000690A",
                1
            ],
            [
                "SKU-000967B",
                1
            ],
            [
                "SKU-000689A",
                1
            ],
            [
                "SKU-000750C",
                1
            ],
            [
                "SKU-000857D",
                1
            ],
            [
                "SKU-000077D",
                1
            ],
            [
                "SKU-000901A",
                1
            ],
            [
                "SKU-000697C",
                1
            ],
            [
                "SKU-000796C",
                1
            ],
            [
                "SKU-000504C",
                1
            ],
            [
                "SKU-000187A",
                1
            ],
            [
                "SKU-000895D",
                1
            ],
            [
                "SKU-000948B",
                1
            ],
            [
                "SKU-000956B",
                1
            ],
            [
                "SKU-000123B",
                1
            ],
            [
                "SKU-000559C",
                1
            ],
            [
                "SKU-000767A",
                1
            ],
            [
                "SKU-000378A",
                1
            ],
            [
                "SKU-000974B",
                1
            ]
        ],
        "pickTime": "2025-07-07 15:26:07"
    },
    {
        "replenish": true,
        "skus": [
            [
                "SKU-000007B",
                1
            ],
            [
                "SKU-000526D",
                1
            ],
            [
                "SKU-000291B",
                1
            ],
            [
                "SKU-000226D",
                1
            ],
            [
                "SKU-000144A",
                1
            ],
            [
                "SKU-000397D",
                1
            ],
            [
                "SKU-000716C",
                1
            ],
            [
                "SKU-000409A",
                1
            ],
            [
                "SKU-000433A",
                1
            ],
            [
                "SKU-000051B",
                1
            ],
            [
                "SKU-000055C",
                1
            ],
            [
                "SKU-000532C",
                1
            ],
            [
                "SKU-000851C",
                1
            ],
            [
                "SKU-000409A",
                1
            ],
            [
                "SKU-000278C",
                1
            ],
            [
                "SKU-000139B",
                1
            ],
            [
                "SKU-000126C",
                1
            ],
            [
                "SKU-000087B",
                1
            ],
            [
                "SKU-000312D",
                1
            ],
            [
                "SKU-000280C",
                1
            ],
            [
                "SKU-000914A",
                1
            ],
            [
                "SKU-000087C",
                1
            ],
            [
                "SKU-000286C",
                1
            ],
            [
                "SKU-000081C",
                1
            ],
            [
                "SKU-000229A",
                1
            ],
            [
                "SKU-000419A",
                1
            ],
            [
                "SKU-000162C",
                1
            ],
            [
                "SKU-000841A",
                1
            ],
            [
                "SKU-000553C",
                1
            ],
            [
                "SKU-000132D",
                1
            ],
            [
                "SKU-000110C",
                1
            ],
            [
                "SKU-000420C",
                1
            ],
            [
                "SKU-000435B",
                1
            ],
            [
                "SKU-000308A",
                1
            ],
            [
                "SKU-000693D",
                1
            ],
            [
                "SKU-000059D",
                1
            ]
        ],
        "pickTime": "2025-07-08 00:30:12"
    },
    {
        "replenish": true,
        "skus": [
            [
                "SKU-000262C",
                1
            ],
            [
                "SKU-000705B",
                1
            ],
            [
                "SKU-000879A",
                1
            ]
        ],
        "pickTime": "2025-07-08 19:26:02"
    },
    {
        "replenish": true,
        "skus": [
            [
                "SKU-000551C",
                1
            ],
            [
                "SKU-000865C",
                1
            ],
            [
                "SKU-000702C",
                1
            ],
            [
                "SKU-000105D",
                1
            ],
            [
                "SKU-000073C",
                1
            ],
            [
                "SKU-000384B",
                1
            ],
            [
                "SKU-000332D",
                1
            ],
            [
                "SKU-000602D",
                1
            ],
            [
                "SKU-000360A",
                1
            ],
            [
                "SKU-000294B",
                1
            ],
            [
                "SKU-000767A",
                1
            ],
            [
                "SKU-000844A",
                1
            ],
            [
                "SKU-000256B",
                1
            ],
            [
                "SKU-000562B",
                1
            ]
        ],
        "pickTime": "2025-07-08 23:14:41"
    },
    {
        "replenish": true,
        "skus": [
            [
                "SKU-000081C",
                1
            ],
            [
                "SKU-000875B",
                1
            ]
        ],
        "pickTime": "2025-07-09 00:56:30"
    },
    {
        "replenish": true,
        "skus": [
            [
                "SKU-000057A",
                1
            ],
            [
                "SKU-000606B",
                1
            ],
            [
                "SKU-000182C",
                1
            ],
            [
                "SKU-000714B",
                1
            ],
            [
                "SKU-000170A",
                1
            ],
            [
                "SKU-000611D",
                1
            ],
            [
                "SKU-000790B",
                1
            ],
            [
                "SKU-000205B",
                1
            ],
            [
                "SKU-000157B",
                1
            ],
            [
                "SKU-000954A",
                1
            ],
            [
                "SKU-000123A",
                1
            ],
            [
                "SKU-000289D",
                1
            ],
            [
                "SKU-000671B",
                1
            ],
            [
                "SKU-000728A",
                1
            ],
            [
                "SKU-000497B",
                1
            ],
            [
                "SKU-000712B",
                1
            ],
            [
                "SKU-000490A",
                1
            ],
            [
                "SKU-000537C",
                1
            ],
            [
                "SKU-000496C",
                1
            ],
            [
                "SKU-000925A",
                1
            ],
            [
                "SKU-000222D",
                1
            ],
            [
                "SKU-000809C",
                1
            ]
        ],
        "pickTime": "2025-07-09 10:51:39"
    },
    {
        "replenish": true,
        "skus": [
            [
                "SKU-000227A",
                1
            ],
            [
                "SKU-000029B",
                1
            ],
            [
                "SKU-000329A",
                1
            ],
            [
                "SKU-000317B",
                1
            ],
            [
                "SKU-000986A",
                1
            ],
            [
                "SKU-000987B",
                1
            ],
            [
                "SKU-000317B",
                1
            ],
            [
                "SKU-000870C",
                1
            ],
            [
                "SKU-000294C",
                1
            ],
            [
                "SKU-000808B",
                1
            ],
            [
                "SKU-000454A",
                1
            ],
            [
                "SKU-000411B",
                1
            ],
            [
                "SKU-000929C",
                1
            ]
        ],
        "pickTime": "2025-07-09 14:58:07"
    },
    {
        "replenish": true,
        "skus": [
            [
                "SKU-000536A",
                1
            ],
            [
                "SKU-000863D",
                1
            ],
            [
                "SKU-000869C",
                1
            ],
            [
                "SKU-000081B",
                1
            ]
        ],
        "pickTime": "2025-07-09 16:54:20"
    },
    {
        "replenish": true,
        "skus": [
            [
                "SKU-000330A",
                1
            ],
            [
                "SKU-000789C",
                1
            ],
            [
                "SKU-000675A",
                1
            ]
        ],
        "pickTime": "2025-07-10 03:52:24"
    },
    {
        "replenish": true,
        "skus": [
            [
                "SKU-000158D",
                1
            ],
            [
                "SKU-000336C",
                1
            ],
            [
                "SKU-000244D",
                1
            ],
            [
                "SKU-000974B",
                1
            ],
            [
                "SKU-000741B",
                1
            ],
            [
                "SKU-000632C",
                1
            ],
            [
                "SKU-000294D",
                1
            ]
        ],
        "pickTime": "2025-07-10 04:29:22"
    },
    {
        "replenish": true,
        "skus": [
            [
                "SKU-000452C",
                1
            ],
            [
                "SKU-000830D",
                1
            ],
            [
                "SKU-000421B",
                1
            ],
            [
                "SKU-000629C",
                1
            ],
            [
                "SKU-000809C",
                1
            ],
            [
                "SKU-000354A",
                1
            ],
            [
                "SKU-000767B",
                1
            ],
            [
                "SKU-000871A",
                1
            ],
            [
                "SKU-000454D",
                1
            ],
            [
                "SKU-000586B",
                1
            ],
            [
                "SKU-000142C",
                1
            ],
            [
                "SKU-000858D",
                1
            ],
            [
                "SKU-000348B",
                1
            ],
            [
                "SKU-000318D",
                1
            ],
            [
                "SKU-000468A",
                1
            ],
            [
                "SKU-000196A",
                1
            ],
            [
                "SKU-000286C",
                1
            ],
            [
                "SKU-000717D",
                1
            ],
            [
                "SKU-000386A",
                1
            ],
            [
                "SKU-000857D",
                1
            ],
            [
                "SKU-000161C",
                1
            ],
            [
                "SKU-000967B",
                1
            ],
            [
                "SKU-000830A",
                1
            ],
            [
                "SKU-000435C",
                1
            ],
            [
                "SKU-000054D",
                1
            ],
            [
                "SKU-000830A",
                1
            ],
            [
                "SKU-000887A",
                1
            ],
            [
                "SKU-000936C",
                1
            ],
            [
                "SKU-000116A",
                1
            ],
            [
                "SKU-000098D",
                1
            ]
        ],
        "pickTime": "2025-07-10 10:33:33"
    },
    {
        "replenish": true,
        "skus": [
            [
                "SKU-000808B",
                1
            ]
        ],
        "pickTime": "2025-07-10 10:50:02"
    },
    {
        "replenish": true,
        "skus": [
            [
                "SKU-000858C",
                1
            ],
            [
                "SKU-000912C",
                1
            ],
            [
                "SKU-000301B",
                1
            ],
            [
                "SKU-000095D",
                1
            ],
            [
                "SKU-000263A",
                1
            ],
            [
                "SKU-000183A",
                1
            ]
        ],
        "pickTime": "2025-07-11 14:33:37"
    },
    {
        "replenish": true,
        "skus": [
            [
                "SKU-000240B",
                1
            ],
            [
                "SKU-000439D",
                1
            ],
            [
                "SKU-000135B",
                1
            ],
            [
                "SKU-000075B",
                1
            ],
            [
                "SKU-000142A",
                1
            ],
            [
                "SKU-000575C",
                1
            ],
            [
                "SKU-000657B",
                1
            ],
            [
                "SKU-000287B",
                1
            ],
            [
                "SKU-000561B",
                1
            ],
            [
                "SKU-000459A",
                1
            ],
            [
                "SKU-000608D",
                1
            ],
            [
                "SKU-000670B",
                1
            ],
            [
                "SKU-000642A",
                1
            ],
            [
                "SKU-000826C",
                1
            ],
            [
                "SKU-000355D",
                1
            ],
            [
                "SKU-000975C",
                1
            ],
            [
                "SKU-000951A",
                1
            ]
        ],
        "pickTime": "2025-07-11 15:26:23"
    },
    {
        "replenish": true,
        "skus": [
            [
                "SKU-000116C",
                1
            ],
            [
                "SKU-000240C",
                1
            ],
            [
                "SKU-000921C",
                1
            ],
            [
                "SKU-000804A",
                1
            ]
        ],
        "pickTime": "2025-07-11 20:36:56"
    },
    {
        "replenish": true,
        "skus": [
            [
                "SKU-000860B",
                1
            ],
            [
                "SKU-000249D",
                1
            ],
            [
                "SKU-000645C",
                1
            ],
            [
                "SKU-000798C",
                1
            ]
        ],
        "pickTime": "2025-07-12 19:43:04"
    },
    {
        "replenish": true,
        "skus": [
            [
                "SKU-000807B",
                1
            ],
            [
                "SKU-000343D",
                1
            ],
            [
                "SKU-000088A",
                1
            ],
            [
                "SKU-000420D",
                1
            ],
            [
                "SKU-000974B",
                1
            ],
            [
                "SKU-000406B",
                1
            ],
            [
                "SKU-000709B",
                1
            ],
            [
                "SKU-000019D",
                1
            ],
            [
                "SKU-000954D",
                1
            ],
            [
                "SKU-000076B",
                1
            ],
            [
                "SKU-000869C",
                1
            ],
            [
                "SKU-000880D",
                1
            ],
            [
                "SKU-000108C",
                1
            ]
        ],
        "pickTime": "2025-07-13 07:27:08"
    },
    {
        "replenish": true,
        "skus": [
            [
                "SKU-000638D",
                1
            ],
            [
                "SKU-000294D",
                1
            ]
        ],
        "pickTime": "2025-07-13 15:55:18"
    },
    {
        "replenish": true,
        "skus": [
            [
                "SKU-000904D",
                1
            ],
            [
                "SKU-000747C",
                1
            ],
            [
                "SKU-000854C",
                1
            ],
            [
                "SKU-000385C",
                1
            ],
            [
                "SKU-000311A",
                1
            ],
            [
                "SKU-000953A",
                1
            ],
            [
                "SKU-000593C",
                1
            ],
            [
                "SKU-000792A",
                1
            ],
            [
                "SKU-000439B",
                1
            ],
            [
                "SKU-000808C",
                1
            ],
            [
                "SKU-000046C",
                1
            ],
            [
                "SKU-000808B",
                1
            ],
            [
                "SKU-000331B",
                1
            ],
            [
                "SKU-000530B",
                1
            ],
            [
                "SKU-000835D",
                1
            ],
            [
                "SKU-000614A",
                1
            ],
            [
                "SKU-000373A",
                1
            ],
            [
                "SKU-000217D",
                1
            ],
            [
                "SKU-000257D",
                1
            ],
            [
                "SKU-000052B",
                1
            ],
            [
                "SKU-000205B",
                1
            ],
            [
                "SKU-000003B",
                1
            ],
            [
                "SKU-000660D",
                1
            ],
            [
                "SKU-000933A",
                1
            ],
            [
                "SKU-000668C",
                1
            ],
            [
                "SKU-000476C",
                1
            ],
            [
                "SKU-000728A",
                1
            ],
            [
                "SKU-000856D",
                1
            ],
            [
                "SKU-000027A",
                1
            ]
        ],
        "pickTime": "2025-07-14 04:23:42"
    },
    {
        "replenish": true,
        "skus": [
            [
                "SKU-000508A",
                1
            ],
            [
                "SKU-000523D",
                1
            ],
            [
                "SKU-000837A",
                1
            ],
            [
                "SKU-000139D",
                1
            ],
            [
                "SKU-000909D",
                1
            ],
            [
                "SKU-000983A",
                1
            ],
            [
                "SKU-000947C",
                1
            ],
            [
                "SKU-000912D",
                1
            ],
            [
                "SKU-000039C",
                1
            ]
        ],
        "pickTime": "2025-07-15 04:11:12"
    },
    {
        "replenish": true,
        "skus": [
            [
                "SKU-000442A",
                1
            ],
            [
                "SKU-000130A",
                1
            ],
            [
                "SKU-000691A",
                1
            ]
        ],
        "pickTime": "2025-07-15 05:37:48"
    },
    {
        "replenish": true,
        "skus": [
            [
                "SKU-000602C",
                1
            ],
            [
                "SKU-000681D",
                1
            ],
            [
                "SKU-000364C",
                1
            ],
            [
                "SKU-000832D",
                1
            ],
            [
                "SKU-000164A",
                1
            ],
            [
                "SKU-000674B",
                1
            ],
            [
                "SKU-000335D",
                1
            ],
            [
                "SKU-000606B",
                1
            ],
            [
                "SKU-000128C",
                1
            ],
            [
                "SKU-000141A",
                1
            ]
        ],
        "pickTime": "2025-07-15 05:45:30"
    },
    {
        "replenish": true,
        "skus": [
            [
                "SKU-000187A",
                1
            ],
            [
                "SKU-000871C",
                1
            ],
            [
                "SKU-000172B",
                1
            ],
            [
                "SKU-000909D",
                1
            ],
            [
                "SKU-000570A",
                1
            ],
            [
                "SKU-000604D",
                1
            ],
            [
                "SKU-000832D",
                1
            ],
            [
                "SKU-000567A",
                1
            ],
            [
                "SKU-000767D",
                1
            ],
            [
                "SKU-000229A",
                1
            ]
        ],
        "pickTime": "2025-07-15 09:17:25"
    },
    {
        "replenish": true,
        "skus": [
            [
                "SKU-000617B",
                1
            ],
            [
                "SKU-000252B",
                1
            ],
            [
                "SKU-000927B",
                1
            ],
            [
                "SKU-000096A",
                1
            ],
            [
                "SKU-000849D",
                1
            ],
            [
                "SKU-000689D",
                1
            ],
            [
                "SKU-000294B",
                1
            ]
        ],
        "pickTime": "2025-07-15 09:40:54"
    },
    {
        "replenish": true,
        "skus": [
            [
                "SKU-000549A",
                1
            ],
            [
                "SKU-000146D",
                1
            ],
            [
                "SKU-000568D",
                1
            ],
            [
                "SKU-000690B",
                1
            ],
            [
                "SKU-000511A",
                1
            ],
            [
                "SKU-000253D",
                1
            ],
            [
                "SKU-000523D",
                1
            ],
            [
                "SKU-000668D",
                1
            ]
        ],
        "pickTime": "2025-07-16 03:55:34"
    },
    {
        "replenish": true,
        "skus": [
            [
                "SKU-000552D",
                1
            ],
            [
                "SKU-000005C",
                1
            ],
            [
                "SKU-000202C",
                1
            ],
            [
                "SKU-000803B",
                1
            ],
            [
                "SKU-000089D",
                1
            ],
            [
                "SKU-000142C",
                1
            ],
            [
                "SKU-000119B",
                1
            ],
            [
                "SKU-000537C",
                1
            ]
        ],
        "pickTime": "2025-07-16 05:36:54"
    },
    {
        "replenish": true,
        "skus": [
            [
                "SKU-000092C",
                1
            ],
            [
                "SKU-000254D",
                1
            ],
            [
                "SKU-000504A",
                1
            ],
            [
                "SKU-000029D",
                1
            ],
            [
                "SKU-000415A",
                1
            ],
            [
                "SKU-000530B",
                1
            ]
        ],
        "pickTime": "2025-07-16 06:37:15"
    },
    {
        "replenish": true,
        "skus": [
            [
                "SKU-000852D",
                1
            ],
            [
                "SKU-000860B",
                1
            ],
            [
                "SKU-000628D",
                1
            ],
            [
                "SKU-000837C",
                1
            ],
            [
                "SKU-000177A",
                1
            ],
            [
                "SKU-000993B",
                1
            ],
            [
                "SKU-000536A",
                1
            ],
            [
                "SKU-000920D",
                1
            ]
        ],
        "pickTime": "2025-07-16 19:02:09"
    },
    {
        "replenish": true,
        "skus": [
            [
                "SKU-000554C",
                1
            ],
            [
                "SKU-000130D",
                1
            ],
            [
                "SKU-000183C",
                1
            ],
            [
                "SKU-000232D",
                1
            ],
            [
                "SKU-000867A",
                1
            ],
            [
                "SKU-000795D",
                1
            ],
            [
                "SKU-000735A",
                1
            ],
            [
                "SKU-000472A",
                1
            ],
            [
                "SKU-000816C",
                1
            ],
            [
                "SKU-000162B",
                1
            ],
            [
                "SKU-000552D",
                1
            ],
            [
                "SKU-000707D",
                1
            ],
            [
                "SKU-000248C",
                1
            ],
            [
                "SKU-000558A",
                1
            ],
            [
                "SKU-000330B",
                1
            ],
            [
                "SKU-000701C",
                1
            ],
            [
                "SKU-000417B",
                1
            ],
            [
                "SKU-000823A",
                1
            ],
            [
                "SKU-000037C",
                1
            ],
            [
                "SKU-000326B",
                1
            ],
            [
                "SKU-000905D",
                1
            ],
            [
                "SKU-000881C",
                1
            ],
            [
                "SKU-000687D",
                1
            ],
            [
                "SKU-000253D",
                1
            ],
            [
                "SKU-000433C",
                1
            ],
            [
                "SKU-000321D",
                1
            ],
            [
                "SKU-000613C",
                1
            ],
            [
                "SKU-000439B",
                1
            ],
            [
                "SKU-000186B",
                1
            ],
            [
                "SKU-000960A",
                1
            ],
            [
                "SKU-000288B",
                1
            ],
            [
                "SKU-000486B",
                1
            ]
        ],
        "pickTime": "2025-07-16 19:35:04"
    },
    {
        "replenish": true,
        "skus": [
            [
                "SKU-000541A",
                1
            ],
            [
                "SKU-000025B",
                1
            ],
            [
                "SKU-000870C",
                1
            ],
            [
                "SKU-000368B",
                1
            ],
            [
                "SKU-000384D",
                1
            ],
            [
                "SKU-000735A",
                1
            ],
            [
                "SKU-000406C",
                1
            ],
            [
                "SKU-000322A",
                1
            ],
            [
                "SKU-000673B",
                1
            ],
            [
                "SKU-000300C",
                1
            ],
            [
                "SKU-000811A",
                1
            ],
            [
                "SKU-000432B",
                1
            ],
            [
                "SKU-000317D",
                1
            ],
            [
                "SKU-000584C",
                1
            ],
            [
                "SKU-000530D",
                1
            ],
            [
                "SKU-000628C",
                1
            ],
            [
                "SKU-000387C",
                1
            ]
        ],
        "pickTime": "2025-07-16 21:57:50"
    },
    {
        "replenish": true,
        "skus": [
            [
                "SKU-000543D",
                1
            ],
            [
                "SKU-000242C",
                1
            ],
            [
                "SKU-000048A",
                1
            ],
            [
                "SKU-000811A",
                1
            ],
            [
                "SKU-000333A",
                1
            ],
            [
                "SKU-000484C",
                1
            ],
            [
                "SKU-000090B",
                1
            ],
            [
                "SKU-000162B",
                1
            ],
            [
                "SKU-000700A",
                1
            ],
            [
                "SKU-000993B",
                1
            ],
            [
                "SKU-000248B",
                1
            ],
            [
                "SKU-000057C",
                1
            ],
            [
                "SKU-000174A",
                1
            ]
        ],
        "pickTime": "2025-07-17 02:51:21"
    },
    {
        "replenish": false,
        "skus": [
            [
                "SKU-000470C",
                1
            ],
            [
                "SKU-000823B",
                1
            ],
            [
                "SKU-000438C",
                1
            ],
            [
                "SKU-000224A",
                1
            ]
        ],
        "pickTime": "2025-07-17 20:00:41"
    },
    {
        "replenish": false,
        "skus": [
            [
                "SKU-000293D",
                1
            ],
            [
                "SKU-000336D",
                1
            ],
            [
                "SKU-000674D",
                1
            ],
            [
                "SKU-000136B",
                1
            ],
            [
                "SKU-000898D",
                1
            ]
        ],
        "pickTime": "2025-07-17 22:48:34"
    },
    {
        "replenish": false,
        "skus": [
            [
                "SKU-000220B",
                1
            ],
            [
                "SKU-000783A",
                1
            ]
        ],
        "pickTime": "2025-07-18 01:04:23"
    },
    {
        "replenish": false,
        "skus": [
            [
                "SKU-000872A",
                1
            ],
            [
                "SKU-000801A",
                1
            ]
        ],
        "pickTime": "2025-07-18 02:39:16"
    },
    {
        "replenish": false,
        "skus": [
            [
                "SKU-000081B",
                1
            ],
            [
                "SKU-000676B",
                1
            ],
            [
                "SKU-000007B",
                1
            ],
            [
                "SKU-000186C",
                1
            ]
        ],
        "pickTime": "2025-07-18 05:22:58"
    },
    {
        "replenish": false,
        "skus": [
            [
                "SKU-000657D",
                1
            ],
            [
                "SKU-000985B",
                1
            ],
            [
                "SKU-000967D",
                1
            ],
            [
                "SKU-000770D",
                1
            ],
            [
                "SKU-000018C",
                1
            ]
        ],
        "pickTime": "2025-07-18 15:02:51"
    },
    {
        "replenish": false,
        "skus": [
            [
                "SKU-000845D",
                1
            ],
            [
                "SKU-000213D",
                1
            ],
            [
                "SKU-000583B",
                1
            ],
            [
                "SKU-000860B",
                1
            ],
            [
                "SKU-000578A",
                1
            ],
            [
                "SKU-000360A",
                1
            ],
            [
                "SKU-000093D",
                1
            ],
            [
                "SKU-000711D",
                1
            ]
        ],
        "pickTime": "2025-07-18 21:56:07"
    },
    {
        "replenish": false,
        "skus": [
            [
                "SKU-000335D",
                1
            ],
            [
                "SKU-000703A",
                1
            ],
            [
                "SKU-000394C",
                1
            ],
            [
                "SKU-000560C",
                1
            ],
            [
                "SKU-000195A",
                1
            ]
        ],
        "pickTime": "2025-07-19 20:55:02"
    },
    {
        "replenish": false,
        "skus": [
            [
                "SKU-000025B",
                1
            ],
            [
                "SKU-000725C",
                1
            ],
            [
                "SKU-000898D",
                1
            ],
            [
                "SKU-000680B",
                1
            ]
        ],
        "pickTime": "2025-07-20 00:27:12"
    },
    {
        "replenish": false,
        "skus": [
            [
                "SKU-000773C",
                1
            ],
            [
                "SKU-000830A",
                1
            ],
            [
                "SKU-000409B",
                1
            ],
            [
                "SKU-000638C",
                1
            ],
            [
                "SKU-000099C",
                1
            ],
            [
                "SKU-000834A",
                1
            ],
            [
                "SKU-000427D",
                1
            ],
            [
                "SKU-000758A",
                1
            ]
        ],
        "pickTime": "2025-07-21 09:27:35"
    },
    {
        "replenish": false,
        "skus": [
            [
                "SKU-000429C",
                1
            ],
            [
                "SKU-000951A",
                1
            ],
            [
                "SKU-000943A",
                1
            ],
            [
                "SKU-000025B",
                1
            ]
        ],
        "pickTime": "2025-07-21 19:06:39"
    },
    {
        "replenish": false,
        "skus": [
            [
                "SKU-000317D",
                1
            ],
            [
                "SKU-000419C",
                1
            ],
            [
                "SKU-000553B",
                1
            ],
            [
                "SKU-000418A",
                1
            ],
            [
                "SKU-000811C",
                1
            ],
            [
                "SKU-000260A",
                1
            ],
            [
                "SKU-000507B",
                1
            ],
            [
                "SKU-000153D",
                1
            ],
            [
                "SKU-001000A",
                1
            ],
            [
                "SKU-000753A",
                1
            ],
            [
                "SKU-000584C",
                1
            ],
            [
                "SKU-000318D",
                1
            ],
            [
                "SKU-000370C",
                1
            ],
            [
                "SKU-000563D",
                1
            ],
            [
                "SKU-000496C",
                1
            ],
            [
                "SKU-000308A",
                1
            ]
        ],
        "pickTime": "2025-07-21 22:12:07"
    },
    {
        "replenish": false,
        "skus": [
            [
                "SKU-000019B",
                1
            ],
            [
                "SKU-000932D",
                1
            ]
        ],
        "pickTime": "2025-07-22 11:56:27"
    },
    {
        "replenish": false,
        "skus": [
            [
                "SKU-000605A",
                1
            ],
            [
                "SKU-000834B",
                1
            ],
            [
                "SKU-000318D",
                1
            ],
            [
                "SKU-000635B",
                1
            ],
            [
                "SKU-000177A",
                1
            ]
        ],
        "pickTime": "2025-07-22 16:08:46"
    },
    {
        "replenish": false,
        "skus": [
            [
                "SKU-000970A",
                1
            ],
            [
                "SKU-000553C",
                1
            ]
        ],
        "pickTime": "2025-07-23 10:43:30"
    },
    {
        "replenish": false,
        "skus": [
            [
                "SKU-000981D",
                1
            ],
            [
                "SKU-000144A",
                1
            ],
            [
                "SKU-000305B",
                1
            ],
            [
                "SKU-000236C",
                1
            ]
        ],
        "pickTime": "2025-07-24 09:48:18"
    },
    {
        "replenish": false,
        "skus": [
            [
                "SKU-000366D",
                1
            ],
            [
                "SKU-000632C",
                1
            ],
            [
                "SKU-000117C",
                1
            ],
            [
                "SKU-000654B",
                1
            ],
            [
                "SKU-000811B",
                1
            ],
            [
                "SKU-000869C",
                1
            ],
            [
                "SKU-000709A",
                1
            ],
            [
                "SKU-000890A",
                1
            ],
            [
                "SKU-000873D",
                1
            ],
            [
                "SKU-000024A",
                1
            ]
        ],
        "pickTime": "2025-07-24 11:40:26"
    },
    {
        "replenish": false,
        "skus": [
            [
                "SKU-000352B",
                1
            ],
            [
                "SKU-000612B",
                1
            ],
            [
                "SKU-000628C",
                1
            ],
            [
                "SKU-000008D",
                1
            ],
            [
                "SKU-000988A",
                1
            ],
            [
                "SKU-000486A",
                1
            ]
        ],
        "pickTime": "2025-07-24 15:52:57"
    },
    {
        "replenish": false,
        "skus": [
            [
                "SKU-000404A",
                1
            ],
            [
                "SKU-000104C",
                1
            ],
            [
                "SKU-000323A",
                1
            ],
            [
                "SKU-000668C",
                1
            ],
            [
                "SKU-000353B",
                1
            ]
        ],
        "pickTime": "2025-07-24 19:05:01"
    },
    {
        "replenish": false,
        "skus": [
            [
                "SKU-000090B",
                1
            ],
            [
                "SKU-000435D",
                1
            ],
            [
                "SKU-000493A",
                1
            ],
            [
                "SKU-000211B",
                1
            ],
            [
                "SKU-000248C",
                1
            ],
            [
                "SKU-000719D",
                1
            ],
            [
                "SKU-000269A",
                1
            ],
            [
                "SKU-000705D",
                1
            ],
            [
                "SKU-000715D",
                1
            ],
            [
                "SKU-000017C",
                1
            ],
            [
                "SKU-000939B",
                1
            ],
            [
                "SKU-000055B",
                1
            ],
            [
                "SKU-000869C",
                1
            ],
            [
                "SKU-000589D",
                1
            ],
            [
                "SKU-000822D",
                1
            ],
            [
                "SKU-000338A",
                1
            ]
        ],
        "pickTime": "2025-07-24 19:49:57"
    },
    {
        "replenish": false,
        "skus": [
            [
                "SKU-000864A",
                1
            ],
            [
                "SKU-000954D",
                1
            ],
            [
                "SKU-000738A",
                1
            ],
            [
                "SKU-000402D",
                1
            ]
        ],
        "pickTime": "2025-07-24 20:32:06"
    },
    {
        "replenish": false,
        "skus": [
            [
                "SKU-000110C",
                1
            ],
            [
                "SKU-000220B",
                1
            ],
            [
                "SKU-000148A",
                1
            ],
            [
                "SKU-000998C",
                1
            ],
            [
                "SKU-000883A",
                1
            ],
            [
                "SKU-000818A",
                1
            ],
            [
                "SKU-000880A",
                1
            ],
            [
                "SKU-000631D",
                1
            ],
            [
                "SKU-000961D",
                1
            ],
            [
                "SKU-000587C",
                1
            ]
        ],
        "pickTime": "2025-07-25 01:17:26"
    },
    {
        "replenish": false,
        "skus": [
            [
                "SKU-000114B",
                1
            ],
            [
                "SKU-000116C",
                1
            ],
            [
                "SKU-000226D",
                1
            ],
            [
                "SKU-000648A",
                1
            ],
            [
                "SKU-000440A",
                1
            ],
            [
                "SKU-000635D",
                1
            ]
        ],
        "pickTime": "2025-07-25 05:23:33"
    },
    {
        "replenish": false,
        "skus": [
            [
                "SKU-000562A",
                1
            ],
            [
                "SKU-000760C",
                1
            ],
            [
                "SKU-000784C",
                1
            ],
            [
                "SKU-000607D",
                1
            ]
        ],
        "pickTime": "2025-07-25 06:38:39"
    },
    {
        "replenish": false,
        "skus": [
            [
                "SKU-000715C",
                1
            ],
            [
                "SKU-000177A",
                1
            ],
            [
                "SKU-000328D",
                1
            ],
            [
                "SKU-000694B",
                1
            ],
            [
                "SKU-000989C",
                1
            ],
            [
                "SKU-000169B",
                1
            ],
            [
                "SKU-000691A",
                1
            ],
            [
                "SKU-000689A",
                1
            ]
        ],
        "pickTime": "2025-07-25 10:40:06"
    },
    {
        "replenish": false,
        "skus": [
            [
                "SKU-000423C",
                1
            ],
            [
                "SKU-000570A",
                1
            ],
            [
                "SKU-000017C",
                1
            ],
            [
                "SKU-000224D",
                1
            ],
            [
                "SKU-000634C",
                1
            ],
            [
                "SKU-000904D",
                1
            ],
            [
                "SKU-000728C",
                1
            ],
            [
                "SKU-000918C",
                1
            ],
            [
                "SKU-000856D",
                1
            ]
        ],
        "pickTime": "2025-07-25 16:38:48"
    },
    {
        "replenish": false,
        "skus": [
            [
                "SKU-000115D",
                1
            ]
        ],
        "pickTime": "2025-07-25 20:12:31"
    },
    {
        "replenish": false,
        "skus": [
            [
                "SKU-000840D",
                1
            ],
            [
                "SKU-000775D",
                1
            ],
            [
                "SKU-000037D",
                1
            ],
            [
                "SKU-000372A",
                1
            ],
            [
                "SKU-000105A",
                1
            ],
            [
                "SKU-000565D",
                1
            ],
            [
                "SKU-000761C",
                1
            ],
            [
                "SKU-000304C",
                1
            ],
            [
                "SKU-000479B",
                1
            ],
            [
                "SKU-000797B",
                1
            ],
            [
                "SKU-000257D",
                1
            ]
        ],
        "pickTime": "2025-07-26 06:57:49"
    },
    {
        "replenish": false,
        "skus": [
            [
                "SKU-000877A",
                1
            ]
        ],
        "pickTime": "2025-07-26 10:02:35"
    },
    {
        "replenish": false,
        "skus": [
            [
                "SKU-000496C",
                1
            ],
            [
                "SKU-000952C",
                1
            ]
        ],
        "pickTime": "2025-07-27 07:50:41"
    },
    {
        "replenish": false,
        "skus": [
            [
                "SKU-000801C",
                1
            ],
            [
                "SKU-000669C",
                1
            ],
            [
                "SKU-000779B",
                1
            ],
            [
                "SKU-000380D",
                1
            ],
            [
                "SKU-000353D",
                1
            ],
            [
                "SKU-000248A",
                1
            ],
            [
                "SKU-000042A",
                1
            ]
        ],
        "pickTime": "2025-07-27 20:42:50"
    },
    {
        "replenish": false,
        "skus": [
            [
                "SKU-000605A",
                1
            ]
        ],
        "pickTime": "2025-07-27 23:22:02"
    },
    {
        "replenish": false,
        "skus": [
            [
                "SKU-000056C",
                1
            ],
            [
                "SKU-000017C",
                1
            ],
            [
                "SKU-000370C",
                1
            ],
            [
                "SKU-000595B",
                1
            ],
            [
                "SKU-000098D",
                1
            ],
            [
                "SKU-000999A",
                1
            ],
            [
                "SKU-000062B",
                1
            ],
            [
                "SKU-000794D",
                1
            ]
        ],
        "pickTime": "2025-07-28 02:21:55"
    },
    {
        "replenish": false,
        "skus": [
            [
                "SKU-000991B",
                1
            ],
            [
                "SKU-000101A",
                1
            ]
        ],
        "pickTime": "2025-07-28 04:08:54"
    },
    {
        "replenish": false,
        "skus": [
            [
                "SKU-000401A",
                1
            ],
            [
                "SKU-000241C",
                1
            ],
            [
                "SKU-000321D",
                1
            ],
            [
                "SKU-000003C",
                1
            ],
            [
                "SKU-000725D",
                1
            ],
            [
                "SKU-000510B",
                1
            ],
            [
                "SKU-000605A",
                1
            ],
            [
                "SKU-000863D",
                1
            ]
        ],
        "pickTime": "2025-07-28 06:03:13"
    },
    {
        "replenish": false,
        "skus": [
            [
                "SKU-000613D",
                1
            ],
            [
                "SKU-000692C",
                1
            ],
            [
                "SKU-000326A",
                1
            ],
            [
                "SKU-000535D",
                1
            ],
            [
                "SKU-000502C",
                1
            ],
            [
                "SKU-000570A",
                1
            ],
            [
                "SKU-000505A",
                1
            ],
            [
                "SKU-000811C",
                1
            ],
            [
                "SKU-000241C",
                1
            ],
            [
                "SKU-000308A",
                1
            ]
        ],
        "pickTime": "2025-07-28 18:28:32"
    },
    {
        "replenish": false,
        "skus": [
            [
                "SKU-000692C",
                1
            ]
        ],
        "pickTime": "2025-07-28 21:08:30"
    },
    {
        "replenish": false,
        "skus": [
            [
                "SKU-000872B",
                1
            ],
            [
                "SKU-000790C",
                1
            ],
            [
                "SKU-000612D",
                1
            ],
            [
                "SKU-000976B",
                1
            ],
            [
                "SKU-000695A",
                1
            ],
            [
                "SKU-000834A",
                1
            ]
        ],
        "pickTime": "2025-07-28 23:53:23"
    },
    {
        "replenish": false,
        "skus": [
            [
                "SKU-000468C",
                1
            ],
            [
                "SKU-000615C",
                1
            ],
            [
                "SKU-000360A",
                1
            ],
            [
                "SKU-000598B",
                1
            ],
            [
                "SKU-000817A",
                1
            ],
            [
                "SKU-000890D",
                1
            ],
            [
                "SKU-000762C",
                1
            ],
            [
                "SKU-000631D",
                1
            ],
            [
                "SKU-000784D",
                1
            ]
        ],
        "pickTime": "2025-07-29 03:13:40"
    },
    {
        "replenish": false,
        "skus": [
            [
                "SKU-000847A",
                1
            ],
            [
                "SKU-000617D",
                1
            ],
            [
                "SKU-000397B",
                1
            ],
            [
                "SKU-000215D",
                1
            ],
            [
                "SKU-000262B",
                1
            ],
            [
                "SKU-000683A",
                1
            ],
            [
                "SKU-000431D",
                1
            ],
            [
                "SKU-000318D",
                1
            ],
            [
                "SKU-000037D",
                1
            ],
            [
                "SKU-000263D",
                1
            ],
            [
                "SKU-000826D",
                1
            ],
            [
                "SKU-000098C",
                1
            ],
            [
                "SKU-000157A",
                1
            ],
            [
                "SKU-000774A",
                1
            ],
            [
                "SKU-000853B",
                1
            ],
            [
                "SKU-000849B",
                1
            ]
        ],
        "pickTime": "2025-07-29 13:30:53"
    },
    {
        "replenish": false,
        "skus": [
            [
                "SKU-000600B",
                1
            ],
            [
                "SKU-000623D",
                1
            ],
            [
                "SKU-000722C",
                1
            ],
            [
                "SKU-000784C",
                1
            ],
            [
                "SKU-000227A",
                1
            ],
            [
                "SKU-000264D",
                1
            ],
            [
                "SKU-000879B",
                1
            ],
            [
                "SKU-000795C",
                1
            ],
            [
                "SKU-000064C",
                1
            ]
        ],
        "pickTime": "2025-07-29 13:35:51"
    },
    {
        "replenish": false,
        "skus": [
            [
                "SKU-000211C",
                1
            ],
            [
                "SKU-000940C",
                1
            ]
        ],
        "pickTime": "2025-07-29 16:42:16"
    },
    {
        "replenish": false,
        "skus": [
            [
                "SKU-000818D",
                1
            ],
            [
                "SKU-000576B",
                1
            ],
            [
                "SKU-000788C",
                1
            ]
        ],
        "pickTime": "2025-07-29 18:04:38"
    },
    {
        "replenish": false,
        "skus": [
            [
                "SKU-000075B",
                1
            ],
            [
                "SKU-000813A",
                1
            ],
            [
                "SKU-000638B",
                1
            ],
            [
                "SKU-000215D",
                1
            ],
            [
                "SKU-000852D",
                1
            ],
            [
                "SKU-000103B",
                1
            ]
        ],
        "pickTime": "2025-07-30 05:03:51"
    },
    {
        "replenish": false,
        "skus": [
            [
                "SKU-000338C",
                1
            ],
            [
                "SKU-000348D",
                1
            ],
            [
                "SKU-000761C",
                1
            ],
            [
                "SKU-000914D",
                1
            ],
            [
                "SKU-000397D",
                1
            ],
            [
                "SKU-000637B",
                1
            ],
            [
                "SKU-000275A",
                1
            ],
            [
                "SKU-000269A",
                1
            ],
            [
                "SKU-000034D",
                1
            ],
            [
                "SKU-000714C",
                1
            ],
            [
                "SKU-000096A",
                1
            ],
            [
                "SKU-000842D",
                1
            ],
            [
                "SKU-000940C",
                1
            ],
            [
                "SKU-000521A",
                1
            ],
            [
                "SKU-000576B",
                1
            ],
            [
                "SKU-000353D",
                1
            ],
            [
                "SKU-000421D",
                1
            ]
        ],
        "pickTime": "2025-07-30 07:20:50"
    },
    {
        "replenish": false,
        "skus": [
            [
                "SKU-000559C",
                1
            ],
            [
                "SKU-000990D",
                1
            ],
            [
                "SKU-000189B",
                1
            ],
            [
                "SKU-000404A",
                1
            ],
            [
                "SKU-000631C",
                1
            ],
            [
                "SKU-000974B",
                1
            ]
        ],
        "pickTime": "2025-07-30 07:25:38"
    },
    {
        "replenish": false,
        "skus": [
            [
                "SKU-000516D",
                1
            ]
        ],
        "pickTime": "2025-07-30 15:03:41"
    },
    {
        "replenish": false,
        "skus": [
            [
                "SKU-000407D",
                1
            ],
            [
                "SKU-000857A",
                1
            ],
            [
                "SKU-000322A",
                1
            ],
            [
                "SKU-000318D",
                1
            ]
        ],
        "pickTime": "2025-07-30 16:18:39"
    },
    {
        "replenish": false,
        "skus": [
            [
                "SKU-000811C",
                1
            ],
            [
                "SKU-000443B",
                1
            ],
            [
                "SKU-000540B",
                1
            ],
            [
                "SKU-000859B",
                1
            ],
            [
                "SKU-000588C",
                1
            ],
            [
                "SKU-000059B",
                1
            ]
        ],
        "pickTime": "2025-07-30 17:06:03"
    },
    {
        "replenish": false,
        "skus": [
            [
                "SKU-000020B",
                1
            ],
            [
                "SKU-000762C",
                1
            ],
            [
                "SKU-000553C",
                1
            ],
            [
                "SKU-000389D",
                1
            ],
            [
                "SKU-000785A",
                1
            ]
        ],
        "pickTime": "2025-07-30 18:24:42"
    }
]