[
    {
        "replenish": true,
        "skus": [
            [
                "SKU-000674A",
                1
            ],
            [
                "SKU-000145C",
                1
            ],
            [
                "SKU-000276C",
                1
            ],
            [
                "SKU-000981C",
                1
            ],
            [
                "SKU-000837B",
                1
            ],
            [
                "SKU-000899B",
                1
            ],
            [
                "SKU-000330A",
                1
            ],
            [
                "SKU-000886D",
                1
            ],
            [
                "SKU-000029D",
                1
            ],
            [
                "SKU-000962A",
                1
            ],
            [
                "SKU-000571A",
                1
            ]
        ],
        "pickTime": "2025-07-01 03:10:20"
    },
    {
        "replenish": true,
        "skus": [
            [
                "SKU-000052C",
                1
            ],
            [
                "SKU-000656B",
                1
            ],
            [
                "SKU-000116A",
                1
            ],
            [
                "SKU-000921D",
                1
            ],
            [
                "SKU-000075D",
                1
            ],
            [
                "SKU-000039A",
                1
            ],
            [
                "SKU-000006A",
                1
            ],
            [
                "SKU-000567B",
                1
            ],
            [
                "SKU-000392C",
                1
            ],
            [
                "SKU-000328D",
                1
            ]
        ],
        "pickTime": "2025-07-01 05:28:58"
    },
    {
        "replenish": true,
        "skus": [
            [
                "SKU-000299B",
                1
            ],
            [
                "SKU-000441A",
                1
            ],
            [
                "SKU-000624C",
                1
            ]
        ],
        "pickTime": "2025-07-02 00:31:14"
    },
    {
        "replenish": true,
        "skus": [
            [
                "SKU-000090B",
                1
            ],
            [
                "SKU-000540B",
                1
            ],
            [
                "SKU-000811A",
                1
            ],
            [
                "SKU-000836D",
                1
            ],
            [
                "SKU-000730C",
                1
            ],
            [
                "SKU-000318A",
                1
            ],
            [
                "SKU-000318A",
                1
            ],
            [
                "SKU-000664B",
                1
            ],
            [
                "SKU-000499A",
                1
            ],
            [
                "SKU-000548A",
                1
            ],
            [
                "SKU-000133D",
                1
            ],
            [
                "SKU-000382B",
                1
            ],
            [
                "SKU-000402A",
                1
            ],
            [
                "SKU-000867B",
                1
            ],
            [
                "SKU-000082C",
                1
            ]
        ],
        "pickTime": "2025-07-02 20:45:50"
    },
    {
        "replenish": true,
        "skus": [
            [
                "SKU-000827A",
                1
            ],
            [
                "SKU-000806A",
                1
            ],
            [
                "SKU-000309B",
                1
            ],
            [
                "SKU-000549C",
                1
            ],
            [
                "SKU-000938A",
                1
            ],
            [
                "SKU-000573C",
                1
            ],
            [
                "SKU-000049A",
                1
            ],
            [
                "SKU-000613D",
                1
            ],
            [
                "SKU-000235A",
                1
            ],
            [
                "SKU-000531C",
                1
            ],
            [
                "SKU-000728A",
                1
            ],
            [
                "SKU-000697B",
                1
            ],
            [
                "SKU-000410B",
                1
            ],
            [
                "SKU-000121B",
                1
            ],
            [
                "SKU-000299B",
                1
            ],
            [
                "SKU-000187C",
                1
            ],
            [
                "SKU-000641D",
                1
            ],
            [
                "SKU-000431C",
                1
            ],
            [
                "SKU-000361A",
                1
            ]
        ],
        "pickTime": "2025-07-03 01:05:19"
    },
    {
        "replenish": true,
        "skus": [
            [
                "SKU-000995D",
                1
            ],
            [
                "SKU-000079B",
                1
            ],
            [
                "SKU-000215C",
                1
            ]
        ],
        "pickTime": "2025-07-03 01:12:42"
    },
    {
        "replenish": true,
        "skus": [
            [
                "SKU-000970D",
                1
            ],
            [
                "SKU-000615A",
                1
            ],
            [
                "SKU-000950C",
                1
            ]
        ],
        "pickTime": "2025-07-03 16:38:51"
    },
    {
        "replenish": true,
        "skus": [
            [
                "SKU-000348B",
                1
            ],
            [
                "SKU-000164D",
                1
            ],
            [
                "SKU-000560C",
                1
            ],
            [
                "SKU-000441C",
                1
            ],
            [
                "SKU-000530D",
                1
            ],
            [
                "SKU-000603C",
                1
            ],
            [
                "SKU-000951C",
                1
            ],
            [
                "SKU-000299B",
                1
            ],
            [
                "SKU-000784A",
                1
            ]
        ],
        "pickTime": "2025-07-03 18:45:05"
    },
    {
        "replenish": true,
        "skus": [
            [
                "SKU-000360D",
                1
            ],
            [
                "SKU-000396C",
                1
            ],
            [
                "SKU-000707D",
                1
            ]
        ],
        "pickTime": "2025-07-04 11:48:11"
    },
    {
        "replenish": true,
        "skus": [
            [
                "SKU-000792C",
                1
            ],
            [
                "SKU-000885C",
                1
            ],
            [
                "SKU-000061D",
                1
            ],
            [
                "SKU-000875B",
                1
            ],
            [
                "SKU-000564C",
                1
            ],
            [
                "SKU-000643B",
                1
            ],
            [
                "SKU-000449C",
                1
            ]
        ],
        "pickTime": "2025-07-04 16:07:48"
    },
    {
        "replenish": true,
        "skus": [
            [
                "SKU-000722D",
                1
            ],
            [
                "SKU-000203C",
                1
            ],
            [
                "SKU-000241B",
                1
            ],
            [
                "SKU-000399A",
                1
            ],
            [
                "SKU-000155B",
                1
            ],
            [
                "SKU-000995C",
                1
            ]
        ],
        "pickTime": "2025-07-04 17:13:33"
    },
    {
        "replenish": true,
        "skus": [
            [
                "SKU-000863D",
                1
            ],
            [
                "SKU-000235A",
                1
            ],
            [
                "SKU-000226B",
                1
            ],
            [
                "SKU-000130D",
                1
            ],
            [
                "SKU-000962A",
                1
            ],
            [
                "SKU-000492B",
                1
            ],
            [
                "SKU-000583C",
                1
            ],
            [
                "SKU-000663D",
                1
            ]
        ],
        "pickTime": "2025-07-04 22:43:30"
    },
    {
        "replenish": true,
        "skus": [
            [
                "SKU-000599B",
                1
            ],
            [
                "SKU-000029B",
                1
            ],
            [
                "SKU-000117A",
                1
            ],
            [
                "SKU-000059A",
                1
            ],
            [
                "SKU-000852A",
                1
            ],
            [
                "SKU-000162B",
                1
            ],
            [
                "SKU-000596A",
                1
            ],
            [
                "SKU-000841A",
                1
            ],
            [
                "SKU-000907B",
                1
            ],
            [
                "SKU-000655B",
                1
            ],
            [
                "SKU-000748D",
                1
            ],
            [
                "SKU-000625C",
                1
            ],
            [
                "SKU-000995C",
                1
            ]
        ],
        "pickTime": "2025-07-05 09:15:13"
    },
    {
        "replenish": true,
        "skus": [
            [
                "SKU-000663D",
                1
            ],
            [
                "SKU-000954B",
                1
            ],
            [
                "SKU-000067A",
                1
            ],
            [
                "SKU-000056D",
                1
            ],
            [
                "SKU-000636B",
                1
            ],
            [
                "SKU-000152D",
                1
            ],
            [
                "SKU-000231A",
                1
            ],
            [
                "SKU-000858C",
                1
            ],
            [
                "SKU-000204C",
                1
            ],
            [
                "SKU-000991D",
                1
            ],
            [
                "SKU-000853D",
                1
            ]
        ],
        "pickTime": "2025-07-05 14:26:27"
    },
    {
        "replenish": true,
        "skus": [
            [
                "SKU-000306B",
                1
            ],
            [
                "SKU-000274C",
                1
            ],
            [
                "SKU-000758C",
                1
            ],
            [
                "SKU-000516D",
                1
            ],
            [
                "SKU-000692A",
                1
            ],
            [
                "SKU-000512B",
                1
            ],
            [
                "SKU-000929B",
                1
            ],
            [
                "SKU-000951B",
                1
            ]
        ],
        "pickTime": "2025-07-05 15:45:36"
    },
    {
        "replenish": true,
        "skus": [
            [
                "SKU-000957B",
                1
            ],
            [
                "SKU-000289D",
                1
            ],
            [
                "SKU-000736A",
                1
            ],
            [
                "SKU-000697A",
                1
            ],
            [
                "SKU-000254C",
                1
            ],
            [
                "SKU-000577B",
                1
            ],
            [
                "SKU-000995D",
                1
            ],
            [
                "SKU-000841C",
                1
            ]
        ],
        "pickTime": "2025-07-05 17:46:53"
    },
    {
        "replenish": true,
        "skus": [
            [
                "SKU-000298B",
                1
            ],
            [
                "SKU-000613C",
                1
            ],
            [
                "SKU-000439B",
                1
            ],
            [
                "SKU-000825D",
                1
            ],
            [
                "SKU-000930C",
                1
            ],
            [
                "SKU-000052D",
                1
            ],
            [
                "SKU-000603D",
                1
            ],
            [
                "SKU-000066A",
                1
            ],
            [
                "SKU-000474B",
                1
            ],
            [
                "SKU-000253C",
                1
            ],
            [
                "SKU-000530D",
                1
            ],
            [
                "SKU-000313D",
                1
            ],
            [
                "SKU-000771B",
                1
            ],
            [
                "SKU-000657A",
                1
            ],
            [
                "SKU-000187A",
                1
            ],
            [
                "SKU-000702B",
                1
            ],
            [
                "SKU-000773A",
                1
            ]
        ],
        "pickTime": "2025-07-06 01:47:17"
    },
    {
        "replenish": true,
        "skus": [
            [
                "SKU-000611A",
                1
            ],
            [
                "SKU-000947B",
                1
            ],
            [
                "SKU-000639D",
                1
            ],
            [
                "SKU-000457D",
                1
            ],
            [
                "SKU-000698C",
                1
            ],
            [
                "SKU-000948C",
                1
            ],
            [
                "SKU-000774A",
                1
            ],
            [
                "SKU-000131D",
                1
            ],
            [
                "SKU-000147B",
                1
            ],
            [
                "SKU-000088C",
                1
            ],
            [
                "SKU-000024C",
                1
            ],
            [
                "SKU-000758C",
                1
            ],
            [
                "SKU-000384B",
                1
            ],
            [
                "SKU-000378C",
                1
            ],
            [
                "SKU-000995A",
                1
            ],
            [
                "SKU-000299B",
                1
            ],
            [
                "SKU-000779A",
                1
            ],
            [
                "SKU-000531A",
                1
            ],
            [
                "SKU-000064D",
                1
            ],
            [
                "SKU-000995C",
                1
            ],
            [
                "SKU-000153A",
                1
            ],
            [
                "SKU-000704D",
                1
            ],
            [
                "SKU-000206D",
                1
            ],
            [
                "SKU-000624C",
                1
            ],
            [
                "SKU-000504C",
                1
            ],
            [
                "SKU-000900A",
                1
            ],
            [
                "SKU-000362A",
                1
            ],
            [
                "SKU-000250C",
                1
            ],
            [
                "SKU-000155A",
                1
            ],
            [
                "SKU-000683B",
                1
            ],
            [
                "SKU-000412A",
                1
            ],
            [
                "SKU-000807C",
                1
            ],
            [
                "SKU-000049A",
                1
            ],
            [
                "SKU-000655B",
                1
            ],
            [
                "SKU-000866B",
                1
            ],
            [
                "SKU-000619C",
                1
            ],
            [
                "SKU-000511A",
                1
            ],
            [
                "SKU-000784A",
                1
            ],
            [
                "SKU-000989C",
                1
            ]
        ],
        "pickTime": "2025-07-06 10:33:32"
    },
    {
        "replenish": true,
        "skus": [
            [
                "SKU-000611A",
                1
            ],
            [
                "SKU-000314B",
                1
            ],
            [
                "SKU-000402D",
                1
            ],
            [
                "SKU-000536A",
                1
            ],
            [
                "SKU-000070D",
                1
            ],
            [
                "SKU-000931D",
                1
            ],
            [
                "SKU-000559D",
                1
            ],
            [
                "SKU-000193A",
                1
            ],
            [
                "SKU-000201C",
                1
            ],
            [
                "SKU-000318D",
                1
            ],
            [
                "SKU-000268A",
                1
            ],
            [
                "SKU-000407B",
                1
            ],
            [
                "SKU-000340D",
                1
            ],
            [
                "SKU-000749A",
                1
            ],
            [
                "SKU-000361A",
                1
            ],
            [
                "SKU-000281A",
                1
            ],
            [
                "SKU-000909B",
                1
            ],
            [
                "SKU-000186B",
                1
            ],
            [
                "SKU-000115B",
                1
            ],
            [
                "SKU-000220D",
                1
            ],
            [
                "SKU-000483D",
                1
            ],
            [
                "SKU-000012A",
                1
            ],
            [
                "SKU-000688A",
                1
            ]
        ],
        "pickTime": "2025-07-06 11:39:25"
    },
    {
        "replenish": true,
        "skus": [
            [
                "SKU-000882A",
                1
            ],
            [
                "SKU-000316A",
                1
            ],
            [
                "SKU-000863C",
                1
            ],
            [
                "SKU-000449C",
                1
            ]
        ],
        "pickTime": "2025-07-06 14:44:43"
    },
    {
        "replenish": true,
        "skus": [
            [
                "SKU-000068C",
                1
            ],
            [
                "SKU-000694B",
                1
            ],
            [
                "SKU-000966A",
                1
            ],
            [
                "SKU-000947C",
                1
            ],
            [
                "SKU-000191C",
                1
            ],
            [
                "SKU-000567B",
                1
            ],
            [
                "SKU-000065D",
                1
            ],
            [
                "SKU-000704B",
                1
            ],
            [
                "SKU-000063D",
                1
            ],
            [
                "SKU-000259B",
                1
            ],
            [
                "SKU-000188C",
                1
            ],
            [
                "SKU-000312A",
                1
            ],
            [
                "SKU-000859C",
                1
            ],
            [
                "SKU-000458B",
                1
            ],
            [
                "SKU-000906A",
                1
            ],
            [
                "SKU-000285A",
                1
            ],
            [
                "SKU-000225B",
                1
            ],
            [
                "SKU-000625D",
                1
            ],
            [
                "SKU-000592C",
                1
            ],
            [
                "SKU-000931D",
                1
            ],
            [
                "SKU-000416B",
                1
            ],
            [
                "SKU-000413B",
                1
            ],
            [
                "SKU-000961C",
                1
            ],
            [
                "SKU-000120A",
                1
            ],
            [
                "SKU-000176C",
                1
            ],
            [
                "SKU-000558C",
                1
            ]
        ],
        "pickTime": "2025-07-07 05:01:47"
    },
    {
        "replenish": true,
        "skus": [
            [
                "SKU-000363B",
                1
            ],
            [
                "SKU-000547B",
                1
            ],
            [
                "SKU-000330D",
                1
            ],
            [
                "SKU-000795B",
                1
            ],
            [
                "SKU-000340D",
                1
            ],
            [
                "SKU-000050C",
                1
            ],
            [
                "SKU-000050C",
                1
            ]
        ],
        "pickTime": "2025-07-07 07:25:18"
    },
    {
        "replenish": true,
        "skus": [
            [
                "SKU-000387A",
                1
            ],
            [
                "SKU-000848D",
                1
            ]
        ],
        "pickTime": "2025-07-07 07:26:58"
    },
    {
        "replenish": true,
        "skus": [
            [
                "SKU-000500B",
                1
            ],
            [
                "SKU-000574B",
                1
            ],
            [
                "SKU-000836B",
                1
            ],
            [
                "SKU-000694B",
                1
            ],
            [
                "SKU-000351B",
                1
            ],
            [
                "SKU-000111A",
                1
            ],
            [
                "SKU-000873D",
                1
            ],
            [
                "SKU-000846C",
                1
            ],
            [
                "SKU-000321C",
                1
            ],
            [
                "SKU-000475D",
                1
            ],
            [
                "SKU-000638B",
                1
            ],
            [
                "SKU-000347D",
                1
            ],
            [
                "SKU-000773A",
                1
            ],
            [
                "SKU-000806A",
                1
            ],
            [
                "SKU-000543B",
                1
            ],
            [
                "SKU-000427A",
                1
            ],
            [
                "SKU-000047B",
                1
            ],
            [
                "SKU-000816B",
                1
            ],
            [
                "SKU-000373A",
                1
            ],
            [
                "SKU-000017A",
                1
            ],
            [
                "SKU-000211C",
                1
            ],
            [
                "SKU-000855D",
                1
            ],
            [
                "SKU-000351C",
                1
            ],
            [
                "SKU-000631D",
                1
            ],
            [
                "SKU-000311B",
                1
            ],
            [
                "SKU-000718C",
                1
            ],
            [
                "SKU-000765B",
                1
            ],
            [
                "SKU-000643C",
                1
            ],
            [
                "SKU-000554C",
                1
            ],
            [
                "SKU-000741A",
                1
            ],
            [
                "SKU-000390C",
                1
            ],
            [
                "SKU-000155B",
                1
            ],
            [
                "SKU-000697C",
                1
            ],
            [
                "SKU-000998C",
                1
            ],
            [
                "SKU-000440A",
                1
            ],
            [
                "SKU-000621B",
                1
            ],
            [
                "SKU-000169B",
                1
            ],
            [
                "SKU-000449C",
                1
            ]
        ],
        "pickTime": "2025-07-07 20:59:57"
    },
    {
        "replenish": true,
        "skus": [
            [
                "SKU-000155D",
                1
            ],
            [
                "SKU-000917B",
                1
            ],
            [
                "SKU-000547B",
                1
            ]
        ],
        "pickTime": "2025-07-08 08:36:23"
    },
    {
        "replenish": true,
        "skus": [
            [
                "SKU-000990B",
                1
            ],
            [
                "SKU-000818C",
                1
            ],
            [
                "SKU-000204C",
                1
            ],
            [
                "SKU-000202C",
                1
            ],
            [
                "SKU-000999B",
                1
            ],
            [
                "SKU-000626C",
                1
            ],
            [
                "SKU-000927C",
                1
            ],
            [
                "SKU-000755A",
                1
            ],
            [
                "SKU-000065D",
                1
            ],
            [
                "SKU-000480C",
                1
            ],
            [
                "SKU-000038B",
                1
            ],
            [
                "SKU-000059B",
                1
            ],
            [
                "SKU-000353A",
                1
            ],
            [
                "SKU-000824B",
                1
            ],
            [
                "SKU-000348B",
                1
            ],
            [
                "SKU-000693C",
                1
            ],
            [
                "SKU-000190C",
                1
            ],
            [
                "SKU-000198D",
                1
            ],
            [
                "SKU-000476D",
                1
            ],
            [
                "SKU-000072B",
                1
            ],
            [
                "SKU-000207C",
                1
            ],
            [
                "SKU-000021C",
                1
            ],
            [
                "SKU-000603C",
                1
            ],
            [
                "SKU-000605C",
                1
            ],
            [
                "SKU-000042A",
                1
            ],
            [
                "SKU-000351C",
                1
            ],
            [
                "SKU-000665D",
                1
            ],
            [
                "SKU-000362D",
                1
            ],
            [
                "SKU-000688A",
                1
            ],
            [
                "SKU-000824B",
                1
            ]
        ],
        "pickTime": "2025-07-08 09:35:02"
    },
    {
        "replenish": true,
        "skus": [
            [
                "SKU-000957A",
                1
            ],
            [
                "SKU-000577B",
                1
            ],
            [
                "SKU-000660A",
                1
            ],
            [
                "SKU-000631D",
                1
            ],
            [
                "SKU-000429C",
                1
            ],
            [
                "SKU-000419B",
                1
            ],
            [
                "SKU-000347B",
                1
            ],
            [
                "SKU-000351D",
                1
            ],
            [
                "SKU-000696C",
                1
            ]
        ],
        "pickTime": "2025-07-08 19:44:39"
    },
    {
        "replenish": true,
        "skus": [
            [
                "SKU-000123C",
                1
            ]
        ],
        "pickTime": "2025-07-09 06:22:12"
    },
    {
        "replenish": true,
        "skus": [
            [
                "SKU-000995A",
                1
            ],
            [
                "SKU-000444C",
                1
            ]
        ],
        "pickTime": "2025-07-09 16:01:55"
    },
    {
        "replenish": true,
        "skus": [
            [
                "SKU-000038D",
                1
            ],
            [
                "SKU-000172C",
                1
            ],
            [
                "SKU-000923B",
                1
            ],
            [
                "SKU-000436D",
                1
            ],
            [
                "SKU-000281A",
                1
            ],
            [
                "SKU-000247C",
                1
            ],
            [
                "SKU-000741C",
                1
            ],
            [
                "SKU-000135A",
                1
            ],
            [
                "SKU-000866B",
                1
            ]
        ],
        "pickTime": "2025-07-10 22:33:25"
    },
    {
        "replenish": true,
        "skus": [
            [
                "SKU-000463B",
                1
            ],
            [
                "SKU-000728C",
                1
            ],
            [
                "SKU-000735A",
                1
            ],
            [
                "SKU-000573D",
                1
            ],
            [
                "SKU-000129C",
                1
            ],
            [
                "SKU-000176C",
                1
            ],
            [
                "SKU-000990D",
                1
            ],
            [
                "SKU-000526D",
                1
            ],
            [
                "SKU-000594D",
                1
            ],
            [
                "SKU-000804D",
                1
            ],
            [
                "SKU-000555B",
                1
            ],
            [
                "SKU-000388D",
                1
            ],
            [
                "SKU-000061D",
                1
            ],
            [
                "SKU-000538A",
                1
            ],
            [
                "SKU-000470C",
                1
            ],
            [
                "SKU-000967C",
                1
            ],
            [
                "SKU-000652A",
                1
            ],
            [
                "SKU-000197C",
                1
            ],
            [
                "SKU-000833B",
                1
            ]
        ],
        "pickTime": "2025-07-10 23:42:20"
    },
    {
        "replenish": true,
        "skus": [
            [
                "SKU-000899B",
                1
            ],
            [
                "SKU-000433C",
                1
            ],
            [
                "SKU-000387B",
                1
            ],
            [
                "SKU-000645D",
                1
            ]
        ],
        "pickTime": "2025-07-11 00:26:06"
    },
    {
        "replenish": true,
        "skus": [
            [
                "SKU-000254D",
                1
            ],
            [
                "SKU-000472B",
                1
            ],
            [
                "SKU-000686A",
                1
            ],
            [
                "SKU-000993B",
                1
            ],
            [
                "SKU-000232D",
                1
            ],
            [
                "SKU-000374C",
                1
            ],
            [
                "SKU-000013A",
                1
            ],
            [
                "SKU-000737B",
                1
            ],
            [
                "SKU-000810D",
                1
            ],
            [
                "SKU-000700B",
                1
            ],
            [
                "SKU-000246A",
                1
            ],
            [
                "SKU-000296C",
                1
            ],
            [
                "SKU-000451D",
                1
            ],
            [
                "SKU-000775D",
                1
            ],
            [
                "SKU-000276B",
                1
            ],
            [
                "SKU-000338A",
                1
            ],
            [
                "SKU-000487C",
                1
            ],
            [
                "SKU-000743C",
                1
            ],
            [
                "SKU-000374D",
                1
            ],
            [
                "SKU-000449C",
                1
            ],
            [
                "SKU-000184A",
                1
            ],
            [
                "SKU-000065C",
                1
            ],
            [
                "SKU-000721A",
                1
            ],
            [
                "SKU-000844B",
                1
            ],
            [
                "SKU-000508A",
                1
            ],
            [
                "SKU-000697B",
                1
            ],
            [
                "SKU-000390C",
                1
            ],
            [
                "SKU-000826B",
                1
            ],
            [
                "SKU-000515B",
                1
            ]
        ],
        "pickTime": "2025-07-11 05:40:03"
    },
    {
        "replenish": true,
        "skus": [
            [
                "SKU-000760A",
                1
            ],
            [
                "SKU-000373A",
                1
            ],
            [
                "SKU-000661A",
                1
            ]
        ],
        "pickTime": "2025-07-11 10:16:58"
    },
    {
        "replenish": true,
        "skus": [
            [
                "SKU-000051A",
                1
            ],
            [
                "SKU-000753D",
                1
            ],
            [
                "SKU-000285A",
                1
            ],
            [
                "SKU-000938D",
                1
            ],
            [
                "SKU-000875B",
                1
            ],
            [
                "SKU-000060B",
                1
            ],
            [
                "SKU-000916C",
                1
            ]
        ],
        "pickTime": "2025-07-11 22:19:35"
    },
    {
        "replenish": true,
        "skus": [
            [
                "SKU-000596C",
                1
            ],
            [
                "SKU-000074D",
                1
            ],
            [
                "SKU-000547B",
                1
            ],
            [
                "SKU-000952C",
                1
            ],
            [
                "SKU-000898C",
                1
            ],
            [
                "SKU-000210A",
                1
            ],
            [
                "SKU-000651D",
                1
            ],
            [
                "SKU-000272C",
                1
            ],
            [
                "SKU-000334B",
                1
            ],
            [
                "SKU-000650C",
                1
            ],
            [
                "SKU-000583D",
                1
            ],
            [
                "SKU-000164D",
                1
            ],
            [
                "SKU-000215C",
                1
            ],
            [
                "SKU-000283B",
                1
            ],
            [
                "SKU-000701D",
                1
            ],
            [
                "SKU-000148D",
                1
            ],
            [
                "SKU-000352C",
                1
            ],
            [
                "SKU-000950C",
                1
            ],
            [
                "SKU-000634A",
                1
            ]
        ],
        "pickTime": "2025-07-12 04:57:20"
    },
    {
        "replenish": true,
        "skus": [
            [
                "SKU-000083B",
                1
            ],
            [
                "SKU-000626C",
                1
            ],
            [
                "SKU-000674A",
                1
            ],
            [
                "SKU-000871C",
                1
            ],
            [
                "SKU-000723D",
                1
            ]
        ],
        "pickTime": "2025-07-12 06:52:17"
    },
    {
        "replenish": true,
        "skus": [
            [
                "SKU-000525D",
                1
            ],
            [
                "SKU-000643B",
                1
            ]
        ],
        "pickTime": "2025-07-12 06:58:40"
    },
    {
        "replenish": true,
        "skus": [
            [
                "SKU-000390B",
                1
            ],
            [
                "SKU-000180A",
                1
            ],
            [
                "SKU-000206D",
                1
            ],
            [
                "SKU-000329D",
                1
            ],
            [
                "SKU-000189B",
                1
            ],
            [
                "SKU-000411A",
                1
            ],
            [
                "SKU-000019D",
                1
            ],
            [
                "SKU-000269A",
                1
            ],
            [
                "SKU-000572C",
                1
            ],
            [
                "SKU-000621D",
                1
            ],
            [
                "SKU-000310A",
                1
            ],
            [
                "SKU-000607C",
                1
            ],
            [
                "SKU-000616A",
                1
            ],
            [
                "SKU-000939C",
                1
            ],
            [
                "SKU-000835C",
                1
            ],
            [
                "SKU-000638B",
                1
            ],
            [
                "SKU-000412C",
                1
            ],
            [
                "SKU-000871C",
                1
            ],
            [
                "SKU-000907D",
                1
            ],
            [
                "SKU-000530A",
                1
            ],
            [
                "SKU-000821D",
                1
            ],
            [
                "SKU-000379D",
                1
            ],
            [
                "SKU-000009A",
                1
            ],
            [
                "SKU-000264A",
                1
            ],
            [
                "SKU-000508C",
                1
            ],
            [
                "SKU-000720B",
                1
            ],
            [
                "SKU-000417C",
                1
            ],
            [
                "SKU-000743A",
                1
            ],
            [
                "SKU-000528B",
                1
            ]
        ],
        "pickTime": "2025-07-12 08:18:00"
    },
    {
        "replenish": true,
        "skus": [
            [
                "SKU-000424C",
                1
            ],
            [
                "SKU-000480C",
                1
            ],
            [
                "SKU-000815C",
                1
            ],
            [
                "SKU-000331C",
                1
            ],
            [
                "SKU-000714B",
                1
            ],
            [
                "SKU-000933A",
                1
            ]
        ],
        "pickTime": "2025-07-12 16:19:22"
    },
    {
        "replenish": true,
        "skus": [
            [
                "SKU-000528B",
                1
            ],
            [
                "SKU-000511B",
                1
            ],
            [
                "SKU-000674A",
                1
            ],
            [
                "SKU-000171C",
                1
            ],
            [
                "SKU-000094A",
                1
            ],
            [
                "SKU-000827B",
                1
            ],
            [
                "SKU-000547B",
                1
            ],
            [
                "SKU-000749C",
                1
            ],
            [
                "SKU-000200A",
                1
            ],
            [
                "SKU-000688C",
                1
            ],
            [
                "SKU-000208D",
                1
            ],
            [
                "SKU-000321A",
                1
            ],
            [
                "SKU-000900C",
                1
            ],
            [
                "SKU-000974C",
                1
            ],
            [
                "SKU-000457C",
                1
            ],
            [
                "SKU-000331D",
                1
            ]
        ],
        "pickTime": "2025-07-12 18:05:06"
    },
    {
        "replenish": true,
        "skus": [
            [
                "SKU-000440A",
                1
            ],
            [
                "SKU-000392A",
                1
            ],
            [
                "SKU-000193A",
                1
            ],
            [
                "SKU-000501C",
                1
            ],
            [
                "SKU-000411C",
                1
            ],
            [
                "SKU-000087C",
                1
            ],
            [
                "SKU-000079B",
                1
            ],
            [
                "SKU-000061D",
                1
            ],
            [
                "SKU-000727C",
                1
            ],
            [
                "SKU-000863A",
                1
            ],
            [
                "SKU-000827B",
                1
            ],
            [
                "SKU-000764C",
                1
            ],
            [
                "SKU-000608D",
                1
            ],
            [
                "SKU-000518B",
                1
            ],
            [
                "SKU-000516D",
                1
            ],
            [
                "SKU-000990C",
                1
            ],
            [
                "SKU-000332D",
                1
            ],
            [
                "SKU-000276B",
                1
            ]
        ],
        "pickTime": "2025-07-13 02:08:28"
    },
    {
        "replenish": true,
        "skus": [
            [
                "SKU-000715C",
                1
            ],
            [
                "SKU-000851A",
                1
            ]
        ],
        "pickTime": "2025-07-13 05:40:44"
    },
    {
        "replenish": true,
        "skus": [
            [
                "SKU-000316A",
                1
            ],
            [
                "SKU-000763C",
                1
            ],
            [
                "SKU-000204C",
                1
            ],
            [
                "SKU-000970C",
                1
            ],
            [
                "SKU-000190A",
                1
            ],
            [
                "SKU-000012D",
                1
            ],
            [
                "SKU-000105A",
                1
            ],
            [
                "SKU-000953B",
                1
            ],
            [
                "SKU-000220C",
                1
            ],
            [
                "SKU-000581C",
                1
            ],
            [
                "SKU-000184B",
                1
            ],
            [
                "SKU-000334D",
                1
            ],
            [
                "SKU-000852A",
                1
            ],
            [
                "SKU-000457D",
                1
            ],
            [
                "SKU-000449B",
                1
            ],
            [
                "SKU-000217C",
                1
            ],
            [
                "SKU-000150D",
                1
            ],
            [
                "SKU-000620B",
                1
            ],
            [
                "SKU-000019C",
                1
            ],
            [
                "SKU-000892D",
                1
            ],
            [
                "SKU-000476C",
                1
            ],
            [
                "SKU-000327C",
                1
            ],
            [
                "SKU-000614D",
                1
            ],
            [
                "SKU-000341C",
                1
            ]
        ],
        "pickTime": "2025-07-13 22:34:22"
    },
    {
        "replenish": true,
        "skus": [
            [
                "SKU-000246A",
                1
            ],
            [
                "SKU-000107B",
                1
            ],
            [
                "SKU-000743A",
                1
            ],
            [
                "SKU-000979D",
                1
            ],
            [
                "SKU-000932A",
                1
            ],
            [
                "SKU-000606A",
                1
            ],
            [
                "SKU-000892C",
                1
            ],
            [
                "SKU-000018D",
                1
            ],
            [
                "SKU-000193C",
                1
            ],
            [
                "SKU-000416D",
                1
            ],
            [
                "SKU-000020A",
                1
            ],
            [
                "SKU-000556B",
                1
            ],
            [
                "SKU-000457D",
                1
            ],
            [
                "SKU-000747C",
                1
            ],
            [
                "SKU-000373A",
                1
            ],
            [
                "SKU-000755C",
                1
            ],
            [
                "SKU-000974C",
                1
            ],
            [
                "SKU-000259D",
                1
            ],
            [
                "SKU-000511B",
                1
            ],
            [
                "SKU-000806A",
                1
            ],
            [
                "SKU-000683D",
                1
            ],
            [
                "SKU-000591B",
                1
            ],
            [
                "SKU-000932C",
                1
            ],
            [
                "SKU-000944C",
                1
            ],
            [
                "SKU-000574A",
                1
            ],
            [
                "SKU-000298B",
                1
            ],
            [
                "SKU-000614A",
                1
            ],
            [
                "SKU-000268C",
                1
            ],
            [
                "SKU-000652A",
                1
            ],
            [
                "SKU-000274C",
                1
            ],
            [
                "SKU-000067A",
                1
            ],
            [
                "SKU-000430D",
                1
            ],
            [
                "SKU-000678D",
                1
            ],
            [
                "SKU-000842D",
                1
            ],
            [
                "SKU-000746A",
                1
            ],
            [
                "SKU-000555C",
                1
            ],
            [
                "SKU-000916C",
                1
            ],
            [
                "SKU-000205B",
                1
            ],
            [
                "SKU-000611A",
                1
            ],
            [
                "SKU-000916D",
                1
            ],
            [
                "SKU-000380C",
                1
            ],
            [
                "SKU-000603A",
                1
            ],
            [
                "SKU-000017D",
                1
            ],
            [
                "SKU-000625C",
                1
            ],
            [
                "SKU-000196C",
                1
            ],
            [
                "SKU-000682D",
                1
            ],
            [
                "SKU-000411D",
                1
            ],
            [
                "SKU-000249A",
                1
            ],
            [
                "SKU-000675A",
                1
            ],
            [
                "SKU-000684C",
                1
            ],
            [
                "SKU-000273D",
                1
            ],
            [
                "SKU-000225B",
                1
            ],
            [
                "SKU-000671C",
                1
            ],
            [
                "SKU-000158C",
                1
            ],
            [
                "SKU-000906A",
                1
            ],
            [
                "SKU-000871D",
                1
            ],
            [
                "SKU-000150C",
                1
            ],
            [
                "SKU-000672D",
                1
            ],
            [
                "SKU-000103A",
                1
            ],
            [
                "SKU-000972C",
                1
            ],
            [
                "SKU-000363D",
                1
            ],
            [
                "SKU-000698B",
                1
            ],
            [
                "SKU-000856D",
                1
            ]
        ],
        "pickTime": "2025-07-14 08:23:49"
    },
    {
        "replenish": true,
        "skus": [
            [
                "SKU-000198D",
                1
            ],
            [
                "SKU-000319B",
                1
            ],
            [
                "SKU-000732C",
                1
            ],
            [
                "SKU-000492C",
                1
            ],
            [
                "SKU-000210B",
                1
            ],
            [
                "SKU-000923B",
                1
            ],
            [
                "SKU-000922B",
                1
            ],
            [
                "SKU-000841A",
                1
            ],
            [
                "SKU-000621B",
                1
            ],
            [
                "SKU-000420B",
                1
            ],
            [
                "SKU-000120A",
                1
            ],
            [
                "SKU-000559C",
                1
            ],
            [
                "SKU-000830B",
                1
            ]
        ],
        "pickTime": "2025-07-14 10:11:32"
    },
    {
        "replenish": true,
        "skus": [
            [
                "SKU-000222D",
                1
            ],
            [
                "SKU-000071A",
                1
            ],
            [
                "SKU-000428A",
                1
            ],
            [
                "SKU-000816B",
                1
            ],
            [
                "SKU-000374C",
                1
            ],
            [
                "SKU-000819C",
                1
            ],
            [
                "SKU-000169D",
                1
            ]
        ],
        "pickTime": "2025-07-14 11:43:35"
    },
    {
        "replenish": true,
        "skus": [
            [
                "SKU-000386C",
                1
            ],
            [
                "SKU-000859B",
                1
            ],
            [
                "SKU-000426D",
                1
            ],
            [
                "SKU-000493A",
                1
            ],
            [
                "SKU-000318A",
                1
            ],
            [
                "SKU-000260A",
                1
            ],
            [
                "SKU-000557A",
                1
            ],
            [
                "SKU-000604C",
                1
            ],
            [
                "SKU-000535D",
                1
            ],
            [
                "SKU-000729C",
                1
            ],
            [
                "SKU-000461B",
                1
            ],
            [
                "SKU-000033C",
                1
            ],
            [
                "SKU-000338B",
                1
            ],
            [
                "SKU-000572C",
                1
            ],
            [
                "SKU-000551D",
                1
            ],
            [
                "SKU-000798A",
                1
            ],
            [
                "SKU-000211C",
                1
            ],
            [
                "SKU-000500C",
                1
            ],
            [
                "SKU-000426C",
                1
            ]
        ],
        "pickTime": "2025-07-14 21:32:34"
    },
    {
        "replenish": true,
        "skus": [
            [
                "SKU-000707C",
                1
            ]
        ],
        "pickTime": "2025-07-15 04:02:14"
    },
    {
        "replenish": true,
        "skus": [
            [
                "SKU-000334D",
                1
            ],
            [
                "SKU-000722B",
                1
            ],
            [
                "SKU-000348D",
                1
            ],
            [
                "SKU-000114B",
                1
            ],
            [
                "SKU-000511B",
                1
            ],
            [
                "SKU-000722B",
                1
            ],
            [
                "SKU-000756D",
                1
            ],
            [
                "SKU-000452D",
                1
            ],
            [
                "SKU-000916D",
                1
            ],
            [
                "SKU-000180A",
                1
            ],
            [
                "SKU-000641A",
                1
            ],
            [
                "SKU-000053C",
                1
            ],
            [
                "SKU-000431B",
                1
            ],
            [
                "SKU-000407C",
                1
            ],
            [
                "SKU-000254D",
                1
            ],
            [
                "SKU-000383C",
                1
            ],
            [
                "SKU-000378C",
                1
            ],
            [
                "SKU-000105A",
                1
            ],
            [
                "SKU-000078D",
                1
            ],
            [
                "SKU-000708B",
                1
            ],
            [
                "SKU-000841A",
                1
            ],
            [
                "SKU-000264B",
                1
            ],
            [
                "SKU-000727C",
                1
            ],
            [
                "SKU-000390C",
                1
            ]
        ],
        "pickTime": "2025-07-15 14:04:43"
    },
    {
        "replenish": false,
        "skus": [
            [
                "SKU-000493B",
                1
            ],
            [
                "SKU-000396A",
                1
            ],
            [
                "SKU-000573C",
                1
            ],
            [
                "SKU-000819C",
                1
            ],
            [
                "SKU-000065B",
                1
            ],
            [
                "SKU-000330B",
                1
            ],
            [
                "SKU-000881A",
                1
            ]
        ],
        "pickTime": "2025-07-15 15:05:38"
    },
    {
        "replenish": false,
        "skus": [
            [
                "SKU-000685A",
                1
            ],
            [
                "SKU-000932C",
                1
            ],
            [
                "SKU-000197D",
                1
            ],
            [
                "SKU-000547B",
                1
            ],
            [
                "SKU-000020D",
                1
            ],
            [
                "SKU-000871B",
                1
            ],
            [
                "SKU-000863B",
                1
            ],
            [
                "SKU-000257B",
                1
            ],
            [
                "SKU-000949C",
                1
            ],
            [
                "SKU-000892C",
                1
            ]
        ],
        "pickTime": "2025-07-15 20:44:27"
    },
    {
        "replenish": false,
        "skus": [
            [
                "SKU-000017C",
                1
            ],
            [
                "SKU-000665D",
                1
            ],
            [
                "SKU-000769D",
                1
            ],
            [
                "SKU-000484D",
                1
            ]
        ],
        "pickTime": "2025-07-16 02:47:41"
    },
    {
        "replenish": false,
        "skus": [
            [
                "SKU-000749D",
                1
            ],
            [
                "SKU-000686B",
                1
            ],
            [
                "SKU-000103A",
                1
            ],
            [
                "SKU-000532C",
                1
            ],
            [
                "SKU-000995C",
                1
            ],
            [
                "SKU-000023A",
                1
            ],
            [
                "SKU-000713D",
                1
            ],
            [
                "SKU-000958B",
                1
            ],
            [
                "SKU-000429C",
                1
            ],
            [
                "SKU-000855A",
                1
            ]
        ],
        "pickTime": "2025-07-16 08:42:53"
    },
    {
        "replenish": false,
        "skus": [
            [
                "SKU-000331C",
                1
            ],
            [
                "SKU-000070D",
                1
            ],
            [
                "SKU-000341B",
                1
            ],
            [
                "SKU-000181D",
                1
            ]
        ],
        "pickTime": "2025-07-16 11:56:34"
    },
    {
        "replenish": false,
        "skus": [
            [
                "SKU-000335A",
                1
            ],
            [
                "SKU-000108A",
                1
            ],
            [
                "SKU-000287C",
                1
            ],
            [
                "SKU-000906D",
                1
            ],
            [
                "SKU-000976C",
                1
            ],
            [
                "SKU-000968B",
                1
            ],
            [
                "SKU-000113D",
                1
            ],
            [
                "SKU-000305B",
                1
            ],
            [
                "SKU-000565C",
                1
            ],
            [
                "SKU-000675D",
                1
            ]
        ],
        "pickTime": "2025-07-16 15:50:48"
    },
    {
        "replenish": false,
        "skus": [
            [
                "SKU-000931D",
                1
            ],
            [
                "SKU-000616A",
                1
            ],
            [
                "SKU-000455D",
                1
            ],
            [
                "SKU-000772D",
                1
            ],
            [
                "SKU-000977D",
                1
            ]
        ],
        "pickTime": "2025-07-16 17:35:10"
    },
    {
        "replenish": false,
        "skus": [
            [
                "SKU-000247C",
                1
            ]
        ],
        "pickTime": "2025-07-17 10:02:30"
    },
    {
        "replenish": false,
        "skus": [
            [
                "SKU-000559D",
                1
            ],
            [
                "SKU-000194A",
                1
            ],
            [
                "SKU-000866A",
                1
            ]
        ],
        "pickTime": "2025-07-18 03:37:43"
    },
    {
        "replenish": false,
        "skus": [
            [
                "SKU-000980A",
                1
            ],
            [
                "SKU-000688D",
                1
            ],
            [
                "SKU-000960B",
                1
            ],
            [
                "SKU-000579B",
                1
            ],
            [
                "SKU-000499B",
                1
            ],
            [
                "SKU-000273B",
                1
            ],
            [
                "SKU-000033A",
                1
            ],
            [
                "SKU-000065B",
                1
            ],
            [
                "SKU-000005C",
                1
            ],
            [
                "SKU-000725B",
                1
            ],
            [
                "SKU-000376B",
                1
            ]
        ],
        "pickTime": "2025-07-18 03:46:22"
    },
    {
        "replenish": false,
        "skus": [
            [
                "SKU-000361C",
                1
            ],
            [
                "SKU-000717D",
                1
            ],
            [
                "SKU-000299D",
                1
            ],
            [
                "SKU-000814C",
                1
            ]
        ],
        "pickTime": "2025-07-18 04:56:39"
    },
    {
        "replenish": false,
        "skus": [
            [
                "SKU-000955B",
                1
            ],
            [
                "SKU-000326C",
                1
            ],
            [
                "SKU-000974A",
                1
            ],
            [
                "SKU-000753D",
                1
            ],
            [
                "SKU-000155C",
                1
            ],
            [
                "SKU-000996A",
                1
            ],
            [
                "SKU-000636C",
                1
            ],
            [
                "SKU-000908A",
                1
            ],
            [
                "SKU-000630B",
                1
            ],
            [
                "SKU-000469A",
                1
            ],
            [
                "SKU-000269A",
                1
            ],
            [
                "SKU-000142B",
                1
            ],
            [
                "SKU-000042A",
                1
            ],
            [
                "SKU-000773A",
                1
            ],
            [
                "SKU-000046C",
                1
            ]
        ],
        "pickTime": "2025-07-18 19:40:04"
    },
    {
        "replenish": false,
        "skus": [
            [
                "SKU-000716C",
                1
            ],
            [
                "SKU-000787B",
                1
            ],
            [
                "SKU-000817C",
                1
            ]
        ],
        "pickTime": "2025-07-18 21:42:40"
    },
    {
        "replenish": false,
        "skus": [
            [
                "SKU-000204C",
                1
            ],
            [
                "SKU-000244D",
                1
            ],
            [
                "SKU-000647D",
                1
            ],
            [
                "SKU-000246C",
                1
            ],
            [
                "SKU-000923B",
                1
            ]
        ],
        "pickTime": "2025-07-19 01:50:35"
    },
    {
        "replenish": false,
        "skus": [
            [
                "SKU-000055D",
                1
            ],
            [
                "SKU-000756D",
                1
            ],
            [
                "SKU-000797C",
                1
            ],
            [
                "SKU-000429D",
                1
            ],
            [
                "SKU-000090B",
                1
            ],
            [
                "SKU-000669C",
                1
            ]
        ],
        "pickTime": "2025-07-19 06:30:15"
    },
    {
        "replenish": false,
        "skus": [
            [
                "SKU-000278A",
                1
            ]
        ],
        "pickTime": "2025-07-19 12:03:04"
    },
    {
        "replenish": false,
        "skus": [
            [
                "SKU-000795B",
                1
            ],
            [
                "SKU-000264D",
                1
            ],
            [
                "SKU-000409A",
                1
            ]
        ],
        "pickTime": "2025-07-19 18:17:23"
    },
    {
        "replenish": false,
        "skus": [
            [
                "SKU-000593A",
                1
            ],
            [
                "SKU-000093B",
                1
            ],
            [
                "SKU-000274D",
                1
            ],
            [
                "SKU-000389C",
                1
            ],
            [
                "SKU-000253A",
                1
            ],
            [
                "SKU-000904C",
                1
            ],
            [
                "SKU-000747C",
                1
            ],
            [
                "SKU-000298B",
                1
            ],
            [
                "SKU-000984D",
                1
            ],
            [
                "SKU-000312C",
                1
            ]
        ],
        "pickTime": "2025-07-20 00:29:09"
    },
    {
        "replenish": false,
        "skus": [
            [
                "SKU-000954B",
                1
            ]
        ],
        "pickTime": "2025-07-20 01:56:22"
    },
    {
        "replenish": false,
        "skus": [
            [
                "SKU-000152C",
                1
            ]
        ],
        "pickTime": "2025-07-20 02:18:32"
    },
    {
        "replenish": false,
        "skus": [
            [
                "SKU-000728D",
                1
            ]
        ],
        "pickTime": "2025-07-20 03:41:08"
    },
    {
        "replenish": false,
        "skus": [
            [
                "SKU-000004A",
                1
            ],
            [
                "SKU-000329B",
                1
            ],
            [
                "SKU-000390B",
                1
            ]
        ],
        "pickTime": "2025-07-20 05:58:51"
    },
    {
        "replenish": false,
        "skus": [
            [
                "SKU-000109B",
                1
            ],
            [
                "SKU-000863B",
                1
            ],
            [
                "SKU-000493B",
                1
            ],
            [
                "SKU-000039D",
                1
            ],
            [
                "SKU-000212D",
                1
            ],
            [
                "SKU-000551C",
                1
            ],
            [
                "SKU-000146C",
                1
            ],
            [
                "SKU-000614A",
                1
            ],
            [
                "SKU-000546A",
                1
            ],
            [
                "SKU-000669C",
                1
            ],
            [
                "SKU-000500C",
                1
            ],
            [
                "SKU-000950C",
                1
            ],
            [
                "SKU-000871D",
                1
            ],
            [
                "SKU-000982D",
                1
            ],
            [
                "SKU-000320C",
                1
            ],
            [
                "SKU-000231D",
                1
            ],
            [
                "SKU-000675D",
                1
            ],
            [
                "SKU-000520A",
                1
            ],
            [
                "SKU-000384B",
                1
            ],
            [
                "SKU-000105A",
                1
            ],
            [
                "SKU-000206B",
                1
            ]
        ],
        "pickTime": "2025-07-20 18:04:50"
    },
    {
        "replenish": false,
        "skus": [
            [
                "SKU-000599D",
                1
            ],
            [
                "SKU-000411B",
                1
            ],
            [
                "SKU-000708C",
                1
            ],
            [
                "SKU-000351D",
                1
            ],
            [
                "SKU-000603A",
                1
            ]
        ],
        "pickTime": "2025-07-21 01:41:16"
    },
    {
        "replenish": false,
        "skus": [
            [
                "SKU-000321A",
                1
            ],
            [
                "SKU-000587B",
                1
            ],
            [
                "SKU-000841A",
                1
            ]
        ],
        "pickTime": "2025-07-21 05:58:33"
    },
    {
        "replenish": false,
        "skus": [
            [
                "SKU-000362C",
                1
            ],
            [
                "SKU-000883C",
                1
            ],
            [
                "SKU-000113D",
                1
            ],
            [
                "SKU-000224A",
                1
            ],
            [
                "SKU-000930C",
                1
            ],
            [
                "SKU-000643B",
                1
            ]
        ],
        "pickTime": "2025-07-22 05:16:46"
    },
    {
        "replenish": false,
        "skus": [
            [
                "SKU-000546A",
                1
            ],
            [
                "SKU-000871C",
                1
            ],
            [
                "SKU-000985C",
                1
            ],
            [
                "SKU-000016B",
                1
            ],
            [
                "SKU-000998C",
                1
            ],
            [
                "SKU-000701D",
                1
            ],
            [
                "SKU-000498C",
                1
            ],
            [
                "SKU-000555B",
                1
            ],
            [
                "SKU-000812A",
                1
            ],
            [
                "SKU-000178C",
                1
            ],
            [
                "SKU-000441A",
                1
            ],
            [
                "SKU-000298C",
                1
            ],
            [
                "SKU-000913D",
                1
            ],
            [
                "SKU-000652C",
                1
            ],
            [
                "SKU-000285A",
                1
            ],
            [
                "SKU-000315C",
                1
            ]
        ],
        "pickTime": "2025-07-22 05:19:04"
    },
    {
        "replenish": false,
        "skus": [
            [
                "SKU-000718A",
                1
            ],
            [
                "SKU-000782C",
                1
            ],
            [
                "SKU-000519B",
                1
            ],
            [
                "SKU-000685B",
                1
            ],
            [
                "SKU-000378D",
                1
            ],
            [
                "SKU-000822D",
                1
            ],
            [
                "SKU-000418C",
                1
            ],
            [
                "SKU-000449C",
                1
            ],
            [
                "SKU-000738C",
                1
            ],
            [
                "SKU-001000A",
                1
            ],
            [
                "SKU-000369D",
                1
            ],
            [
                "SKU-000950C",
                1
            ],
            [
                "SKU-000347D",
                1
            ],
            [
                "SKU-000785D",
                1
            ],
            [
                "SKU-000858C",
                1
            ],
            [
                "SKU-000703C",
                1
            ],
            [
                "SKU-000763C",
                1
            ],
            [
                "SKU-000648D",
                1
            ],
            [
                "SKU-000195B",
                1
            ],
            [
                "SKU-000701D",
                1
            ],
            [
                "SKU-000064D",
                1
            ],
            [
                "SKU-000538A",
                1
            ],
            [
                "SKU-000281A",
                1
            ],
            [
                "SKU-000833A",
                1
            ],
            [
                "SKU-000104B",
                1
            ],
            [
                "SKU-000685B",
                1
            ],
            [
                "SKU-000623D",
                1
            ]
        ],
        "pickTime": "2025-07-22 13:37:55"
    },
    {
        "replenish": false,
        "skus": [
            [
                "SKU-000500C",
                1
            ],
            [
                "SKU-000347D",
                1
            ],
            [
                "SKU-000936A",
                1
            ],
            [
                "SKU-000558B",
                1
            ],
            [
                "SKU-000833A",
                1
            ],
            [
                "SKU-000338D",
                1
            ],
            [
                "SKU-000436C",
                1
            ],
            [
                "SKU-000342D",
                1
            ],
            [
                "SKU-000961C",
                1
            ],
            [
                "SKU-000113D",
                1
            ]
        ],
        "pickTime": "2025-07-23 14:00:32"
    },
    {
        "replenish": false,
        "skus": [
            [
                "SKU-000770A",
                1
            ],
            [
                "SKU-000401C",
                1
            ]
        ],
        "pickTime": "2025-07-24 08:26:47"
    },
    {
        "replenish": false,
        "skus": [
            [
                "SKU-000247B",
                1
            ],
            [
                "SKU-000385C",
                1
            ],
            [
                "SKU-000755A",
                1
            ],
            [
                "SKU-000660C",
                1
            ],
            [
                "SKU-000675D",
                1
            ],
            [
                "SKU-000755C",
                1
            ],
            [
                "SKU-000568B",
                1
            ],
            [
                "SKU-000742A",
                1
            ],
            [
                "SKU-000309D",
                1
            ],
            [
                "SKU-000384D",
                1
            ],
            [
                "SKU-000779B",
                1
            ],
            [
                "SKU-000371D",
                1
            ],
            [
                "SKU-000179A",
                1
            ],
            [
                "SKU-000440A",
                1
            ],
            [
                "SKU-000008A",
                1
            ],
            [
                "SKU-000973B",
                1
            ],
            [
                "SKU-000448D",
                1
            ],
            [
                "SKU-000595B",
                1
            ],
            [
                "SKU-000840D",
                1
            ],
            [
                "SKU-000954B",
                1
            ],
            [
                "SKU-000438A",
                1
            ],
            [
                "SKU-000334D",
                1
            ]
        ],
        "pickTime": "2025-07-25 10:13:47"
    },
    {
        "replenish": false,
        "skus": [
            [
                "SKU-000959D",
                1
            ]
        ],
        "pickTime": "2025-07-25 16:02:59"
    },
    {
        "replenish": false,
        "skus": [
            [
                "SKU-000260A",
                1
            ],
            [
                "SKU-000546D",
                1
            ]
        ],
        "pickTime": "2025-07-25 19:45:51"
    },
    {
        "replenish": false,
        "skus": [
            [
                "SKU-000278A",
                1
            ],
            [
                "SKU-000041C",
                1
            ],
            [
                "SKU-000742A",
                1
            ]
        ],
        "pickTime": "2025-07-26 19:28:18"
    },
    {
        "replenish": false,
        "skus": [
            [
                "SKU-000387B",
                1
            ],
            [
                "SKU-000934B",
                1
            ],
            [
                "SKU-000388D",
                1
            ]
        ],
        "pickTime": "2025-07-27 08:48:15"
    },
    {
        "replenish": false,
        "skus": [
            [
                "SKU-000250B",
                1
            ],
            [
                "SKU-000628D",
                1
            ],
            [
                "SKU-000457D",
                1
            ],
            [
                "SKU-000347B",
                1
            ]
        ],
        "pickTime": "2025-07-27 19:25:12"
    },
    {
        "replenish": false,
        "skus": [
            [
                "SKU-000269C",
                1
            ],
            [
                "SKU-000957A",
                1
            ],
            [
                "SKU-000212B",
                1
            ],
            [
                "SKU-000374C",
                1
            ]
        ],
        "pickTime": "2025-07-27 20:27:20"
    },
    {
        "replenish": false,
        "skus": [
            [
                "SKU-000680B",
                1
            ],
            [
                "SKU-000942B",
                1
            ]
        ],
        "pickTime": "2025-07-27 23:42:28"
    },
    {
        "replenish": false,
        "skus": [
            [
                "SKU-000088C",
                1
            ],
            [
                "SKU-000685A",
                1
            ]
        ],
        "pickTime": "2025-07-28 00:45:10"
    },
    {
        "replenish": false,
        "skus": [
            [
                "SKU-000409A",
                1
            ]
        ],
        "pickTime": "2025-07-28 08:17:12"
    },
    {
        "replenish": false,
        "skus": [
            [
                "SKU-000173B",
                1
            ],
            [
                "SKU-000883C",
                1
            ],
            [
                "SKU-000797D",
                1
            ],
            [
                "SKU-000156C",
                1
            ],
            [
                "SKU-000985B",
                1
            ],
            [
                "SKU-000050C",
                1
            ],
            [
                "SKU-000783C",
                1
            ],
            [
                "SKU-000131D",
                1
            ]
        ],
        "pickTime": "2025-07-28 20:52:20"
    },
    {
        "replenish": false,
        "skus": [
            [
                "SKU-000216B",
                1
            ],
            [
                "SKU-000169C",
                1
            ],
            [
                "SKU-000822B",
                1
            ],
            [
                "SKU-000309A",
                1
            ],
            [
                "SKU-000437D",
                1
            ],
            [
                "SKU-000408C",
                1
            ],
            [
                "SKU-000372C",
                1
            ],
            [
                "SKU-000207C",
                1
            ],
            [
                "SKU-000264B",
                1
            ],
            [
                "SKU-000849D",
                1
            ],
            [
                "SKU-000806A",
                1
            ],
            [
                "SKU-000176C",
                1
            ],
            [
                "SKU-000225B",
                1
            ],
            [
                "SKU-000174D",
                1
            ]
        ],
        "pickTime": "2025-07-29 11:10:14"
    },
    {
        "replenish": false,
        "skus": [
            [
                "SKU-000095D",
                1
            ],
            [
                "SKU-000836B",
                1
            ],
            [
                "SKU-000363D",
                1
            ]
        ],
        "pickTime": "2025-07-29 13:04:14"
    },
    {
        "replenish": false,
        "skus": [
            [
                "SKU-000616B",
                1
            ],
            [
                "SKU-000944C",
                1
            ],
            [
                "SKU-000429D",
                1
            ],
            [
                "SKU-000440B",
                1
            ],
            [
                "SKU-000171C",
                1
            ],
            [
                "SKU-000168A",
                1
            ]
        ],
        "pickTime": "2025-07-29 16:34:15"
    },
    {
        "replenish": false,
        "skus": [
            [
                "SKU-000310A",
                1
            ],
            [
                "SKU-000396A",
                1
            ],
            [
                "SKU-000788B",
                1
            ],
            [
                "SKU-000422B",
                1
            ],
            [
                "SKU-000777B",
                1
            ],
            [
                "SKU-000998A",
                1
            ],
            [
                "SKU-000928D",
                1
            ],
            [
                "SKU-000178A",
                1
            ],
            [
                "SKU-000927A",
                1
            ],
            [
                "SKU-000871D",
                1
            ],
            [
                "SKU-000560B",
                1
            ],
            [
                "SKU-000309A",
                1
            ],
            [
                "SKU-000051C",
                1
            ],
            [
                "SKU-000315C",
                1
            ],
            [
                "SKU-000917A",
                1
            ],
            [
                "SKU-000341D",
                1
            ],
            [
                "SKU-000334D",
                1
            ],
            [
                "SKU-000422D",
                1
            ],
            [
                "SKU-000714B",
                1
            ]
        ],
        "pickTime": "2025-07-29 17:16:19"
    },
    {
        "replenish": false,
        "skus": [
            [
                "SKU-000132A",
                1
            ],
            [
                "SKU-000738C",
                1
            ],
            [
                "SKU-000729C",
                1
            ],
            [
                "SKU-000622C",
                1
            ],
            [
                "SKU-000973A",
                1
            ],
            [
                "SKU-000020D",
                1
            ],
            [
                "SKU-000892C",
                1
            ],
            [
                "SKU-000383B",
                1
            ],
            [
                "SKU-000912A",
                1
            ],
            [
                "SKU-000153D",
                1
            ],
            [
                "SKU-000872B",
                1
            ]
        ],
        "pickTime": "2025-07-29 18:49:32"
    },
    {
        "replenish": false,
        "skus": [
            [
                "SKU-000729A",
                1
            ]
        ],
        "pickTime": "2025-07-29 23:20:48"
    },
    {
        "replenish": false,
        "skus": [
            [
                "SKU-000637B",
                1
            ],
            [
                "SKU-000186B",
                1
            ],
            [
                "SKU-000206D",
                1
            ],
            [
                "SKU-000309A",
                1
            ],
            [
                "SKU-000045A",
                1
            ],
            [
                "SKU-000362D",
                1
            ],
            [
                "SKU-000863C",
                1
            ],
            [
                "SKU-000953D",
                1
            ],
            [
                "SKU-000599D",
                1
            ],
            [
                "SKU-000871C",
                1
            ],
            [
                "SKU-000025D",
                1
            ],
            [
                "SKU-000189C",
                1
            ],
            [
                "SKU-000973A",
                1
            ],
            [
                "SKU-000607D",
                1
            ],
            [
                "SKU-000441C",
                1
            ],
            [
                "SKU-000193A",
                1
            ],
            [
                "SKU-000340D",
                1
            ],
            [
                "SKU-000078D",
                1
            ],
            [
                "SKU-000941A",
                1
            ],
            [
                "SKU-000756B",
                1
            ],
            [
                "SKU-000944D",
                1
            ],
            [
                "SKU-000679D",
                1
            ],
            [
                "SKU-000049B",
                1
            ],
            [
                "SKU-000295A",
                1
            ],
            [
                "SKU-000988D",
                1
            ],
            [
                "SKU-000437D",
                1
            ]
        ],
        "pickTime": "2025-07-30 00:57:29"
    },
    {
        "replenish": false,
        "skus": [
            [
                "SKU-000776B",
                1
            ],
            [
                "SKU-000775B",
                1
            ],
            [
                "SKU-000225B",
                1
            ],
            [
                "SKU-000900A",
                1
            ],
            [
                "SKU-000930B",
                1
            ],
            [
                "SKU-000346B",
                1
            ],
            [
                "SKU-000871D",
                1
            ],
            [
                "SKU-000213B",
                1
            ],
            [
                "SKU-000075C",
                1
            ],
            [
                "SKU-000681A",
                1
            ],
            [
                "SKU-000318A",
                1
            ],
            [
                "SKU-000451D",
                1
            ],
            [
                "SKU-000080A",
                1
            ],
            [
                "SKU-000656B",
                1
            ],
            [
                "SKU-000127A",
                1
            ],
            [
                "SKU-000764C",
                1
            ],
            [
                "SKU-000606D",
                1
            ],
            [
                "SKU-000128C",
                1
            ],
            [
                "SKU-000836B",
                1
            ],
            [
                "SKU-000505A",
                1
            ],
            [
                "SKU-000902B",
                1
            ],
            [
                "SKU-000568D",
                1
            ],
            [
                "SKU-000087C",
                1
            ]
        ],
        "pickTime": "2025-07-30 20:00:45"
    },
    {
        "replenish": false,
        "skus": [
            [
                "SKU-000253A",
                1
            ],
            [
                "SKU-000201A",
                1
            ],
            [
                "SKU-000055A",
                1
            ],
            [
                "SKU-000902D",
                1
            ],
            [
                "SKU-000084C",
                1
            ],
            [
                "SKU-000685C",
                1
            ]
        ],
        "pickTime": "2025-07-30 23:04:04"
    }
]