[
    {
        "replenish": true,
        "skus": [
            [
                "SKU-000116C",
                1
            ],
            [
                "SKU-000420D",
                1
            ],
            [
                "SKU-000648B",
                1
            ],
            [
                "SKU-000551C",
                1
            ]
        ],
        "pickTime": "2025-07-01 08:46:10"
    },
    {
        "replenish": true,
        "skus": [
            [
                "SKU-000371A",
                1
            ],
            [
                "SKU-000639A",
                1
            ],
            [
                "SKU-000152D",
                1
            ],
            [
                "SKU-000773B",
                1
            ],
            [
                "SKU-000337D",
                1
            ],
            [
                "SKU-000564C",
                1
            ],
            [
                "SKU-000268B",
                1
            ],
            [
                "SKU-000496C",
                1
            ],
            [
                "SKU-000721A",
                1
            ],
            [
                "SKU-000543A",
                1
            ],
            [
                "SKU-000264C",
                1
            ],
            [
                "SKU-000903D",
                1
            ],
            [
                "SKU-000202B",
                1
            ],
            [
                "SKU-000693D",
                1
            ],
            [
                "SKU-000171A",
                1
            ],
            [
                "SKU-000922B",
                1
            ]
        ],
        "pickTime": "2025-07-01 21:43:26"
    },
    {
        "replenish": true,
        "skus": [
            [
                "SKU-000612A",
                1
            ],
            [
                "SKU-000645B",
                1
            ],
            [
                "SKU-000767A",
                1
            ],
            [
                "SKU-000775A",
                1
            ],
            [
                "SKU-000045D",
                1
            ],
            [
                "SKU-000672A",
                1
            ],
            [
                "SKU-000919C",
                1
            ],
            [
                "SKU-000223D",
                1
            ],
            [
                "SKU-000111A",
                1
            ],
            [
                "SKU-000026C",
                1
            ]
        ],
        "pickTime": "2025-07-02 09:32:43"
    },
    {
        "replenish": true,
        "skus": [
            [
                "SKU-000163D",
                1
            ],
            [
                "SKU-000513C",
                1
            ],
            [
                "SKU-000605A",
                1
            ],
            [
                "SKU-000419A",
                1
            ],
            [
                "SKU-000731D",
                1
            ],
            [
                "SKU-000195D",
                1
            ],
            [
                "SKU-000825B",
                1
            ],
            [
                "SKU-000988D",
                1
            ]
        ],
        "pickTime": "2025-07-02 12:13:30"
    },
    {
        "replenish": true,
        "skus": [
            [
                "SKU-000427D",
                1
            ],
            [
                "SKU-000634C",
                1
            ],
            [
                "SKU-000164B",
                1
            ],
            [
                "SKU-000514C",
                1
            ],
            [
                "SKU-000350C",
                1
            ],
            [
                "SKU-000844D",
                1
            ],
            [
                "SKU-000106B",
                1
            ],
            [
                "SKU-000373A",
                1
            ],
            [
                "SKU-000351B",
                1
            ],
            [
                "SKU-000161A",
                1
            ],
            [
                "SKU-000582A",
                1
            ],
            [
                "SKU-000235C",
                1
            ],
            [
                "SKU-000531C",
                1
            ],
            [
                "SKU-000509D",
                1
            ],
            [
                "SKU-000455C",
                1
            ],
            [
                "SKU-000558D",
                1
            ],
            [
                "SKU-000015D",
                1
            ],
            [
                "SKU-000129C",
                1
            ],
            [
                "SKU-000701C",
                1
            ],
            [
                "SKU-000210A",
                1
            ],
            [
                "SKU-000955A",
                1
            ],
            [
                "SKU-000344C",
                1
            ],
            [
                "SKU-000913C",
                1
            ],
            [
                "SKU-000215D",
                1
            ],
            [
                "SKU-000769C",
                1
            ],
            [
                "SKU-000956C",
                1
            ],
            [
                "SKU-000668D",
                1
            ],
            [
                "SKU-000883C",
                1
            ],
            [
                "SKU-000599B",
                1
            ],
            [
                "SKU-000512B",
                1
            ],
            [
                "SKU-000872D",
                1
            ]
        ],
        "pickTime": "2025-07-03 04:23:01"
    },
    {
        "replenish": true,
        "skus": [
            [
                "SKU-000798C",
                1
            ],
            [
                "SKU-000867A",
                1
            ],
            [
                "SKU-000353A",
                1
            ],
            [
                "SKU-000533B",
                1
            ],
            [
                "SKU-000558D",
                1
            ],
            [
                "SKU-000306B",
                1
            ],
            [
                "SKU-000894D",
                1
            ],
            [
                "SKU-000479C",
                1
            ],
            [
                "SKU-000472C",
                1
            ],
            [
                "SKU-000853B",
                1
            ],
            [
                "SKU-000790C",
                1
            ],
            [
                "SKU-000712C",
                1
            ],
            [
                "SKU-000482D",
                1
            ],
            [
                "SKU-000767A",
                1
            ],
            [
                "SKU-000127C",
                1
            ],
            [
                "SKU-000822A",
                1
            ],
            [
                "SKU-000614D",
                1
            ],
            [
                "SKU-000731C",
                1
            ],
            [
                "SKU-000422D",
                1
            ],
            [
                "SKU-000234B",
                1
            ],
            [
                "SKU-000630C",
                1
            ],
            [
                "SKU-000928C",
                1
            ],
            [
                "SKU-000174B",
                1
            ],
            [
                "SKU-000549C",
                1
            ],
            [
                "SKU-000669A",
                1
            ],
            [
                "SKU-000744C",
                1
            ],
            [
                "SKU-000272D",
                1
            ],
            [
                "SKU-000100A",
                1
            ],
            [
                "SKU-000785D",
                1
            ],
            [
                "SKU-000841A",
                1
            ],
            [
                "SKU-000405B",
                1
            ],
            [
                "SKU-000371D",
                1
            ],
            [
                "SKU-000263D",
                1
            ]
        ],
        "pickTime": "2025-07-03 17:16:19"
    },
    {
        "replenish": true,
        "skus": [
            [
                "SKU-000950A",
                1
            ],
            [
                "SKU-000842A",
                1
            ],
            [
                "SKU-000044D",
                1
            ],
            [
                "SKU-000526D",
                1
            ],
            [
                "SKU-000216A",
                1
            ],
            [
                "SKU-000050D",
                1
            ],
            [
                "SKU-000189B",
                1
            ],
            [
                "SKU-000366B",
                1
            ],
            [
                "SKU-000854A",
                1
            ],
            [
                "SKU-000765B",
                1
            ],
            [
                "SKU-000614C",
                1
            ],
            [
                "SKU-000629C",
                1
            ],
            [
                "SKU-000846A",
                1
            ],
            [
                "SKU-000993C",
                1
            ],
            [
                "SKU-000034A",
                1
            ],
            [
                "SKU-000189A",
                1
            ],
            [
                "SKU-000877B",
                1
            ],
            [
                "SKU-000059A",
                1
            ],
            [
                "SKU-000056C",
                1
            ],
            [
                "SKU-000475A",
                1
            ],
            [
                "SKU-000252B",
                1
            ],
            [
                "SKU-000602B",
                1
            ],
            [
                "SKU-000731C",
                1
            ],
            [
                "SKU-000847C",
                1
            ],
            [
                "SKU-000195D",
                1
            ],
            [
                "SKU-000504C",
                1
            ],
            [
                "SKU-000708B",
                1
            ],
            [
                "SKU-000476C",
                1
            ],
            [
                "SKU-000511D",
                1
            ],
            [
                "SKU-000474B",
                1
            ],
            [
                "SKU-000631A",
                1
            ],
            [
                "SKU-000323B",
                1
            ],
            [
                "SKU-000745C",
                1
            ],
            [
                "SKU-000128A",
                1
            ],
            [
                "SKU-000030B",
                1
            ],
            [
                "SKU-000718C",
                1
            ],
            [
                "SKU-000321A",
                1
            ],
            [
                "SKU-000134C",
                1
            ],
            [
                "SKU-000199A",
                1
            ],
            [
                "SKU-000771C",
                1
            ],
            [
                "SKU-000029D",
                1
            ],
            [
                "SKU-000304A",
                1
            ],
            [
                "SKU-000202A",
                1
            ],
            [
                "SKU-000460C",
                1
            ],
            [
                "SKU-000026B",
                1
            ],
            [
                "SKU-000712B",
                1
            ],
            [
                "SKU-000505A",
                1
            ],
            [
                "SKU-000632A",
                1
            ],
            [
                "SKU-000169C",
                1
            ],
            [
                "SKU-000663C",
                1
            ],
            [
                "SKU-000382C",
                1
            ],
            [
                "SKU-000161B",
                1
            ],
            [
                "SKU-000209C",
                1
            ],
            [
                "SKU-000995A",
                1
            ],
            [
                "SKU-000327B",
                1
            ],
            [
                "SKU-000475D",
                1
            ],
            [
                "SKU-000751D",
                1
            ],
            [
                "SKU-000949B",
                1
            ],
            [
                "SKU-000630A",
                1
            ],
            [
                "SKU-000948C",
                1
            ],
            [
                "SKU-000386D",
                1
            ],
            [
                "SKU-000882B",
                1
            ],
            [
                "SKU-000392A",
                1
            ],
            [
                "SKU-000005C",
                1
            ],
            [
                "SKU-000467B",
                1
            ],
            [
                "SKU-000820D",
                1
            ],
            [
                "SKU-000482C",
                1
            ],
            [
                "SKU-000883C",
                1
            ],
            [
                "SKU-000431C",
                1
            ],
            [
                "SKU-000853B",
                1
            ],
            [
                "SKU-000836C",
                1
            ],
            [
                "SKU-000993D",
                1
            ],
            [
                "SKU-000471B",
                1
            ],
            [
                "SKU-000604D",
                1
            ],
            [
                "SKU-000784C",
                1
            ],
            [
                "SKU-000758B",
                1
            ],
            [
                "SKU-000051A",
                1
            ],
            [
                "SKU-000495A",
                1
            ],
            [
                "SKU-000130D",
                1
            ],
            [
                "SKU-000643B",
                1
            ]
        ],
        "pickTime": "2025-07-04 05:05:19"
    },
    {
        "replenish": true,
        "skus": [
            [
                "SKU-000528D",
                1
            ],
            [
                "SKU-000036D",
                1
            ],
            [
                "SKU-000417D",
                1
            ],
            [
                "SKU-000441A",
                1
            ],
            [
                "SKU-000037A",
                1
            ],
            [
                "SKU-000479A",
                1
            ],
            [
                "SKU-000503C",
                1
            ],
            [
                "SKU-000731D",
                1
            ],
            [
                "SKU-000235C",
                1
            ],
            [
                "SKU-000940A",
                1
            ],
            [
                "SKU-000773C",
                1
            ],
            [
                "SKU-000363D",
                1
            ],
            [
                "SKU-000995C",
                1
            ],
            [
                "SKU-000013C",
                1
            ],
            [
                "SKU-000626C",
                1
            ],
            [
                "SKU-000489B",
                1
            ],
            [
                "SKU-000417D",
                1
            ]
        ],
        "pickTime": "2025-07-04 07:21:46"
    },
    {
        "replenish": true,
        "skus": [
            [
                "SKU-000411C",
                1
            ]
        ],
        "pickTime": "2025-07-04 18:44:45"
    },
    {
        "replenish": true,
        "skus": [
            [
                "SKU-000797D",
                1
            ],
            [
                "SKU-000050B",
                1
            ],
            [
                "SKU-000163D",
                1
            ],
            [
                "SKU-000102A",
                1
            ],
            [
                "SKU-000718A",
                1
            ],
            [
                "SKU-000719D",
                1
            ],
            [
                "SKU-000825C",
                1
            ],
            [
                "SKU-000730A",
                1
            ],
            [
                "SKU-000248A",
                1
            ]
        ],
        "pickTime": "2025-07-04 23:04:47"
    },
    {
        "replenish": true,
        "skus": [
            [
                "SKU-000272B",
                1
            ],
            [
                "SKU-000229B",
                1
            ]
        ],
        "pickTime": "2025-07-05 09:00:12"
    },
    {
        "replenish": true,
        "skus": [
            [
                "SKU-000441A",
                1
            ],
            [
                "SKU-000389C",
                1
            ],
            [
                "SKU-000157D",
                1
            ],
            [
                "SKU-000653C",
                1
            ],
            [
                "SKU-000460A",
                1
            ],
            [
                "SKU-000822D",
                1
            ],
            [
                "SKU-000713D",
                1
            ],
            [
                "SKU-000937D",
                1
            ],
            [
                "SKU-000115C",
                1
            ],
            [
                "SKU-000153D",
                1
            ],
            [
                "SKU-000499A",
                1
            ]
        ],
        "pickTime": "2025-07-06 04:47:47"
    },
    {
        "replenish": true,
        "skus": [
            [
                "SKU-000644C",
                1
            ],
            [
                "SKU-000203C",
                1
            ],
            [
                "SKU-000383A",
                1
            ],
            [
                "SKU-000889C",
                1
            ],
            [
                "SKU-000780D",
                1
            ],
            [
                "SKU-000255A",
                1
            ],
            [
                "SKU-000262B",
                1
            ],
            [
                "SKU-000572A",
                1
            ]
        ],
        "pickTime": "2025-07-06 05:41:12"
    },
    {
        "replenish": true,
        "skus": [
            [
                "SKU-000744A",
                1
            ],
            [
                "SKU-000863C",
                1
            ],
            [
                "SKU-000050A",
                1
            ],
            [
                "SKU-000028A",
                1
            ],
            [
                "SKU-000754D",
                1
            ]
        ],
        "pickTime": "2025-07-06 11:44:50"
    },
    {
        "replenish": true,
        "skus": [
            [
                "SKU-000589B",
                1
            ],
            [
                "SKU-000822C",
                1
            ],
            [
                "SKU-000025D",
                1
            ],
            [
                "SKU-000256A",
                1
            ],
            [
                "SKU-000976D",
                1
            ],
            [
                "SKU-000346B",
                1
            ],
            [
                "SKU-000050B",
                1
            ],
            [
                "SKU-000216C",
                1
            ],
            [
                "SKU-000398D",
                1
            ],
            [
                "SKU-000769A",
                1
            ],
            [
                "SKU-000546C",
                1
            ]
        ],
        "pickTime": "2025-07-06 15:37:02"
    },
    {
        "replenish": true,
        "skus": [
            [
                "SKU-000546B",
                1
            ],
            [
                "SKU-000202D",
                1
            ],
            [
                "SKU-000688B",
                1
            ],
            [
                "SKU-000396C",
                1
            ],
            [
                "SKU-000050D",
                1
            ],
            [
                "SKU-000757B",
                1
            ],
            [
                "SKU-000645D",
                1
            ],
            [
                "SKU-000335A",
                1
            ],
            [
                "SKU-000323C",
                1
            ],
            [
                "SKU-000801C",
                1
            ],
            [
                "SKU-000811C",
                1
            ],
            [
                "SKU-000943C",
                1
            ],
            [
                "SKU-000132D",
                1
            ],
            [
                "SKU-000664C",
                1
            ],
            [
                "SKU-000660D",
                1
            ],
            [
                "SKU-001000C",
                1
            ],
            [
                "SKU-000963D",
                1
            ],
            [
                "SKU-000876C",
                1
            ],
            [
                "SKU-000960C",
                1
            ],
            [
                "SKU-000345B",
                1
            ],
            [
                "SKU-000169D",
                1
            ],
            [
                "SKU-000343C",
                1
            ],
            [
                "SKU-000963C",
                1
            ],
            [
                "SKU-000967D",
                1
            ],
            [
                "SKU-000163D",
                1
            ],
            [
                "SKU-000999D",
                1
            ],
            [
                "SKU-000226D",
                1
            ],
            [
                "SKU-000967D",
                1
            ],
            [
                "SKU-000458A",
                1
            ],
            [
                "SKU-000613D",
                1
            ],
            [
                "SKU-000020A",
                1
            ],
            [
                "SKU-000410C",
                1
            ],
            [
                "SKU-000361A",
                1
            ],
            [
                "SKU-000857A",
                1
            ],
            [
                "SKU-000417A",
                1
            ],
            [
                "SKU-000251C",
                1
            ],
            [
                "SKU-000047D",
                1
            ],
            [
                "SKU-000199D",
                1
            ]
        ],
        "pickTime": "2025-07-06 23:43:10"
    },
    {
        "replenish": true,
        "skus": [
            [
                "SKU-000974D",
                1
            ]
        ],
        "pickTime": "2025-07-07 03:16:01"
    },
    {
        "replenish": true,
        "skus": [
            [
                "SKU-000788C",
                1
            ],
            [
                "SKU-000396C",
                1
            ],
            [
                "SKU-000900A",
                1
            ],
            [
                "SKU-000725D",
                1
            ],
            [
                "SKU-000976D",
                1
            ]
        ],
        "pickTime": "2025-07-07 05:52:50"
    },
    {
        "replenish": true,
        "skus": [
            [
                "SKU-000162C",
                1
            ],
            [
                "SKU-000325D",
                1
            ],
            [
                "SKU-000664B",
                1
            ],
            [
                "SKU-000479B",
                1
            ]
        ],
        "pickTime": "2025-07-07 10:11:13"
    },
    {
        "replenish": true,
        "skus": [
            [
                "SKU-000440D",
                1
            ],
            [
                "SKU-000541A",
                1
            ],
            [
                "SKU-000515A",
                1
            ],
            [
                "SKU-000784D",
                1
            ],
            [
                "SKU-000822D",
                1
            ]
        ],
        "pickTime": "2025-07-07 12:25:47"
    },
    {
        "replenish": true,
        "skus": [
            [
                "SKU-000694B",
                1
            ],
            [
                "SKU-000237A",
                1
            ],
            [
                "SKU-000721A",
                1
            ],
            [
                "SKU-000584D",
                1
            ],
            [
                "SKU-000166A",
                1
            ],
            [
                "SKU-000522D",
                1
            ],
            [
                "SKU-000458A",
                1
            ],
            [
                "SKU-000918B",
                1
            ],
            [
                "SKU-000036D",
                1
            ],
            [
                "SKU-000623D",
                1
            ],
            [
                "SKU-000613C",
                1
            ],
            [
                "SKU-000827D",
                1
            ],
            [
                "SKU-000339B",
                1
            ],
            [
                "SKU-000314C",
                1
            ],
            [
                "SKU-000847C",
                1
            ],
            [
                "SKU-000467A",
                1
            ],
            [
                "SKU-000782B",
                1
            ],
            [
                "SKU-000019B",
                1
            ],
            [
                "SKU-000166D",
                1
            ],
            [
                "SKU-000231B",
                1
            ],
            [
                "SKU-000392C",
                1
            ],
            [
                "SKU-000528A",
                1
            ],
            [
                "SKU-000257D",
                1
            ],
            [
                "SKU-000926A",
                1
            ],
            [
                "SKU-000176C",
                1
            ],
            [
                "SKU-000944C",
                1
            ],
            [
                "SKU-000280D",
                1
            ],
            [
                "SKU-000825D",
                1
            ],
            [
                "SKU-000940A",
                1
            ],
            [
                "SKU-000404B",
                1
            ],
            [
                "SKU-000921A",
                1
            ],
            [
                "SKU-000426B",
                1
            ],
            [
                "SKU-000462B",
                1
            ],
            [
                "SKU-000277D",
                1
            ],
            [
                "SKU-000651B",
                1
            ],
            [
                "SKU-000837D",
                1
            ],
            [
                "SKU-000832D",
                1
            ],
            [
                "SKU-000211B",
                1
            ],
            [
                "SKU-000127C",
                1
            ],
            [
                "SKU-000923D",
                1
            ],
            [
                "SKU-000109A",
                1
            ],
            [
                "SKU-000103A",
                1
            ],
            [
                "SKU-000894D",
                1
            ],
            [
                "SKU-000031D",
                1
            ],
            [
                "SKU-000925A",
                1
            ],
            [
                "SKU-000149C",
                1
            ],
            [
                "SKU-000245B",
                1
            ],
            [
                "SKU-000650D",
                1
            ],
            [
                "SKU-000558A",
                1
            ],
            [
                "SKU-000993C",
                1
            ],
            [
                "SKU-000309C",
                1
            ],
            [
                "SKU-000795B",
                1
            ],
            [
                "SKU-000944A",
                1
            ],
            [
                "SKU-000566B",
                1
            ],
            [
                "SKU-000322B",
                1
            ],
            [
                "SKU-000189A",
                1
            ],
            [
                "SKU-000101D",
                1
            ],
            [
                "SKU-000784C",
                1
            ],
            [
                "SKU-000706A",
                1
            ],
            [
                "SKU-000605D",
                1
            ],
            [
                "SKU-000452C",
                1
            ],
            [
                "SKU-000358B",
                1
            ],
            [
                "SKU-000624C",
                1
            ],
            [
                "SKU-000374D",
                1
            ],
            [
                "SKU-000623B",
                1
            ],
            [
                "SKU-000200B",
                1
            ],
            [
                "SKU-000295D",
                1
            ],
            [
                "SKU-000372A",
                1
            ]
        ],
        "pickTime": "2025-07-07 13:57:53"
    },
    {
        "replenish": true,
        "skus": [
            [
                "SKU-000842D",
                1
            ],
            [
                "SKU-000875B",
                1
            ],
            [
                "SKU-000760D",
                1
            ],
            [
                "SKU-000747D",
                1
            ],
            [
                "SKU-000541A",
                1
            ],
            [
                "SKU-000482B",
                1
            ],
            [
                "SKU-000519D",
                1
            ],
            [
                "SKU-000757D",
                1
            ],
            [
                "SKU-000350C",
                1
            ],
            [
                "SKU-000196D",
                1
            ],
            [
                "SKU-000200C",
                1
            ],
            [
                "SKU-000200B",
                1
            ],
            [
                "SKU-000080A",
                1
            ],
            [
                "SKU-000411C",
                1
            ],
            [
                "SKU-000310D",
                1
            ],
            [
                "SKU-000166C",
                1
            ],
            [
                "SKU-000516A",
                1
            ],
            [
                "SKU-000932A",
                1
            ],
            [
                "SKU-000065B",
                1
            ],
            [
                "SKU-000712B",
                1
            ],
            [
                "SKU-000169D",
                1
            ]
        ],
        "pickTime": "2025-07-07 20:03:56"
    },
    {
        "replenish": true,
        "skus": [
            [
                "SKU-000758B",
                1
            ]
        ],
        "pickTime": "2025-07-08 06:51:32"
    },
    {
        "replenish": true,
        "skus": [
            [
                "SKU-000159C",
                1
            ],
            [
                "SKU-000513C",
                1
            ],
            [
                "SKU-000013A",
                1
            ],
            [
                "SKU-000948B",
                1
            ],
            [
                "SKU-000425A",
                1
            ],
            [
                "SKU-000582A",
                1
            ],
            [
                "SKU-000829B",
                1
            ],
            [
                "SKU-000731D",
                1
            ],
            [
                "SKU-000117D",
                1
            ],
            [
                "SKU-000459B",
                1
            ],
            [
                "SKU-000425A",
                1
            ],
            [
                "SKU-000445C",
                1
            ],
            [
                "SKU-000209C",
                1
            ],
            [
                "SKU-000495B",
                1
            ],
            [
                "SKU-000744C",
                1
            ],
            [
                "SKU-000323B",
                1
            ],
            [
                "SKU-000020A",
                1
            ],
            [
                "SKU-000050B",
                1
            ],
            [
                "SKU-000354A",
                1
            ],
            [
                "SKU-000038D",
                1
            ],
            [
                "SKU-000485D",
                1
            ]
        ],
        "pickTime": "2025-07-08 19:28:39"
    },
    {
        "replenish": true,
        "skus": [
            [
                "SKU-000099C",
                1
            ],
            [
                "SKU-000139B",
                1
            ],
            [
                "SKU-000797A",
                1
            ],
            [
                "SKU-000039C",
                1
            ],
            [
                "SKU-000564B",
                1
            ],
            [
                "SKU-000553A",
                1
            ],
            [
                "SKU-000223A",
                1
            ],
            [
                "SKU-000689A",
                1
            ],
            [
                "SKU-000672D",
                1
            ],
            [
                "SKU-000470B",
                1
            ],
            [
                "SKU-000065D",
                1
            ],
            [
                "SKU-000822A",
                1
            ],
            [
                "SKU-000950D",
                1
            ]
        ],
        "pickTime": "2025-07-09 02:24:44"
    },
    {
        "replenish": true,
        "skus": [
            [
                "SKU-000454A",
                1
            ],
            [
                "SKU-000136C",
                1
            ],
            [
                "SKU-000437C",
                1
            ],
            [
                "SKU-000843B",
                1
            ],
            [
                "SKU-000077D",
                1
            ],
            [
                "SKU-000572C",
                1
            ],
            [
                "SKU-000371B",
                1
            ],
            [
                "SKU-000690C",
                1
            ],
            [
                "SKU-000417D",
                1
            ],
            [
                "SKU-000960D",
                1
            ],
            [
                "SKU-000504B",
                1
            ],
            [
                "SKU-000556B",
                1
            ],
            [
                "SKU-000991D",
                1
            ]
        ],
        "pickTime": "2025-07-09 12:58:02"
    },
    {
        "replenish": true,
        "skus": [
            [
                "SKU-000425A",
                1
            ],
            [
                "SKU-000843A",
                1
            ],
            [
                "SKU-000980B",
                1
            ],
            [
                "SKU-000128C",
                1
            ],
            [
                "SKU-000064B",
                1
            ],
            [
                "SKU-000406D",
                1
            ],
            [
                "SKU-000431D",
                1
            ],
            [
                "SKU-000155A",
                1
            ],
            [
                "SKU-000667D",
                1
            ],
            [
                "SKU-000376B",
                1
            ],
            [
                "SKU-000383C",
                1
            ],
            [
                "SKU-000223D",
                1
            ],
            [
                "SKU-000496C",
                1
            ],
            [
                "SKU-000180A",
                1
            ],
            [
                "SKU-000207A",
                1
            ],
            [
                "SKU-000252C",
                1
            ]
        ],
        "pickTime": "2025-07-09 15:24:41"
    },
    {
        "replenish": true,
        "skus": [
            [
                "SKU-000026B",
                1
            ],
            [
                "SKU-000390A",
                1
            ]
        ],
        "pickTime": "2025-07-09 15:47:30"
    },
    {
        "replenish": true,
        "skus": [
            [
                "SKU-000718A",
                1
            ],
            [
                "SKU-000900A",
                1
            ],
            [
                "SKU-000929B",
                1
            ],
            [
                "SKU-000247C",
                1
            ],
            [
                "SKU-000867B",
                1
            ],
            [
                "SKU-000546D",
                1
            ],
            [
                "SKU-000184D",
                1
            ]
        ],
        "pickTime": "2025-07-09 15:49:53"
    },
    {
        "replenish": true,
        "skus": [
            [
                "SKU-000492A",
                1
            ],
            [
                "SKU-000690C",
                1
            ],
            [
                "SKU-000431D",
                1
            ],
            [
                "SKU-000731D",
                1
            ],
            [
                "SKU-000911C",
                1
            ],
            [
                "SKU-000353A",
                1
            ],
            [
                "SKU-000708C",
                1
            ],
            [
                "SKU-000596C",
                1
            ],
            [
                "SKU-000811A",
                1
            ],
            [
                "SKU-000638C",
                1
            ],
            [
                "SKU-000906D",
                1
            ],
            [
                "SKU-000202B",
                1
            ],
            [
                "SKU-000196B",
                1
            ],
            [
                "SKU-000440C",
                1
            ],
            [
                "SKU-000454A",
                1
            ],
            [
                "SKU-000151C",
                1
            ],
            [
                "SKU-000871D",
                1
            ],
            [
                "SKU-000069D",
                1
            ],
            [
                "SKU-000078C",
                1
            ],
            [
                "SKU-000798B",
                1
            ],
            [
                "SKU-000085B",
                1
            ],
            [
                "SKU-000815C",
                1
            ],
            [
                "SKU-000229C",
                1
            ],
            [
                "SKU-000446C",
                1
            ],
            [
                "SKU-000101A",
                1
            ],
            [
                "SKU-000499A",
                1
            ],
            [
                "SKU-000252D",
                1
            ],
            [
                "SKU-000625B",
                1
            ],
            [
                "SKU-000543D",
                1
            ],
            [
                "SKU-000672C",
                1
            ],
            [
                "SKU-000371D",
                1
            ],
            [
                "SKU-000455B",
                1
            ],
            [
                "SKU-000731D",
                1
            ],
            [
                "SKU-000245B",
                1
            ],
            [
                "SKU-000551D",
                1
            ],
            [
                "SKU-000185C",
                1
            ],
            [
                "SKU-000210A",
                1
            ],
            [
                "SKU-000151C",
                1
            ],
            [
                "SKU-000017B",
                1
            ],
            [
                "SKU-000268C",
                1
            ],
            [
                "SKU-000326A",
                1
            ],
            [
                "SKU-000817A",
                1
            ],
            [
                "SKU-000922B",
                1
            ],
            [
                "SKU-000309C",
                1
            ]
        ],
        "pickTime": "2025-07-09 17:20:21"
    },
    {
        "replenish": true,
        "skus": [
            [
                "SKU-000400C",
                1
            ],
            [
                "SKU-000767A",
                1
            ],
            [
                "SKU-000221A",
                1
            ],
            [
                "SKU-000434C",
                1
            ],
            [
                "SKU-000558D",
                1
            ],
            [
                "SKU-000933C",
                1
            ],
            [
                "SKU-000094D",
                1
            ],
            [
                "SKU-000974B",
                1
            ],
            [
                "SKU-000825B",
                1
            ],
            [
                "SKU-000993C",
                1
            ]
        ],
        "pickTime": "2025-07-09 20:28:53"
    },
    {
        "replenish": true,
        "skus": [
            [
                "SKU-000266B",
                1
            ],
            [
                "SKU-000318C",
                1
            ],
            [
                "SKU-000571D",
                1
            ]
        ],
        "pickTime": "2025-07-11 03:03:12"
    },
    {
        "replenish": true,
        "skus": [
            [
                "SKU-000392A",
                1
            ],
            [
                "SKU-000877B",
                1
            ],
            [
                "SKU-000927B",
                1
            ],
            [
                "SKU-000552D",
                1
            ],
            [
                "SKU-000268C",
                1
            ],
            [
                "SKU-000024C",
                1
            ],
            [
                "SKU-000276A",
                1
            ],
            [
                "SKU-000033C",
                1
            ],
            [
                "SKU-000718B",
                1
            ],
            [
                "SKU-000722A",
                1
            ],
            [
                "SKU-000528B",
                1
            ],
            [
                "SKU-000780C",
                1
            ],
            [
                "SKU-000784D",
                1
            ],
            [
                "SKU-000123C",
                1
            ],
            [
                "SKU-000994A",
                1
            ],
            [
                "SKU-000274A",
                1
            ],
            [
                "SKU-000725C",
                1
            ],
            [
                "SKU-000314C",
                1
            ],
            [
                "SKU-000708B",
                1
            ],
            [
                "SKU-000251D",
                1
            ],
            [
                "SKU-000750B",
                1
            ],
            [
                "SKU-000804A",
                1
            ],
            [
                "SKU-000085D",
                1
            ],
            [
                "SKU-000862C",
                1
            ],
            [
                "SKU-000624C",
                1
            ],
            [
                "SKU-000325D",
                1
            ],
            [
                "SKU-000530A",
                1
            ],
            [
                "SKU-000411D",
                1
            ],
            [
                "SKU-000647B",
                1
            ],
            [
                "SKU-000056A",
                1
            ],
            [
                "SKU-000664B",
                1
            ]
        ],
        "pickTime": "2025-07-11 06:45:16"
    },
    {
        "replenish": true,
        "skus": [
            [
                "SKU-000847C",
                1
            ],
            [
                "SKU-000724D",
                1
            ],
            [
                "SKU-000558A",
                1
            ],
            [
                "SKU-000130D",
                1
            ],
            [
                "SKU-000293C",
                1
            ],
            [
                "SKU-000111A",
                1
            ],
            [
                "SKU-000999B",
                1
            ],
            [
                "SKU-000854A",
                1
            ],
            [
                "SKU-000840A",
                1
            ],
            [
                "SKU-000042A",
                1
            ],
            [
                "SKU-000257A",
                1
            ],
            [
                "SKU-000405B",
                1
            ],
            [
                "SKU-000157D",
                1
            ],
            [
                "SKU-000087B",
                1
            ],
            [
                "SKU-000900C",
                1
            ],
            [
                "SKU-000634C",
                1
            ],
            [
                "SKU-000491C",
                1
            ],
            [
                "SKU-000268A",
                1
            ],
            [
                "SKU-000672A",
                1
            ],
            [
                "SKU-000694B",
                1
            ],
            [
                "SKU-000054A",
                1
            ],
            [
                "SKU-000157C",
                1
            ],
            [
                "SKU-000049D",
                1
            ],
            [
                "SKU-000364B",
                1
            ],
            [
                "SKU-000457A",
                1
            ],
            [
                "SKU-000848D",
                1
            ],
            [
                "SKU-000664D",
                1
            ],
            [
                "SKU-000825B",
                1
            ],
            [
                "SKU-000753B",
                1
            ],
            [
                "SKU-000426B",
                1
            ],
            [
                "SKU-000445B",
                1
            ]
        ],
        "pickTime": "2025-07-11 08:19:33"
    },
    {
        "replenish": true,
        "skus": [
            [
                "SKU-000882D",
                1
            ],
            [
                "SKU-000370C",
                1
            ],
            [
                "SKU-000626C",
                1
            ],
            [
                "SKU-000107A",
                1
            ],
            [
                "SKU-000136D",
                1
            ],
            [
                "SKU-000687B",
                1
            ],
            [
                "SKU-000726B",
                1
            ],
            [
                "SKU-000161B",
                1
            ],
            [
                "SKU-000596C",
                1
            ],
            [
                "SKU-000520B",
                1
            ],
            [
                "SKU-000437D",
                1
            ],
            [
                "SKU-000616B",
                1
            ],
            [
                "SKU-000419B",
                1
            ],
            [
                "SKU-000911C",
                1
            ],
            [
                "SKU-000825B",
                1
            ],
            [
                "SKU-000065D",
                1
            ],
            [
                "SKU-000511D",
                1
            ],
            [
                "SKU-000556B",
                1
            ],
            [
                "SKU-000583B",
                1
            ],
            [
                "SKU-000615C",
                1
            ],
            [
                "SKU-000945A",
                1
            ],
            [
                "SKU-000785B",
                1
            ],
            [
                "SKU-000358D",
                1
            ],
            [
                "SKU-000530A",
                1
            ],
            [
                "SKU-000241D",
                1
            ],
            [
                "SKU-000647D",
                1
            ],
            [
                "SKU-000103A",
                1
            ]
        ],
        "pickTime": "2025-07-11 08:39:32"
    },
    {
        "replenish": true,
        "skus": [
            [
                "SKU-000939B",
                1
            ],
            [
                "SKU-000122C",
                1
            ],
            [
                "SKU-000039C",
                1
            ],
            [
                "SKU-000273D",
                1
            ],
            [
                "SKU-000541A",
                1
            ]
        ],
        "pickTime": "2025-07-11 22:01:40"
    },
    {
        "replenish": true,
        "skus": [
            [
                "SKU-000440C",
                1
            ],
            [
                "SKU-000976D",
                1
            ],
            [
                "SKU-000500D",
                1
            ],
            [
                "SKU-000829B",
                1
            ],
            [
                "SKU-000943B",
                1
            ],
            [
                "SKU-000469B",
                1
            ],
            [
                "SKU-000816B",
                1
            ],
            [
                "SKU-000608C",
                1
            ],
            [
                "SKU-000757B",
                1
            ]
        ],
        "pickTime": "2025-07-12 08:37:49"
    },
    {
        "replenish": true,
        "skus": [
            [
                "SKU-000479B",
                1
            ]
        ],
        "pickTime": "2025-07-12 16:13:35"
    },
    {
        "replenish": true,
        "skus": [
            [
                "SKU-000625C",
                1
            ],
            [
                "SKU-000017D",
                1
            ],
            [
                "SKU-000216B",
                1
            ],
            [
                "SKU-000002C",
                1
            ],
            [
                "SKU-000669B",
                1
            ]
        ],
        "pickTime": "2025-07-12 16:31:13"
    },
    {
        "replenish": true,
        "skus": [
            [
                "SKU-000223B",
                1
            ],
            [
                "SKU-000229D",
                1
            ],
            [
                "SKU-000916D",
                1
            ],
            [
                "SKU-000184B",
                1
            ],
            [
                "SKU-000610D",
                1
            ]
        ],
        "pickTime": "2025-07-13 05:59:53"
    },
    {
        "replenish": true,
        "skus": [
            [
                "SKU-000274A",
                1
            ],
            [
                "SKU-000534C",
                1
            ],
            [
                "SKU-000661A",
                1
            ],
            [
                "SKU-000812A",
                1
            ],
            [
                "SKU-000332B",
                1
            ],
            [
                "SKU-000299C",
                1
            ],
            [
                "SKU-000251C",
                1
            ],
            [
                "SKU-000602B",
                1
            ],
            [
                "SKU-000161B",
                1
            ],
            [
                "SKU-000841C",
                1
            ],
            [
                "SKU-000767B",
                1
            ],
            [
                "SKU-000624C",
                1
            ],
            [
                "SKU-000470D",
                1
            ]
        ],
        "pickTime": "2025-07-13 06:07:11"
    },
    {
        "replenish": true,
        "skus": [
            [
                "SKU-000157C",
                1
            ],
            [
                "SKU-000889C",
                1
            ]
        ],
        "pickTime": "2025-07-13 11:24:20"
    },
    {
        "replenish": true,
        "skus": [
            [
                "SKU-000982B",
                1
            ],
            [
                "SKU-000022D",
                1
            ],
            [
                "SKU-000852D",
                1
            ],
            [
                "SKU-000998A",
                1
            ],
            [
                "SKU-000404B",
                1
            ],
            [
                "SKU-000881A",
                1
            ]
        ],
        "pickTime": "2025-07-13 12:49:23"
    },
    {
        "replenish": true,
        "skus": [
            [
                "SKU-000840D",
                1
            ],
            [
                "SKU-000479B",
                1
            ],
            [
                "SKU-000410D",
                1
            ],
            [
                "SKU-000798B",
                1
            ],
            [
                "SKU-000404C",
                1
            ],
            [
                "SKU-000326D",
                1
            ],
            [
                "SKU-000882B",
                1
            ],
            [
                "SKU-000996D",
                1
            ],
            [
                "SKU-000894D",
                1
            ],
            [
                "SKU-000773A",
                1
            ],
            [
                "SKU-000042B",
                1
            ],
            [
                "SKU-000087C",
                1
            ],
            [
                "SKU-000400B",
                1
            ],
            [
                "SKU-000280A",
                1
            ],
            [
                "SKU-000559A",
                1
            ],
            [
                "SKU-000703B",
                1
            ]
        ],
        "pickTime": "2025-07-14 01:38:44"
    },
    {
        "replenish": true,
        "skus": [
            [
                "SKU-000294D",
                1
            ],
            [
                "SKU-000578A",
                1
            ],
            [
                "SKU-000506B",
                1
            ],
            [
                "SKU-000951B",
                1
            ]
        ],
        "pickTime": "2025-07-14 02:16:45"
    },
    {
        "replenish": true,
        "skus": [
            [
                "SKU-000857C",
                1
            ]
        ],
        "pickTime": "2025-07-14 13:40:17"
    },
    {
        "replenish": true,
        "skus": [
            [
                "SKU-000822D",
                1
            ],
            [
                "SKU-000864C",
                1
            ],
            [
                "SKU-000654A",
                1
            ]
        ],
        "pickTime": "2025-07-14 15:27:45"
    },
    {
        "replenish": true,
        "skus": [
            [
                "SKU-000755A",
                1
            ],
            [
                "SKU-000341B",
                1
            ],
            [
                "SKU-000427A",
                1
            ],
            [
                "SKU-000925D",
                1
            ],
            [
                "SKU-000460A",
                1
            ],
            [
                "SKU-000838A",
                1
            ],
            [
                "SKU-000694B",
                1
            ],
            [
                "SKU-000005B",
                1
            ],
            [
                "SKU-000696C",
                1
            ],
            [
                "SKU-000963A",
                1
            ]
        ],
        "pickTime": "2025-07-14 15:31:46"
    },
    {
        "replenish": true,
        "skus": [
            [
                "SKU-000404C",
                1
            ]
        ],
        "pickTime": "2025-07-15 05:57:06"
    },
    {
        "replenish": true,
        "skus": [
            [
                "SKU-000172D",
                1
            ],
            [
                "SKU-000153D",
                1
            ],
            [
                "SKU-000153D",
                1
            ],
            [
                "SKU-000684A",
                1
            ],
            [
                "SKU-000445D",
                1
            ],
            [
                "SKU-000691B",
                1
            ],
            [
                "SKU-000417B",
                1
            ],
            [
                "SKU-000740C",
                1
            ],
            [
                "SKU-000437C",
                1
            ],
            [
                "SKU-000103A",
                1
            ],
            [
                "SKU-000810C",
                1
            ],
            [
                "SKU-000257D",
                1
            ],
            [
                "SKU-000103B",
                1
            ],
            [
                "SKU-000789A",
                1
            ],
            [
                "SKU-000292C",
                1
            ],
            [
                "SKU-000779A",
                1
            ],
            [
                "SKU-000223A",
                1
            ],
            [
                "SKU-000252D",
                1
            ],
            [
                "SKU-000699A",
                1
            ]
        ],
        "pickTime": "2025-07-15 08:18:40"
    },
    {
        "replenish": false,
        "skus": [
            [
                "SKU-000229C",
                1
            ],
            [
                "SKU-000797A",
                1
            ],
            [
                "SKU-000869B",
                1
            ],
            [
                "SKU-000984A",
                1
            ],
            [
                "SKU-000371B",
                1
            ],
            [
                "SKU-000049D",
                1
            ],
            [
                "SKU-000660B",
                1
            ],
            [
                "SKU-000528B",
                1
            ],
            [
                "SKU-000673A",
                1
            ],
            [
                "SKU-000962C",
                1
            ],
            [
                "SKU-000405B",
                1
            ],
            [
                "SKU-000183C",
                1
            ],
            [
                "SKU-000047D",
                1
            ],
            [
                "SKU-000718B",
                1
            ],
            [
                "SKU-000039C",
                1
            ],
            [
                "SKU-000123D",
                1
            ],
            [
                "SKU-000383A",
                1
            ]
        ],
        "pickTime": "2025-07-15 12:49:42"
    },
    {
        "replenish": false,
        "skus": [
            [
                "SKU-000617B",
                1
            ],
            [
                "SKU-000519B",
                1
            ],
            [
                "SKU-000376D",
                1
            ],
            [
                "SKU-000354B",
                1
            ],
            [
                "SKU-000735A",
                1
            ],
            [
                "SKU-000237B",
                1
            ],
            [
                "SKU-000251C",
                1
            ],
            [
                "SKU-000172D",
                1
            ],
            [
                "SKU-000161B",
                1
            ],
            [
                "SKU-000495D",
                1
            ],
            [
                "SKU-000397C",
                1
            ]
        ],
        "pickTime": "2025-07-15 16:00:37"
    },
    {
        "replenish": false,
        "skus": [
            [
                "SKU-000754C",
                1
            ],
            [
                "SKU-000922A",
                1
            ],
            [
                "SKU-000908A",
                1
            ],
            [
                "SKU-000851C",
                1
            ],
            [
                "SKU-000247B",
                1
            ],
            [
                "SKU-000373A",
                1
            ]
        ],
        "pickTime": "2025-07-15 17:08:56"
    },
    {
        "replenish": false,
        "skus": [
            [
                "SKU-000985C",
                1
            ],
            [
                "SKU-000219D",
                1
            ],
            [
                "SKU-000330D",
                1
            ],
            [
                "SKU-000476B",
                1
            ],
            [
                "SKU-000099D",
                1
            ],
            [
                "SKU-000424C",
                1
            ],
            [
                "SKU-000856D",
                1
            ],
            [
                "SKU-000980B",
                1
            ],
            [
                "SKU-000307C",
                1
            ],
            [
                "SKU-000396C",
                1
            ]
        ],
        "pickTime": "2025-07-16 00:27:04"
    },
    {
        "replenish": false,
        "skus": [
            [
                "SKU-000459A",
                1
            ],
            [
                "SKU-000421B",
                1
            ],
            [
                "SKU-000261C",
                1
            ],
            [
                "SKU-000796C",
                1
            ],
            [
                "SKU-000096A",
                1
            ]
        ],
        "pickTime": "2025-07-16 22:32:24"
    },
    {
        "replenish": false,
        "skus": [
            [
                "SKU-000673D",
                1
            ],
            [
                "SKU-000295D",
                1
            ]
        ],
        "pickTime": "2025-07-17 04:22:04"
    },
    {
        "replenish": false,
        "skus": [
            [
                "SKU-000757B",
                1
            ],
            [
                "SKU-000631A",
                1
            ],
            [
                "SKU-000300D",
                1
            ],
            [
                "SKU-000630B",
                1
            ],
            [
                "SKU-000974B",
                1
            ],
            [
                "SKU-000356C",
                1
            ],
            [
                "SKU-000743D",
                1
            ],
            [
                "SKU-000174D",
                1
            ]
        ],
        "pickTime": "2025-07-17 05:30:08"
    },
    {
        "replenish": false,
        "skus": [
            [
                "SKU-000948A",
                1
            ],
            [
                "SKU-000584D",
                1
            ],
            [
                "SKU-000594D",
                1
            ]
        ],
        "pickTime": "2025-07-17 17:37:04"
    },
    {
        "replenish": false,
        "skus": [
            [
                "SKU-000345B",
                1
            ],
            [
                "SKU-000769A",
                1
            ],
            [
                "SKU-000040D",
                1
            ],
            [
                "SKU-000731D",
                1
            ],
            [
                "SKU-000247B",
                1
            ],
            [
                "SKU-000440C",
                1
            ]
        ],
        "pickTime": "2025-07-17 22:03:29"
    },
    {
        "replenish": false,
        "skus": [
            [
                "SKU-000097B",
                1
            ],
            [
                "SKU-000082A",
                1
            ],
            [
                "SKU-000520B",
                1
            ],
            [
                "SKU-000052A",
                1
            ]
        ],
        "pickTime": "2025-07-17 22:44:49"
    },
    {
        "replenish": false,
        "skus": [
            [
                "SKU-000431C",
                1
            ]
        ],
        "pickTime": "2025-07-19 11:40:41"
    },
    {
        "replenish": false,
        "skus": [
            [
                "SKU-000768C",
                1
            ],
            [
                "SKU-000770A",
                1
            ],
            [
                "SKU-000328A",
                1
            ],
            [
                "SKU-000276A",
                1
            ],
            [
                "SKU-000446C",
                1
            ],
            [
                "SKU-000696C",
                1
            ],
            [
                "SKU-000332B",
                1
            ],
            [
                "SKU-000750B",
                1
            ]
        ],
        "pickTime": "2025-07-19 21:46:22"
    },
    {
        "replenish": false,
        "skus": [
            [
                "SKU-000372A",
                1
            ],
            [
                "SKU-000306A",
                1
            ],
            [
                "SKU-000700D",
                1
            ],
            [
                "SKU-000878C",
                1
            ],
            [
                "SKU-000127C",
                1
            ],
            [
                "SKU-000980D",
                1
            ],
            [
                "SKU-000485A",
                1
            ],
            [
                "SKU-000919A",
                1
            ],
            [
                "SKU-000200B",
                1
            ],
            [
                "SKU-000347B",
                1
            ],
            [
                "SKU-000994D",
                1
            ]
        ],
        "pickTime": "2025-07-20 19:14:36"
    },
    {
        "replenish": false,
        "skus": [
            [
                "SKU-000224A",
                1
            ],
            [
                "SKU-000908B",
                1
            ],
            [
                "SKU-001000D",
                1
            ],
            [
                "SKU-000284C",
                1
            ],
            [
                "SKU-000389A",
                1
            ],
            [
                "SKU-000513C",
                1
            ],
            [
                "SKU-000718B",
                1
            ],
            [
                "SKU-000350D",
                1
            ],
            [
                "SKU-000611D",
                1
            ]
        ],
        "pickTime": "2025-07-20 19:50:45"
    },
    {
        "replenish": false,
        "skus": [
            [
                "SKU-000809D",
                1
            ],
            [
                "SKU-000428A",
                1
            ],
            [
                "SKU-000649A",
                1
            ],
            [
                "SKU-000991D",
                1
            ]
        ],
        "pickTime": "2025-07-21 04:31:43"
    },
    {
        "replenish": false,
        "skus": [
            [
                "SKU-000445B",
                1
            ],
            [
                "SKU-000982B",
                1
            ],
            [
                "SKU-000890C",
                1
            ],
            [
                "SKU-000949A",
                1
            ],
            [
                "SKU-000990C",
                1
            ],
            [
                "SKU-000556B",
                1
            ],
            [
                "SKU-000190C",
                1
            ],
            [
                "SKU-000612A",
                1
            ],
            [
                "SKU-000143D",
                1
            ],
            [
                "SKU-000646C",
                1
            ],
            [
                "SKU-000911C",
                1
            ],
            [
                "SKU-000199A",
                1
            ],
            [
                "SKU-000913C",
                1
            ],
            [
                "SKU-000582C",
                1
            ],
            [
                "SKU-000724B",
                1
            ]
        ],
        "pickTime": "2025-07-21 12:07:08"
    },
    {
        "replenish": false,
        "skus": [
            [
                "SKU-000052C",
                1
            ],
            [
                "SKU-000497D",
                1
            ],
            [
                "SKU-000640D",
                1
            ],
            [
                "SKU-000415A",
                1
            ],
            [
                "SKU-000729C",
                1
            ],
            [
                "SKU-000245A",
                1
            ],
            [
                "SKU-000806B",
                1
            ],
            [
                "SKU-000860C",
                1
            ],
            [
                "SKU-000922B",
                1
            ],
            [
                "SKU-000107B",
                1
            ]
        ],
        "pickTime": "2025-07-22 06:20:52"
    },
    {
        "replenish": false,
        "skus": [
            [
                "SKU-000899D",
                1
            ],
            [
                "SKU-000869B",
                1
            ],
            [
                "SKU-000029B",
                1
            ],
            [
                "SKU-000817A",
                1
            ],
            [
                "SKU-000496B",
                1
            ],
            [
                "SKU-000877A",
                1
            ],
            [
                "SKU-000444B",
                1
            ],
            [
                "SKU-000341D",
                1
            ]
        ],
        "pickTime": "2025-07-22 13:09:52"
    },
    {
        "replenish": false,
        "skus": [
            [
                "SKU-000201B",
                1
            ],
            [
                "SKU-000773A",
                1
            ],
            [
                "SKU-000268B",
                1
            ],
            [
                "SKU-000168A",
                1
            ],
            [
                "SKU-000204D",
                1
            ],
            [
                "SKU-000461D",
                1
            ]
        ],
        "pickTime": "2025-07-22 15:51:42"
    },
    {
        "replenish": false,
        "skus": [
            [
                "SKU-000596C",
                1
            ],
            [
                "SKU-000259D",
                1
            ],
            [
                "SKU-000435D",
                1
            ],
            [
                "SKU-000236B",
                1
            ],
            [
                "SKU-000530A",
                1
            ],
            [
                "SKU-000823A",
                1
            ],
            [
                "SKU-000048C",
                1
            ],
            [
                "SKU-000117D",
                1
            ],
            [
                "SKU-000977D",
                1
            ],
            [
                "SKU-000307C",
                1
            ],
            [
                "SKU-000379B",
                1
            ],
            [
                "SKU-000701C",
                1
            ],
            [
                "SKU-000944A",
                1
            ],
            [
                "SKU-000529A",
                1
            ],
            [
                "SKU-000616C",
                1
            ],
            [
                "SKU-000703D",
                1
            ],
            [
                "SKU-000200B",
                1
            ],
            [
                "SKU-000499C",
                1
            ],
            [
                "SKU-000691A",
                1
            ],
            [
                "SKU-000029C",
                1
            ],
            [
                "SKU-000209C",
                1
            ],
            [
                "SKU-000711C",
                1
            ],
            [
                "SKU-000319C",
                1
            ],
            [
                "SKU-000580B",
                1
            ],
            [
                "SKU-000144D",
                1
            ],
            [
                "SKU-000798B",
                1
            ],
            [
                "SKU-000381D",
                1
            ]
        ],
        "pickTime": "2025-07-22 20:01:56"
    },
    {
        "replenish": false,
        "skus": [
            [
                "SKU-000240D",
                1
            ],
            [
                "SKU-000469D",
                1
            ],
            [
                "SKU-000089C",
                1
            ],
            [
                "SKU-000036A",
                1
            ],
            [
                "SKU-000157C",
                1
            ]
        ],
        "pickTime": "2025-07-23 03:57:07"
    },
    {
        "replenish": false,
        "skus": [
            [
                "SKU-000596A",
                1
            ],
            [
                "SKU-000916A",
                1
            ]
        ],
        "pickTime": "2025-07-23 06:43:20"
    },
    {
        "replenish": false,
        "skus": [
            [
                "SKU-000693C",
                1
            ],
            [
                "SKU-000090D",
                1
            ],
            [
                "SKU-000959A",
                1
            ],
            [
                "SKU-000358A",
                1
            ],
            [
                "SKU-000266D",
                1
            ],
            [
                "SKU-000282D",
                1
            ],
            [
                "SKU-000212D",
                1
            ],
            [
                "SKU-000689A",
                1
            ],
            [
                "SKU-000210B",
                1
            ],
            [
                "SKU-000152D",
                1
            ]
        ],
        "pickTime": "2025-07-23 13:21:25"
    },
    {
        "replenish": false,
        "skus": [
            [
                "SKU-000557B",
                1
            ],
            [
                "SKU-000652C",
                1
            ],
            [
                "SKU-000649D",
                1
            ],
            [
                "SKU-000966A",
                1
            ],
            [
                "SKU-000979A",
                1
            ],
            [
                "SKU-000151C",
                1
            ]
        ],
        "pickTime": "2025-07-24 04:26:18"
    },
    {
        "replenish": false,
        "skus": [
            [
                "SKU-000627C",
                1
            ],
            [
                "SKU-000506A",
                1
            ]
        ],
        "pickTime": "2025-07-24 09:28:12"
    },
    {
        "replenish": false,
        "skus": [
            [
                "SKU-000440C",
                1
            ],
            [
                "SKU-000180A",
                1
            ],
            [
                "SKU-000864C",
                1
            ],
            [
                "SKU-000418B",
                1
            ],
            [
                "SKU-000955D",
                1
            ]
        ],
        "pickTime": "2025-07-24 13:11:52"
    },
    {
        "replenish": false,
        "skus": [
            [
                "SKU-000748B",
                1
            ],
            [
                "SKU-000166C",
                1
            ],
            [
                "SKU-000757B",
                1
            ],
            [
                "SKU-000490B",
                1
            ]
        ],
        "pickTime": "2025-07-25 00:28:18"
    },
    {
        "replenish": false,
        "skus": [
            [
                "SKU-000236B",
                1
            ],
            [
                "SKU-000681C",
                1
            ],
            [
                "SKU-000857C",
                1
            ],
            [
                "SKU-000215A",
                1
            ],
            [
                "SKU-000557B",
                1
            ],
            [
                "SKU-000084C",
                1
            ]
        ],
        "pickTime": "2025-07-25 02:22:19"
    },
    {
        "replenish": false,
        "skus": [
            [
                "SKU-000954D",
                1
            ],
            [
                "SKU-000554B",
                1
            ],
            [
                "SKU-000718B",
                1
            ],
            [
                "SKU-000890D",
                1
            ],
            [
                "SKU-000287D",
                1
            ],
            [
                "SKU-000354C",
                1
            ]
        ],
        "pickTime": "2025-07-25 09:00:38"
    },
    {
        "replenish": false,
        "skus": [
            [
                "SKU-000588C",
                1
            ],
            [
                "SKU-000943D",
                1
            ],
            [
                "SKU-000117D",
                1
            ],
            [
                "SKU-000658C",
                1
            ],
            [
                "SKU-000304C",
                1
            ],
            [
                "SKU-000974B",
                1
            ],
            [
                "SKU-000117D",
                1
            ],
            [
                "SKU-000954D",
                1
            ],
            [
                "SKU-000770B",
                1
            ]
        ],
        "pickTime": "2025-07-25 15:15:24"
    },
    {
        "replenish": false,
        "skus": [
            [
                "SKU-000093C",
                1
            ],
            [
                "SKU-000155A",
                1
            ],
            [
                "SKU-000153D",
                1
            ],
            [
                "SKU-000897C",
                1
            ],
            [
                "SKU-000490B",
                1
            ],
            [
                "SKU-000389C",
                1
            ]
        ],
        "pickTime": "2025-07-26 04:55:57"
    },
    {
        "replenish": false,
        "skus": [
            [
                "SKU-000434A",
                1
            ],
            [
                "SKU-000647D",
                1
            ],
            [
                "SKU-000529B",
                1
            ],
            [
                "SKU-000247B",
                1
            ],
            [
                "SKU-000922C",
                1
            ]
        ],
        "pickTime": "2025-07-26 15:45:16"
    },
    {
        "replenish": false,
        "skus": [
            [
                "SKU-000610A",
                1
            ],
            [
                "SKU-000200C",
                1
            ],
            [
                "SKU-000731C",
                1
            ],
            [
                "SKU-000530A",
                1
            ],
            [
                "SKU-000455B",
                1
            ],
            [
                "SKU-000808A",
                1
            ],
            [
                "SKU-000050D",
                1
            ],
            [
                "SKU-000288D",
                1
            ],
            [
                "SKU-000596C",
                1
            ],
            [
                "SKU-000855B",
                1
            ],
            [
                "SKU-000855B",
                1
            ]
        ],
        "pickTime": "2025-07-26 20:24:40"
    },
    {
        "replenish": false,
        "skus": [
            [
                "SKU-000831C",
                1
            ],
            [
                "SKU-000659A",
                1
            ],
            [
                "SKU-000918A",
                1
            ]
        ],
        "pickTime": "2025-07-27 01:23:53"
    },
    {
        "replenish": false,
        "skus": [
            [
                "SKU-000010C",
                1
            ],
            [
                "SKU-000556A",
                1
            ]
        ],
        "pickTime": "2025-07-27 07:14:19"
    },
    {
        "replenish": false,
        "skus": [
            [
                "SKU-000844C",
                1
            ],
            [
                "SKU-000171A",
                1
            ],
            [
                "SKU-000255C",
                1
            ],
            [
                "SKU-000099B",
                1
            ],
            [
                "SKU-000123A",
                1
            ],
            [
                "SKU-000027A",
                1
            ],
            [
                "SKU-000821C",
                1
            ],
            [
                "SKU-000587B",
                1
            ],
            [
                "SKU-000765C",
                1
            ],
            [
                "SKU-000908D",
                1
            ],
            [
                "SKU-000651B",
                1
            ],
            [
                "SKU-000217D",
                1
            ],
            [
                "SKU-000645B",
                1
            ]
        ],
        "pickTime": "2025-07-27 09:13:15"
    },
    {
        "replenish": false,
        "skus": [
            [
                "SKU-000341B",
                1
            ],
            [
                "SKU-000180C",
                1
            ],
            [
                "SKU-000196D",
                1
            ],
            [
                "SKU-000255C",
                1
            ],
            [
                "SKU-000033C",
                1
            ],
            [
                "SKU-000529B",
                1
            ]
        ],
        "pickTime": "2025-07-27 12:04:19"
    },
    {
        "replenish": false,
        "skus": [
            [
                "SKU-000556D",
                1
            ],
            [
                "SKU-000350D",
                1
            ],
            [
                "SKU-000685B",
                1
            ],
            [
                "SKU-000664D",
                1
            ],
            [
                "SKU-000358D",
                1
            ],
            [
                "SKU-000051B",
                1
            ],
            [
                "SKU-000003C",
                1
            ]
        ],
        "pickTime": "2025-07-27 19:34:33"
    },
    {
        "replenish": false,
        "skus": [
            [
                "SKU-000630A",
                1
            ],
            [
                "SKU-000594D",
                1
            ],
            [
                "SKU-000718B",
                1
            ],
            [
                "SKU-000051A",
                1
            ],
            [
                "SKU-000882B",
                1
            ],
            [
                "SKU-000250B",
                1
            ],
            [
                "SKU-000389D",
                1
            ],
            [
                "SKU-000758A",
                1
            ],
            [
                "SKU-000469C",
                1
            ],
            [
                "SKU-000949B",
                1
            ],
            [
                "SKU-000136B",
                1
            ],
            [
                "SKU-000450B",
                1
            ],
            [
                "SKU-000199A",
                1
            ],
            [
                "SKU-000644D",
                1
            ],
            [
                "SKU-000560B",
                1
            ],
            [
                "SKU-000479C",
                1
            ]
        ],
        "pickTime": "2025-07-28 10:05:28"
    },
    {
        "replenish": false,
        "skus": [
            [
                "SKU-000113B",
                1
            ],
            [
                "SKU-000955A",
                1
            ],
            [
                "SKU-000376D",
                1
            ],
            [
                "SKU-000922D",
                1
            ],
            [
                "SKU-000595C",
                1
            ],
            [
                "SKU-000245A",
                1
            ],
            [
                "SKU-000361D",
                1
            ],
            [
                "SKU-000649A",
                1
            ],
            [
                "SKU-000210A",
                1
            ],
            [
                "SKU-000493D",
                1
            ],
            [
                "SKU-000563D",
                1
            ],
            [
                "SKU-000982A",
                1
            ],
            [
                "SKU-000515A",
                1
            ],
            [
                "SKU-000947C",
                1
            ],
            [
                "SKU-000496B",
                1
            ],
            [
                "SKU-000767B",
                1
            ],
            [
                "SKU-000446B",
                1
            ],
            [
                "SKU-000114B",
                1
            ],
            [
                "SKU-000894D",
                1
            ]
        ],
        "pickTime": "2025-07-28 12:38:15"
    },
    {
        "replenish": false,
        "skus": [
            [
                "SKU-000215D",
                1
            ],
            [
                "SKU-000834D",
                1
            ],
            [
                "SKU-000976D",
                1
            ],
            [
                "SKU-000806B",
                1
            ],
            [
                "SKU-000910D",
                1
            ],
            [
                "SKU-000987B",
                1
            ]
        ],
        "pickTime": "2025-07-28 13:29:16"
    },
    {
        "replenish": false,
        "skus": [
            [
                "SKU-000657C",
                1
            ],
            [
                "SKU-000956C",
                1
            ],
            [
                "SKU-000872B",
                1
            ],
            [
                "SKU-000962A",
                1
            ],
            [
                "SKU-000311A",
                1
            ],
            [
                "SKU-000716A",
                1
            ],
            [
                "SKU-000925A",
                1
            ]
        ],
        "pickTime": "2025-07-28 17:51:58"
    },
    {
        "replenish": false,
        "skus": [
            [
                "SKU-000914C",
                1
            ],
            [
                "SKU-000362A",
                1
            ],
            [
                "SKU-000995C",
                1
            ],
            [
                "SKU-000953A",
                1
            ],
            [
                "SKU-000763C",
                1
            ],
            [
                "SKU-000567B",
                1
            ],
            [
                "SKU-000898C",
                1
            ],
            [
                "SKU-000353A",
                1
            ],
            [
                "SKU-000163D",
                1
            ],
            [
                "SKU-000159C",
                1
            ],
            [
                "SKU-000821C",
                1
            ],
            [
                "SKU-000926A",
                1
            ],
            [
                "SKU-000119B",
                1
            ],
            [
                "SKU-000647C",
                1
            ],
            [
                "SKU-000719B",
                1
            ],
            [
                "SKU-000189B",
                1
            ],
            [
                "SKU-000810A",
                1
            ],
            [
                "SKU-000192D",
                1
            ],
            [
                "SKU-000105A",
                1
            ],
            [
                "SKU-000277C",
                1
            ],
            [
                "SKU-000241D",
                1
            ],
            [
                "SKU-000283C",
                1
            ],
            [
                "SKU-000063B",
                1
            ],
            [
                "SKU-000630C",
                1
            ],
            [
                "SKU-000628C",
                1
            ],
            [
                "SKU-000050A",
                1
            ],
            [
                "SKU-000460C",
                1
            ]
        ],
        "pickTime": "2025-07-28 18:46:10"
    },
    {
        "replenish": false,
        "skus": [
            [
                "SKU-000437C",
                1
            ],
            [
                "SKU-000596D",
                1
            ],
            [
                "SKU-000063A",
                1
            ],
            [
                "SKU-000489B",
                1
            ],
            [
                "SKU-000192D",
                1
            ],
            [
                "SKU-000379A",
                1
            ],
            [
                "SKU-000810A",
                1
            ],
            [
                "SKU-000209C",
                1
            ],
            [
                "SKU-000871D",
                1
            ],
            [
                "SKU-000657D",
                1
            ],
            [
                "SKU-000445B",
                1
            ],
            [
                "SKU-000286B",
                1
            ],
            [
                "SKU-000228D",
                1
            ]
        ],
        "pickTime": "2025-07-28 23:08:55"
    },
    {
        "replenish": false,
        "skus": [
            [
                "SKU-000257D",
                1
            ],
            [
                "SKU-000607D",
                1
            ],
            [
                "SKU-000693C",
                1
            ],
            [
                "SKU-000192D",
                1
            ],
            [
                "SKU-000541B",
                1
            ],
            [
                "SKU-000042A",
                1
            ],
            [
                "SKU-000107B",
                1
            ],
            [
                "SKU-000498A",
                1
            ],
            [
                "SKU-000103C",
                1
            ]
        ],
        "pickTime": "2025-07-29 09:02:40"
    },
    {
        "replenish": false,
        "skus": [
            [
                "SKU-000618C",
                1
            ],
            [
                "SKU-000728A",
                1
            ],
            [
                "SKU-000910A",
                1
            ],
            [
                "SKU-000007B",
                1
            ]
        ],
        "pickTime": "2025-07-29 12:18:49"
    },
    {
        "replenish": false,
        "skus": [
            [
                "SKU-000256A",
                1
            ],
            [
                "SKU-000495C",
                1
            ],
            [
                "SKU-000020A",
                1
            ],
            [
                "SKU-000674A",
                1
            ],
            [
                "SKU-000951B",
                1
            ]
        ],
        "pickTime": "2025-07-30 08:09:42"
    },
    {
        "replenish": false,
        "skus": [
            [
                "SKU-000670A",
                1
            ],
            [
                "SKU-000895D",
                1
            ]
        ],
        "pickTime": "2025-07-30 10:32:38"
    },
    {
        "replenish": false,
        "skus": [
            [
                "SKU-000532C",
                1
            ]
        ],
        "pickTime": "2025-07-30 13:16:17"
    },
    {
        "replenish": false,
        "skus": [
            [
                "SKU-000729D",
                1
            ],
            [
                "SKU-000881A",
                1
            ],
            [
                "SKU-000241C",
                1
            ]
        ],
        "pickTime": "2025-07-30 21:01:41"
    }
]