[
    {
        "replenish": true,
        "skus": [
            [
                "SKU-000366C",
                1
            ],
            [
                "SKU-000350B",
                1
            ],
            [
                "SKU-000159C",
                1
            ],
            [
                "SKU-000435D",
                1
            ],
            [
                "SKU-000202B",
                1
            ],
            [
                "SKU-000449C",
                1
            ],
            [
                "SKU-000089D",
                1
            ],
            [
                "SKU-000186A",
                1
            ],
            [
                "SKU-000373D",
                1
            ],
            [
                "SKU-000359B",
                1
            ],
            [
                "SKU-000472D",
                1
            ],
            [
                "SKU-000198D",
                1
            ],
            [
                "SKU-000150D",
                1
            ],
            [
                "SKU-000444C",
                1
            ],
            [
                "SKU-000413C",
                1
            ],
            [
                "SKU-000104D",
                1
            ],
            [
                "SKU-000233C",
                1
            ],
            [
                "SKU-000444B",
                1
            ],
            [
                "SKU-000158C",
                1
            ],
            [
                "SKU-000101B",
                1
            ],
            [
                "SKU-000049B",
                1
            ],
            [
                "SKU-000117D",
                1
            ],
            [
                "SKU-000144D",
                1
            ],
            [
                "SKU-000235A",
                1
            ],
            [
                "SKU-000180A",
                1
            ],
            [
                "SKU-000274D",
                1
            ],
            [
                "SKU-000243A",
                1
            ],
            [
                "SKU-000481A",
                1
            ],
            [
                "SKU-000251D",
                1
            ],
            [
                "SKU-000243B",
                1
            ],
            [
                "SKU-000345C",
                1
            ],
            [
                "SKU-000345B",
                1
            ],
            [
                "SKU-000042A",
                1
            ],
            [
                "SKU-000266D",
                1
            ]
        ],
        "pickTime": "2025-07-01 02:45:22"
    },
    {
        "replenish": true,
        "skus": [
            [
                "SKU-000291B",
                1
            ],
            [
                "SKU-000185D",
                1
            ],
            [
                "SKU-000160B",
                1
            ],
            [
                "SKU-000223C",
                1
            ],
            [
                "SKU-000113C",
                1
            ],
            [
                "SKU-000312C",
                1
            ],
            [
                "SKU-000087A",
                1
            ],
            [
                "SKU-000386D",
                1
            ],
            [
                "SKU-000176D",
                1
            ],
            [
                "SKU-000125A",
                1
            ],
            [
                "SKU-000428B",
                1
            ],
            [
                "SKU-000424C",
                1
            ],
            [
                "SKU-000408D",
                1
            ],
            [
                "SKU-000337A",
                1
            ],
            [
                "SKU-000009A",
                1
            ],
            [
                "SKU-000376C",
                1
            ],
            [
                "SKU-000238D",
                1
            ],
            [
                "SKU-000382B",
                1
            ],
            [
                "SKU-000156B",
                1
            ],
            [
                "SKU-000207A",
                1
            ],
            [
                "SKU-000400C",
                1
            ]
        ],
        "pickTime": "2025-07-01 03:20:24"
    },
    {
        "replenish": true,
        "skus": [
            [
                "SKU-000451B",
                1
            ],
            [
                "SKU-000125D",
                1
            ],
            [
                "SKU-000175C",
                1
            ],
            [
                "SKU-000096B",
                1
            ],
            [
                "SKU-000160D",
                1
            ],
            [
                "SKU-000322A",
                1
            ],
            [
                "SKU-000157C",
                1
            ],
            [
                "SKU-000379D",
                1
            ],
            [
                "SKU-000433C",
                1
            ],
            [
                "SKU-000288B",
                1
            ],
            [
                "SKU-000250A",
                1
            ]
        ],
        "pickTime": "2025-07-01 07:18:41"
    },
    {
        "replenish": true,
        "skus": [
            [
                "SKU-000331C",
                1
            ],
            [
                "SKU-000006C",
                1
            ],
            [
                "SKU-000361B",
                1
            ],
            [
                "SKU-000490B",
                1
            ],
            [
                "SKU-000452B",
                1
            ],
            [
                "SKU-000318C",
                1
            ],
            [
                "SKU-000094B",
                1
            ],
            [
                "SKU-000366B",
                1
            ],
            [
                "SKU-000410B",
                1
            ],
            [
                "SKU-000500C",
                1
            ],
            [
                "SKU-000127A",
                1
            ],
            [
                "SKU-000007D",
                1
            ],
            [
                "SKU-000046C",
                1
            ],
            [
                "SKU-000335A",
                1
            ],
            [
                "SKU-000004B",
                1
            ],
            [
                "SKU-000103D",
                1
            ],
            [
                "SKU-000289C",
                1
            ],
            [
                "SKU-000439B",
                1
            ],
            [
                "SKU-000256C",
                1
            ],
            [
                "SKU-000436D",
                1
            ],
            [
                "SKU-000287A",
                1
            ],
            [
                "SKU-000165D",
                1
            ],
            [
                "SKU-000338D",
                1
            ],
            [
                "SKU-000492C",
                1
            ],
            [
                "SKU-000280A",
                1
            ],
            [
                "SKU-000198D",
                1
            ],
            [
                "SKU-000078B",
                1
            ],
            [
                "SKU-000413C",
                1
            ],
            [
                "SKU-000092A",
                1
            ],
            [
                "SKU-000124B",
                1
            ],
            [
                "SKU-000281A",
                1
            ],
            [
                "SKU-000380A",
                1
            ],
            [
                "SKU-000437A",
                1
            ],
            [
                "SKU-000051C",
                1
            ],
            [
                "SKU-000108C",
                1
            ],
            [
                "SKU-000004A",
                1
            ],
            [
                "SKU-000500B",
                1
            ],
            [
                "SKU-000499A",
                1
            ],
            [
                "SKU-000495A",
                1
            ],
            [
                "SKU-000179C",
                1
            ],
            [
                "SKU-000288B",
                1
            ],
            [
                "SKU-000138A",
                1
            ],
            [
                "SKU-000108C",
                1
            ]
        ],
        "pickTime": "2025-07-01 16:46:37"
    },
    {
        "replenish": true,
        "skus": [
            [
                "SKU-000349A",
                1
            ],
            [
                "SKU-000137C",
                1
            ],
            [
                "SKU-000036A",
                1
            ],
            [
                "SKU-000321A",
                1
            ],
            [
                "SKU-000012A",
                1
            ],
            [
                "SKU-000243D",
                1
            ],
            [
                "SKU-000214A",
                1
            ],
            [
                "SKU-000411C",
                1
            ],
            [
                "SKU-000431A",
                1
            ],
            [
                "SKU-000387D",
                1
            ],
            [
                "SKU-000156B",
                1
            ],
            [
                "SKU-000345B",
                1
            ],
            [
                "SKU-000194B",
                1
            ],
            [
                "SKU-000086B",
                1
            ],
            [
                "SKU-000383B",
                1
            ],
            [
                "SKU-000294D",
                1
            ],
            [
                "SKU-000345C",
                1
            ],
            [
                "SKU-000383C",
                1
            ],
            [
                "SKU-000213C",
                1
            ],
            [
                "SKU-000152D",
                1
            ],
            [
                "SKU-000181D",
                1
            ]
        ],
        "pickTime": "2025-07-01 17:15:12"
    },
    {
        "replenish": true,
        "skus": [
            [
                "SKU-000138A",
                1
            ]
        ],
        "pickTime": "2025-07-01 17:31:36"
    },
    {
        "replenish": true,
        "skus": [
            [
                "SKU-000451B",
                1
            ],
            [
                "SKU-000397C",
                1
            ],
            [
                "SKU-000002B",
                1
            ],
            [
                "SKU-000500B",
                1
            ]
        ],
        "pickTime": "2025-07-02 05:50:26"
    },
    {
        "replenish": true,
        "skus": [
            [
                "SKU-000274D",
                1
            ],
            [
                "SKU-000410B",
                1
            ],
            [
                "SKU-000029C",
                1
            ],
            [
                "SKU-000225D",
                1
            ]
        ],
        "pickTime": "2025-07-02 11:42:02"
    },
    {
        "replenish": true,
        "skus": [
            [
                "SKU-000107D",
                1
            ],
            [
                "SKU-000387D",
                1
            ],
            [
                "SKU-000222C",
                1
            ],
            [
                "SKU-000129C",
                1
            ],
            [
                "SKU-000372B",
                1
            ],
            [
                "SKU-000498D",
                1
            ]
        ],
        "pickTime": "2025-07-02 15:13:25"
    },
    {
        "replenish": true,
        "skus": [
            [
                "SKU-000042A",
                1
            ],
            [
                "SKU-000159D",
                1
            ],
            [
                "SKU-000073D",
                1
            ],
            [
                "SKU-000055B",
                1
            ],
            [
                "SKU-000222C",
                1
            ],
            [
                "SKU-000326A",
                1
            ],
            [
                "SKU-000377B",
                1
            ],
            [
                "SKU-000289C",
                1
            ],
            [
                "SKU-000351A",
                1
            ],
            [
                "SKU-000178B",
                1
            ],
            [
                "SKU-000368B",
                1
            ],
            [
                "SKU-000315A",
                1
            ],
            [
                "SKU-000414B",
                1
            ],
            [
                "SKU-000151B",
                1
            ],
            [
                "SKU-000482C",
                1
            ],
            [
                "SKU-000046C",
                1
            ],
            [
                "SKU-000257D",
                1
            ],
            [
                "SKU-000345C",
                1
            ],
            [
                "SKU-000353D",
                1
            ],
            [
                "SKU-000302B",
                1
            ],
            [
                "SKU-000495B",
                1
            ],
            [
                "SKU-000444A",
                1
            ],
            [
                "SKU-000198B",
                1
            ],
            [
                "SKU-000466C",
                1
            ],
            [
                "SKU-000070C",
                1
            ],
            [
                "SKU-000116A",
                1
            ],
            [
                "SKU-000128B",
                1
            ],
            [
                "SKU-000153A",
                1
            ],
            [
                "SKU-000476B",
                1
            ],
            [
                "SKU-000334B",
                1
            ],
            [
                "SKU-000451B",
                1
            ],
            [
                "SKU-000296C",
                1
            ],
            [
                "SKU-000125D",
                1
            ],
            [
                "SKU-000188C",
                1
            ],
            [
                "SKU-000228D",
                1
            ],
            [
                "SKU-000199C",
                1
            ],
            [
                "SKU-000360A",
                1
            ],
            [
                "SKU-000016C",
                1
            ],
            [
                "SKU-000273C",
                1
            ],
            [
                "SKU-000328B",
                1
            ],
            [
                "SKU-000288D",
                1
            ],
            [
                "SKU-000454C",
                1
            ],
            [
                "SKU-000347C",
                1
            ]
        ],
        "pickTime": "2025-07-02 17:42:58"
    },
    {
        "replenish": true,
        "skus": [
            [
                "SKU-000378A",
                1
            ]
        ],
        "pickTime": "2025-07-02 19:15:53"
    },
    {
        "replenish": true,
        "skus": [
            [
                "SKU-000109B",
                1
            ],
            [
                "SKU-000233B",
                1
            ]
        ],
        "pickTime": "2025-07-03 03:05:29"
    },
    {
        "replenish": true,
        "skus": [
            [
                "SKU-000490B",
                1
            ]
        ],
        "pickTime": "2025-07-04 02:51:21"
    },
    {
        "replenish": true,
        "skus": [
            [
                "SKU-000146C",
                1
            ],
            [
                "SKU-000009C",
                1
            ],
            [
                "SKU-000292B",
                1
            ],
            [
                "SKU-000180A",
                1
            ],
            [
                "SKU-000025A",
                1
            ],
            [
                "SKU-000432A",
                1
            ],
            [
                "SKU-000352C",
                1
            ],
            [
                "SKU-000291B",
                1
            ],
            [
                "SKU-000011B",
                1
            ],
            [
                "SKU-000231A",
                1
            ],
            [
                "SKU-000122B",
                1
            ],
            [
                "SKU-000436D",
                1
            ],
            [
                "SKU-000004A",
                1
            ],
            [
                "SKU-000134B",
                1
            ],
            [
                "SKU-000198B",
                1
            ],
            [
                "SKU-000028B",
                1
            ],
            [
                "SKU-000043D",
                1
            ]
        ],
        "pickTime": "2025-07-04 05:28:20"
    },
    {
        "replenish": true,
        "skus": [
            [
                "SKU-000230D",
                1
            ],
            [
                "SKU-000288B",
                1
            ],
            [
                "SKU-000029D",
                1
            ],
            [
                "SKU-000086B",
                1
            ],
            [
                "SKU-000135B",
                1
            ]
        ],
        "pickTime": "2025-07-04 11:24:43"
    },
    {
        "replenish": true,
        "skus": [
            [
                "SKU-000253A",
                1
            ],
            [
                "SKU-000337A",
                1
            ],
            [
                "SKU-000500D",
                1
            ],
            [
                "SKU-000223A",
                1
            ],
            [
                "SKU-000280C",
                1
            ],
            [
                "SKU-000055B",
                1
            ],
            [
                "SKU-000465B",
                1
            ],
            [
                "SKU-000198B",
                1
            ],
            [
                "SKU-000090A",
                1
            ],
            [
                "SKU-000093D",
                1
            ],
            [
                "SKU-000251D",
                1
            ],
            [
                "SKU-000222D",
                1
            ]
        ],
        "pickTime": "2025-07-05 00:06:05"
    },
    {
        "replenish": true,
        "skus": [
            [
                "SKU-000160B",
                1
            ],
            [
                "SKU-000125D",
                1
            ],
            [
                "SKU-000267C",
                1
            ],
            [
                "SKU-000110D",
                1
            ],
            [
                "SKU-000093D",
                1
            ],
            [
                "SKU-000160B",
                1
            ],
            [
                "SKU-000099B",
                1
            ],
            [
                "SKU-000164A",
                1
            ],
            [
                "SKU-000238C",
                1
            ],
            [
                "SKU-000318C",
                1
            ],
            [
                "SKU-000097B",
                1
            ],
            [
                "SKU-000315D",
                1
            ],
            [
                "SKU-000470B",
                1
            ],
            [
                "SKU-000212B",
                1
            ],
            [
                "SKU-000083A",
                1
            ],
            [
                "SKU-000176D",
                1
            ],
            [
                "SKU-000454D",
                1
            ],
            [
                "SKU-000478D",
                1
            ],
            [
                "SKU-000003D",
                1
            ],
            [
                "SKU-000239A",
                1
            ],
            [
                "SKU-000061A",
                1
            ],
            [
                "SKU-000099C",
                1
            ],
            [
                "SKU-000302D",
                1
            ],
            [
                "SKU-000164C",
                1
            ],
            [
                "SKU-000359B",
                1
            ],
            [
                "SKU-000038D",
                1
            ],
            [
                "SKU-000224B",
                1
            ],
            [
                "SKU-000425C",
                1
            ],
            [
                "SKU-000326A",
                1
            ],
            [
                "SKU-000235D",
                1
            ],
            [
                "SKU-000478C",
                1
            ],
            [
                "SKU-000307A",
                1
            ],
            [
                "SKU-000412B",
                1
            ],
            [
                "SKU-000447B",
                1
            ],
            [
                "SKU-000273B",
                1
            ],
            [
                "SKU-000393C",
                1
            ],
            [
                "SKU-000452C",
                1
            ],
            [
                "SKU-000083B",
                1
            ],
            [
                "SKU-000404C",
                1
            ],
            [
                "SKU-000230D",
                1
            ],
            [
                "SKU-000219A",
                1
            ],
            [
                "SKU-000026C",
                1
            ],
            [
                "SKU-000135D",
                1
            ],
            [
                "SKU-000017B",
                1
            ],
            [
                "SKU-000348A",
                1
            ],
            [
                "SKU-000160B",
                1
            ],
            [
                "SKU-000274D",
                1
            ],
            [
                "SKU-000305D",
                1
            ],
            [
                "SKU-000299C",
                1
            ],
            [
                "SKU-000490C",
                1
            ]
        ],
        "pickTime": "2025-07-05 11:18:51"
    },
    {
        "replenish": true,
        "skus": [
            [
                "SKU-000216A",
                1
            ],
            [
                "SKU-000365B",
                1
            ]
        ],
        "pickTime": "2025-07-05 15:40:35"
    },
    {
        "replenish": true,
        "skus": [
            [
                "SKU-000459A",
                1
            ],
            [
                "SKU-000440A",
                1
            ],
            [
                "SKU-000238D",
                1
            ],
            [
                "SKU-000005C",
                1
            ],
            [
                "SKU-000404C",
                1
            ],
            [
                "SKU-000206A",
                1
            ],
            [
                "SKU-000485C",
                1
            ],
            [
                "SKU-000421A",
                1
            ],
            [
                "SKU-000292B",
                1
            ],
            [
                "SKU-000434A",
                1
            ],
            [
                "SKU-000181A",
                1
            ],
            [
                "SKU-000439C",
                1
            ],
            [
                "SKU-000381B",
                1
            ],
            [
                "SKU-000366B",
                1
            ],
            [
                "SKU-000202B",
                1
            ],
            [
                "SKU-000338A",
                1
            ],
            [
                "SKU-000234C",
                1
            ],
            [
                "SKU-000493B",
                1
            ],
            [
                "SKU-000353D",
                1
            ],
            [
                "SKU-000294B",
                1
            ],
            [
                "SKU-000194B",
                1
            ],
            [
                "SKU-000404C",
                1
            ],
            [
                "SKU-000144C",
                1
            ],
            [
                "SKU-000198B",
                1
            ],
            [
                "SKU-000035B",
                1
            ],
            [
                "SKU-000255A",
                1
            ]
        ],
        "pickTime": "2025-07-05 21:57:30"
    },
    {
        "replenish": true,
        "skus": [
            [
                "SKU-000345B",
                1
            ],
            [
                "SKU-000383C",
                1
            ],
            [
                "SKU-000157D",
                1
            ],
            [
                "SKU-000490C",
                1
            ],
            [
                "SKU-000291B",
                1
            ]
        ],
        "pickTime": "2025-07-06 07:38:03"
    },
    {
        "replenish": true,
        "skus": [
            [
                "SKU-000302D",
                1
            ],
            [
                "SKU-000388B",
                1
            ],
            [
                "SKU-000238B",
                1
            ],
            [
                "SKU-000263A",
                1
            ],
            [
                "SKU-000273A",
                1
            ],
            [
                "SKU-000274D",
                1
            ],
            [
                "SKU-000242A",
                1
            ],
            [
                "SKU-000144D",
                1
            ],
            [
                "SKU-000374D",
                1
            ],
            [
                "SKU-000351A",
                1
            ],
            [
                "SKU-000252D",
                1
            ],
            [
                "SKU-000454D",
                1
            ],
            [
                "SKU-000331C",
                1
            ],
            [
                "SKU-000044A",
                1
            ],
            [
                "SKU-000186A",
                1
            ],
            [
                "SKU-000103D",
                1
            ],
            [
                "SKU-000361A",
                1
            ],
            [
                "SKU-000361A",
                1
            ],
            [
                "SKU-000079A",
                1
            ],
            [
                "SKU-000497C",
                1
            ],
            [
                "SKU-000489D",
                1
            ],
            [
                "SKU-000243D",
                1
            ],
            [
                "SKU-000475B",
                1
            ],
            [
                "SKU-000077A",
                1
            ],
            [
                "SKU-000114D",
                1
            ],
            [
                "SKU-000264B",
                1
            ],
            [
                "SKU-000232A",
                1
            ],
            [
                "SKU-000294C",
                1
            ],
            [
                "SKU-000393C",
                1
            ],
            [
                "SKU-000360A",
                1
            ],
            [
                "SKU-000256D",
                1
            ],
            [
                "SKU-000319C",
                1
            ],
            [
                "SKU-000296A",
                1
            ],
            [
                "SKU-000436D",
                1
            ],
            [
                "SKU-000294D",
                1
            ],
            [
                "SKU-000339A",
                1
            ],
            [
                "SKU-000388B",
                1
            ],
            [
                "SKU-000428B",
                1
            ],
            [
                "SKU-000491C",
                1
            ],
            [
                "SKU-000238D",
                1
            ],
            [
                "SKU-000276D",
                1
            ],
            [
                "SKU-000176C",
                1
            ],
            [
                "SKU-000351A",
                1
            ],
            [
                "SKU-000046C",
                1
            ],
            [
                "SKU-000276A",
                1
            ],
            [
                "SKU-000462A",
                1
            ],
            [
                "SKU-000231A",
                1
            ],
            [
                "SKU-000360A",
                1
            ],
            [
                "SKU-000032C",
                1
            ]
        ],
        "pickTime": "2025-07-06 17:23:08"
    },
    {
        "replenish": true,
        "skus": [
            [
                "SKU-000450D",
                1
            ],
            [
                "SKU-000355A",
                1
            ]
        ],
        "pickTime": "2025-07-06 19:39:57"
    },
    {
        "replenish": true,
        "skus": [
            [
                "SKU-000500B",
                1
            ],
            [
                "SKU-000322A",
                1
            ],
            [
                "SKU-000055B",
                1
            ],
            [
                "SKU-000334D",
                1
            ],
            [
                "SKU-000047A",
                1
            ],
            [
                "SKU-000235A",
                1
            ],
            [
                "SKU-000160D",
                1
            ],
            [
                "SKU-000094D",
                1
            ],
            [
                "SKU-000077A",
                1
            ],
            [
                "SKU-000224A",
                1
            ],
            [
                "SKU-000304D",
                1
            ],
            [
                "SKU-000125D",
                1
            ],
            [
                "SKU-000176C",
                1
            ],
            [
                "SKU-000275D",
                1
            ],
            [
                "SKU-000451D",
                1
            ],
            [
                "SKU-000256A",
                1
            ],
            [
                "SKU-000125D",
                1
            ],
            [
                "SKU-000152A",
                1
            ],
            [
                "SKU-000472D",
                1
            ],
            [
                "SKU-000315D",
                1
            ],
            [
                "SKU-000437C",
                1
            ],
            [
                "SKU-000425C",
                1
            ],
            [
                "SKU-000271A",
                1
            ],
            [
                "SKU-000264C",
                1
            ]
        ],
        "pickTime": "2025-07-06 21:41:26"
    },
    {
        "replenish": true,
        "skus": [
            [
                "SKU-000346C",
                1
            ],
            [
                "SKU-000465A",
                1
            ],
            [
                "SKU-000281A",
                1
            ],
            [
                "SKU-000312A",
                1
            ],
            [
                "SKU-000352C",
                1
            ],
            [
                "SKU-000017D",
                1
            ],
            [
                "SKU-000185D",
                1
            ],
            [
                "SKU-000235D",
                1
            ],
            [
                "SKU-000446B",
                1
            ],
            [
                "SKU-000296A",
                1
            ],
            [
                "SKU-000402C",
                1
            ],
            [
                "SKU-000473C",
                1
            ],
            [
                "SKU-000360A",
                1
            ],
            [
                "SKU-000060C",
                1
            ],
            [
                "SKU-000334B",
                1
            ],
            [
                "SKU-000033B",
                1
            ],
            [
                "SKU-000306C",
                1
            ],
            [
                "SKU-000349C",
                1
            ],
            [
                "SKU-000104B",
                1
            ],
            [
                "SKU-000183D",
                1
            ],
            [
                "SKU-000404C",
                1
            ]
        ],
        "pickTime": "2025-07-07 05:35:53"
    },
    {
        "replenish": true,
        "skus": [
            [
                "SKU-000224B",
                1
            ],
            [
                "SKU-000153A",
                1
            ]
        ],
        "pickTime": "2025-07-07 11:18:33"
    },
    {
        "replenish": true,
        "skus": [
            [
                "SKU-000360A",
                1
            ],
            [
                "SKU-000165D",
                1
            ],
            [
                "SKU-000049B",
                1
            ],
            [
                "SKU-000400C",
                1
            ],
            [
                "SKU-000428B",
                1
            ],
            [
                "SKU-000066A",
                1
            ],
            [
                "SKU-000061D",
                1
            ],
            [
                "SKU-000051C",
                1
            ],
            [
                "SKU-000246C",
                1
            ],
            [
                "SKU-000124D",
                1
            ],
            [
                "SKU-000328A",
                1
            ],
            [
                "SKU-000493C",
                1
            ],
            [
                "SKU-000340D",
                1
            ],
            [
                "SKU-000170A",
                1
            ],
            [
                "SKU-000081A",
                1
            ],
            [
                "SKU-000257D",
                1
            ],
            [
                "SKU-000381B",
                1
            ],
            [
                "SKU-000331C",
                1
            ],
            [
                "SKU-000023D",
                1
            ],
            [
                "SKU-000450D",
                1
            ],
            [
                "SKU-000305D",
                1
            ],
            [
                "SKU-000088C",
                1
            ]
        ],
        "pickTime": "2025-07-07 22:30:25"
    },
    {
        "replenish": true,
        "skus": [
            [
                "SKU-000070C",
                1
            ]
        ],
        "pickTime": "2025-07-08 16:01:48"
    },
    {
        "replenish": true,
        "skus": [
            [
                "SKU-000287A",
                1
            ],
            [
                "SKU-000458B",
                1
            ],
            [
                "SKU-000287A",
                1
            ],
            [
                "SKU-000264D",
                1
            ],
            [
                "SKU-000151A",
                1
            ],
            [
                "SKU-000224D",
                1
            ],
            [
                "SKU-000305C",
                1
            ],
            [
                "SKU-000081C",
                1
            ],
            [
                "SKU-000377C",
                1
            ],
            [
                "SKU-000065A",
                1
            ]
        ],
        "pickTime": "2025-07-09 00:32:50"
    },
    {
        "replenish": true,
        "skus": [
            [
                "SKU-000471D",
                1
            ],
            [
                "SKU-000296D",
                1
            ],
            [
                "SKU-000354A",
                1
            ],
            [
                "SKU-000186A",
                1
            ],
            [
                "SKU-000017B",
                1
            ],
            [
                "SKU-000214A",
                1
            ],
            [
                "SKU-000071C",
                1
            ],
            [
                "SKU-000423A",
                1
            ],
            [
                "SKU-000089D",
                1
            ],
            [
                "SKU-000243D",
                1
            ],
            [
                "SKU-000089C",
                1
            ],
            [
                "SKU-000101D",
                1
            ],
            [
                "SKU-000122B",
                1
            ],
            [
                "SKU-000331B",
                1
            ],
            [
                "SKU-000179B",
                1
            ],
            [
                "SKU-000408B",
                1
            ],
            [
                "SKU-000089B",
                1
            ],
            [
                "SKU-000033B",
                1
            ],
            [
                "SKU-000099B",
                1
            ],
            [
                "SKU-000330D",
                1
            ],
            [
                "SKU-000125D",
                1
            ],
            [
                "SKU-000421B",
                1
            ],
            [
                "SKU-000078D",
                1
            ],
            [
                "SKU-000330D",
                1
            ],
            [
                "SKU-000357C",
                1
            ],
            [
                "SKU-000051A",
                1
            ],
            [
                "SKU-000143B",
                1
            ],
            [
                "SKU-000351A",
                1
            ],
            [
                "SKU-000418B",
                1
            ],
            [
                "SKU-000265C",
                1
            ],
            [
                "SKU-000161C",
                1
            ],
            [
                "SKU-000292B",
                1
            ],
            [
                "SKU-000359C",
                1
            ],
            [
                "SKU-000004A",
                1
            ],
            [
                "SKU-000284B",
                1
            ],
            [
                "SKU-000233B",
                1
            ],
            [
                "SKU-000101D",
                1
            ],
            [
                "SKU-000376C",
                1
            ],
            [
                "SKU-000096D",
                1
            ],
            [
                "SKU-000062C",
                1
            ],
            [
                "SKU-000092C",
                1
            ],
            [
                "SKU-000176C",
                1
            ],
            [
                "SKU-000337A",
                1
            ]
        ],
        "pickTime": "2025-07-09 03:13:08"
    },
    {
        "replenish": true,
        "skus": [
            [
                "SKU-000082A",
                1
            ],
            [
                "SKU-000480D",
                1
            ],
            [
                "SKU-000405B",
                1
            ],
            [
                "SKU-000060A",
                1
            ],
            [
                "SKU-000496D",
                1
            ]
        ],
        "pickTime": "2025-07-09 10:34:35"
    },
    {
        "replenish": true,
        "skus": [
            [
                "SKU-000214D",
                1
            ]
        ],
        "pickTime": "2025-07-09 10:46:23"
    },
    {
        "replenish": true,
        "skus": [
            [
                "SKU-000162B",
                1
            ],
            [
                "SKU-000437A",
                1
            ],
            [
                "SKU-000357C",
                1
            ],
            [
                "SKU-000357C",
                1
            ],
            [
                "SKU-000225B",
                1
            ],
            [
                "SKU-000214D",
                1
            ],
            [
                "SKU-000388B",
                1
            ]
        ],
        "pickTime": "2025-07-09 13:38:47"
    },
    {
        "replenish": true,
        "skus": [
            [
                "SKU-000042A",
                1
            ],
            [
                "SKU-000342C",
                1
            ],
            [
                "SKU-000134C",
                1
            ],
            [
                "SKU-000233B",
                1
            ],
            [
                "SKU-000161C",
                1
            ],
            [
                "SKU-000486D",
                1
            ],
            [
                "SKU-000410B",
                1
            ],
            [
                "SKU-000334B",
                1
            ],
            [
                "SKU-000185D",
                1
            ]
        ],
        "pickTime": "2025-07-09 14:44:23"
    },
    {
        "replenish": true,
        "skus": [
            [
                "SKU-000396B",
                1
            ],
            [
                "SKU-000009C",
                1
            ],
            [
                "SKU-000309C",
                1
            ],
            [
                "SKU-000302B",
                1
            ],
            [
                "SKU-000029D",
                1
            ]
        ],
        "pickTime": "2025-07-09 20:41:44"
    },
    {
        "replenish": true,
        "skus": [
            [
                "SKU-000073A",
                1
            ],
            [
                "SKU-000135D",
                1
            ],
            [
                "SKU-000399B",
                1
            ],
            [
                "SKU-000197B",
                1
            ],
            [
                "SKU-000124C",
                1
            ]
        ],
        "pickTime": "2025-07-09 22:39:04"
    },
    {
        "replenish": true,
        "skus": [
            [
                "SKU-000462C",
                1
            ],
            [
                "SKU-000285B",
                1
            ],
            [
                "SKU-000083A",
                1
            ],
            [
                "SKU-000357D",
                1
            ],
            [
                "SKU-000362B",
                1
            ],
            [
                "SKU-000494D",
                1
            ],
            [
                "SKU-000139C",
                1
            ],
            [
                "SKU-000241A",
                1
            ],
            [
                "SKU-000235A",
                1
            ],
            [
                "SKU-000429B",
                1
            ],
            [
                "SKU-000173D",
                1
            ],
            [
                "SKU-000439B",
                1
            ],
            [
                "SKU-000340A",
                1
            ],
            [
                "SKU-000101C",
                1
            ],
            [
                "SKU-000084A",
                1
            ],
            [
                "SKU-000107B",
                1
            ],
            [
                "SKU-000410B",
                1
            ],
            [
                "SKU-000106B",
                1
            ],
            [
                "SKU-000439C",
                1
            ],
            [
                "SKU-000405B",
                1
            ],
            [
                "SKU-000377B",
                1
            ],
            [
                "SKU-000315D",
                1
            ],
            [
                "SKU-000045C",
                1
            ],
            [
                "SKU-000380A",
                1
            ],
            [
                "SKU-000173D",
                1
            ],
            [
                "SKU-000455D",
                1
            ],
            [
                "SKU-000262A",
                1
            ]
        ],
        "pickTime": "2025-07-11 14:16:15"
    },
    {
        "replenish": true,
        "skus": [
            [
                "SKU-000340A",
                1
            ],
            [
                "SKU-000292B",
                1
            ],
            [
                "SKU-000338D",
                1
            ],
            [
                "SKU-000214D",
                1
            ],
            [
                "SKU-000303A",
                1
            ],
            [
                "SKU-000445A",
                1
            ],
            [
                "SKU-000404C",
                1
            ]
        ],
        "pickTime": "2025-07-11 18:20:42"
    },
    {
        "replenish": true,
        "skus": [
            [
                "SKU-000179D",
                1
            ],
            [
                "SKU-000060C",
                1
            ],
            [
                "SKU-000190D",
                1
            ],
            [
                "SKU-000119C",
                1
            ],
            [
                "SKU-000005D",
                1
            ],
            [
                "SKU-000416B",
                1
            ],
            [
                "SKU-000412B",
                1
            ],
            [
                "SKU-000134C",
                1
            ],
            [
                "SKU-000213C",
                1
            ],
            [
                "SKU-000465B",
                1
            ],
            [
                "SKU-000498D",
                1
            ],
            [
                "SKU-000294C",
                1
            ],
            [
                "SKU-000274D",
                1
            ],
            [
                "SKU-000287A",
                1
            ],
            [
                "SKU-000110D",
                1
            ],
            [
                "SKU-000365D",
                1
            ],
            [
                "SKU-000316D",
                1
            ],
            [
                "SKU-000417C",
                1
            ],
            [
                "SKU-000430A",
                1
            ],
            [
                "SKU-000123C",
                1
            ],
            [
                "SKU-000407B",
                1
            ],
            [
                "SKU-000351A",
                1
            ],
            [
                "SKU-000059B",
                1
            ],
            [
                "SKU-000466B",
                1
            ],
            [
                "SKU-000153D",
                1
            ],
            [
                "SKU-000091B",
                1
            ],
            [
                "SKU-000391A",
                1
            ],
            [
                "SKU-000304C",
                1
            ],
            [
                "SKU-000227B",
                1
            ],
            [
                "SKU-000017D",
                1
            ]
        ],
        "pickTime": "2025-07-12 08:08:07"
    },
    {
        "replenish": true,
        "skus": [
            [
                "SKU-000224B",
                1
            ],
            [
                "SKU-000217C",
                1
            ],
            [
                "SKU-000331C",
                1
            ],
            [
                "SKU-000396A",
                1
            ],
            [
                "SKU-000289C",
                1
            ],
            [
                "SKU-000486D",
                1
            ],
            [
                "SKU-000106B",
                1
            ],
            [
                "SKU-000025A",
                1
            ],
            [
                "SKU-000409B",
                1
            ],
            [
                "SKU-000462A",
                1
            ],
            [
                "SKU-000294C",
                1
            ],
            [
                "SKU-000051B",
                1
            ]
        ],
        "pickTime": "2025-07-12 10:15:29"
    },
    {
        "replenish": true,
        "skus": [
            [
                "SKU-000312D",
                1
            ]
        ],
        "pickTime": "2025-07-12 14:42:40"
    },
    {
        "replenish": true,
        "skus": [
            [
                "SKU-000104B",
                1
            ],
            [
                "SKU-000150D",
                1
            ],
            [
                "SKU-000068D",
                1
            ],
            [
                "SKU-000281A",
                1
            ],
            [
                "SKU-000242A",
                1
            ],
            [
                "SKU-000375B",
                1
            ]
        ],
        "pickTime": "2025-07-12 18:12:57"
    },
    {
        "replenish": true,
        "skus": [
            [
                "SKU-000160D",
                1
            ],
            [
                "SKU-000150D",
                1
            ],
            [
                "SKU-000466B",
                1
            ],
            [
                "SKU-000445B",
                1
            ],
            [
                "SKU-000340A",
                1
            ],
            [
                "SKU-000485D",
                1
            ]
        ],
        "pickTime": "2025-07-12 23:42:56"
    },
    {
        "replenish": true,
        "skus": [
            [
                "SKU-000321A",
                1
            ],
            [
                "SKU-000011B",
                1
            ],
            [
                "SKU-000454D",
                1
            ],
            [
                "SKU-000229D",
                1
            ],
            [
                "SKU-000399B",
                1
            ],
            [
                "SKU-000471A",
                1
            ]
        ],
        "pickTime": "2025-07-13 13:11:05"
    },
    {
        "replenish": true,
        "skus": [
            [
                "SKU-000417A",
                1
            ],
            [
                "SKU-000388B",
                1
            ],
            [
                "SKU-000294B",
                1
            ],
            [
                "SKU-000391B",
                1
            ],
            [
                "SKU-000423D",
                1
            ],
            [
                "SKU-000134B",
                1
            ],
            [
                "SKU-000495A",
                1
            ]
        ],
        "pickTime": "2025-07-13 21:15:00"
    },
    {
        "replenish": true,
        "skus": [
            [
                "SKU-000017D",
                1
            ],
            [
                "SKU-000333B",
                1
            ],
            [
                "SKU-000242A",
                1
            ],
            [
                "SKU-000289C",
                1
            ],
            [
                "SKU-000305A",
                1
            ],
            [
                "SKU-000090D",
                1
            ],
            [
                "SKU-000300D",
                1
            ],
            [
                "SKU-000287A",
                1
            ],
            [
                "SKU-000040C",
                1
            ],
            [
                "SKU-000487B",
                1
            ],
            [
                "SKU-000107A",
                1
            ],
            [
                "SKU-000375A",
                1
            ]
        ],
        "pickTime": "2025-07-15 02:29:31"
    },
    {
        "replenish": true,
        "skus": [
            [
                "SKU-000162B",
                1
            ],
            [
                "SKU-000233C",
                1
            ],
            [
                "SKU-000416B",
                1
            ],
            [
                "SKU-000481A",
                1
            ],
            [
                "SKU-000097B",
                1
            ],
            [
                "SKU-000276B",
                1
            ],
            [
                "SKU-000126A",
                1
            ]
        ],
        "pickTime": "2025-07-15 18:25:26"
    },
    {
        "replenish": true,
        "skus": [
            [
                "SKU-000489D",
                1
            ],
            [
                "SKU-000264D",
                1
            ]
        ],
        "pickTime": "2025-07-16 06:03:58"
    },
    {
        "replenish": true,
        "skus": [
            [
                "SKU-000402C",
                1
            ],
            [
                "SKU-000347D",
                1
            ],
            [
                "SKU-000490B",
                1
            ],
            [
                "SKU-000268A",
                1
            ],
            [
                "SKU-000492C",
                1
            ],
            [
                "SKU-000082A",
                1
            ],
            [
                "SKU-000125A",
                1
            ],
            [
                "SKU-000018A",
                1
            ],
            [
                "SKU-000073D",
                1
            ]
        ],
        "pickTime": "2025-07-16 06:31:59"
    },
    {
        "replenish": true,
        "skus": [
            [
                "SKU-000021D",
                1
            ],
            [
                "SKU-000286A",
                1
            ],
            [
                "SKU-000428B",
                1
            ],
            [
                "SKU-000380D",
                1
            ],
            [
                "SKU-000233B",
                1
            ],
            [
                "SKU-000500C",
                1
            ],
            [
                "SKU-000382B",
                1
            ],
            [
                "SKU-000423C",
                1
            ],
            [
                "SKU-000467D",
                1
            ],
            [
                "SKU-000101B",
                1
            ],
            [
                "SKU-000064D",
                1
            ],
            [
                "SKU-000452D",
                1
            ],
            [
                "SKU-000111D",
                1
            ]
        ],
        "pickTime": "2025-07-16 06:55:00"
    },
    {
        "replenish": true,
        "skus": [
            [
                "SKU-000305A",
                1
            ],
            [
                "SKU-000472A",
                1
            ],
            [
                "SKU-000328A",
                1
            ],
            [
                "SKU-000230D",
                1
            ],
            [
                "SKU-000194B",
                1
            ],
            [
                "SKU-000380D",
                1
            ]
        ],
        "pickTime": "2025-07-16 13:05:51"
    },
    {
        "replenish": false,
        "skus": [
            [
                "SKU-000424A",
                1
            ],
            [
                "SKU-000160D",
                1
            ],
            [
                "SKU-000013A",
                1
            ],
            [
                "SKU-000125A",
                1
            ],
            [
                "SKU-000481D",
                1
            ],
            [
                "SKU-000299D",
                1
            ]
        ],
        "pickTime": "2025-07-16 15:59:37"
    },
    {
        "replenish": false,
        "skus": [
            [
                "SKU-000377B",
                1
            ]
        ],
        "pickTime": "2025-07-16 19:43:49"
    },
    {
        "replenish": false,
        "skus": [
            [
                "SKU-000047A",
                1
            ],
            [
                "SKU-000434A",
                1
            ],
            [
                "SKU-000150D",
                1
            ],
            [
                "SKU-000117B",
                1
            ],
            [
                "SKU-000128B",
                1
            ],
            [
                "SKU-000400D",
                1
            ]
        ],
        "pickTime": "2025-07-17 02:10:34"
    },
    {
        "replenish": false,
        "skus": [
            [
                "SKU-000349B",
                1
            ],
            [
                "SKU-000097A",
                1
            ],
            [
                "SKU-000243A",
                1
            ],
            [
                "SKU-000052C",
                1
            ],
            [
                "SKU-000194B",
                1
            ],
            [
                "SKU-000134C",
                1
            ],
            [
                "SKU-000326A",
                1
            ],
            [
                "SKU-000451B",
                1
            ],
            [
                "SKU-000107B",
                1
            ],
            [
                "SKU-000294B",
                1
            ],
            [
                "SKU-000003D",
                1
            ],
            [
                "SKU-000452C",
                1
            ],
            [
                "SKU-000164C",
                1
            ]
        ],
        "pickTime": "2025-07-17 04:22:30"
    },
    {
        "replenish": false,
        "skus": [
            [
                "SKU-000305A",
                1
            ],
            [
                "SKU-000450D",
                1
            ]
        ],
        "pickTime": "2025-07-17 07:04:07"
    },
    {
        "replenish": false,
        "skus": [
            [
                "SKU-000460C",
                1
            ],
            [
                "SKU-000077C",
                1
            ],
            [
                "SKU-000436D",
                1
            ],
            [
                "SKU-000130B",
                1
            ],
            [
                "SKU-000283C",
                1
            ],
            [
                "SKU-000412B",
                1
            ]
        ],
        "pickTime": "2025-07-17 07:32:08"
    },
    {
        "replenish": false,
        "skus": [
            [
                "SKU-000264D",
                1
            ],
            [
                "SKU-000243D",
                1
            ],
            [
                "SKU-000217D",
                1
            ],
            [
                "SKU-000276B",
                1
            ],
            [
                "SKU-000264D",
                1
            ],
            [
                "SKU-000381B",
                1
            ],
            [
                "SKU-000286A",
                1
            ],
            [
                "SKU-000393C",
                1
            ],
            [
                "SKU-000009C",
                1
            ],
            [
                "SKU-000336C",
                1
            ],
            [
                "SKU-000004B",
                1
            ],
            [
                "SKU-000471A",
                1
            ],
            [
                "SKU-000045A",
                1
            ],
            [
                "SKU-000481A",
                1
            ],
            [
                "SKU-000348C",
                1
            ]
        ],
        "pickTime": "2025-07-17 15:39:09"
    },
    {
        "replenish": false,
        "skus": [
            [
                "SKU-000029B",
                1
            ],
            [
                "SKU-000121D",
                1
            ],
            [
                "SKU-000384D",
                1
            ],
            [
                "SKU-000238C",
                1
            ],
            [
                "SKU-000430C",
                1
            ],
            [
                "SKU-000227A",
                1
            ],
            [
                "SKU-000198D",
                1
            ],
            [
                "SKU-000255B",
                1
            ],
            [
                "SKU-000460C",
                1
            ],
            [
                "SKU-000458B",
                1
            ],
            [
                "SKU-000058C",
                1
            ],
            [
                "SKU-000315A",
                1
            ],
            [
                "SKU-000421A",
                1
            ],
            [
                "SKU-000446B",
                1
            ],
            [
                "SKU-000462C",
                1
            ]
        ],
        "pickTime": "2025-07-17 17:56:24"
    },
    {
        "replenish": false,
        "skus": [
            [
                "SKU-000294B",
                1
            ],
            [
                "SKU-000094B",
                1
            ],
            [
                "SKU-000482C",
                1
            ],
            [
                "SKU-000002A",
                1
            ]
        ],
        "pickTime": "2025-07-17 23:58:53"
    },
    {
        "replenish": false,
        "skus": [
            [
                "SKU-000452B",
                1
            ],
            [
                "SKU-000040B",
                1
            ],
            [
                "SKU-000306D",
                1
            ],
            [
                "SKU-000046C",
                1
            ],
            [
                "SKU-000191A",
                1
            ],
            [
                "SKU-000309C",
                1
            ],
            [
                "SKU-000235D",
                1
            ],
            [
                "SKU-000466C",
                1
            ],
            [
                "SKU-000203A",
                1
            ],
            [
                "SKU-000299D",
                1
            ],
            [
                "SKU-000009C",
                1
            ],
            [
                "SKU-000370C",
                1
            ],
            [
                "SKU-000392B",
                1
            ],
            [
                "SKU-000410B",
                1
            ],
            [
                "SKU-000099A",
                1
            ],
            [
                "SKU-000203A",
                1
            ]
        ],
        "pickTime": "2025-07-18 05:12:22"
    },
    {
        "replenish": false,
        "skus": [
            [
                "SKU-000283C",
                1
            ],
            [
                "SKU-000296C",
                1
            ],
            [
                "SKU-000288B",
                1
            ],
            [
                "SKU-000092A",
                1
            ],
            [
                "SKU-000138D",
                1
            ],
            [
                "SKU-000337A",
                1
            ],
            [
                "SKU-000203A",
                1
            ],
            [
                "SKU-000134C",
                1
            ],
            [
                "SKU-000388B",
                1
            ],
            [
                "SKU-000239D",
                1
            ],
            [
                "SKU-000049B",
                1
            ],
            [
                "SKU-000164A",
                1
            ],
            [
                "SKU-000404C",
                1
            ],
            [
                "SKU-000459A",
                1
            ]
        ],
        "pickTime": "2025-07-18 11:18:53"
    },
    {
        "replenish": false,
        "skus": [
            [
                "SKU-000101D",
                1
            ],
            [
                "SKU-000444C",
                1
            ],
            [
                "SKU-000322A",
                1
            ]
        ],
        "pickTime": "2025-07-19 04:27:43"
    },
    {
        "replenish": false,
        "skus": [
            [
                "SKU-000102A",
                1
            ],
            [
                "SKU-000403A",
                1
            ]
        ],
        "pickTime": "2025-07-19 22:00:15"
    },
    {
        "replenish": false,
        "skus": [
            [
                "SKU-000238D",
                1
            ],
            [
                "SKU-000294B",
                1
            ],
            [
                "SKU-000173D",
                1
            ],
            [
                "SKU-000005D",
                1
            ],
            [
                "SKU-000301B",
                1
            ],
            [
                "SKU-000437A",
                1
            ],
            [
                "SKU-000046C",
                1
            ],
            [
                "SKU-000309C",
                1
            ],
            [
                "SKU-000106A",
                1
            ],
            [
                "SKU-000196C",
                1
            ],
            [
                "SKU-000238C",
                1
            ]
        ],
        "pickTime": "2025-07-20 05:11:11"
    },
    {
        "replenish": false,
        "skus": [
            [
                "SKU-000002A",
                1
            ],
            [
                "SKU-000038B",
                1
            ],
            [
                "SKU-000233D",
                1
            ],
            [
                "SKU-000005A",
                1
            ],
            [
                "SKU-000380A",
                1
            ],
            [
                "SKU-000138A",
                1
            ],
            [
                "SKU-000376C",
                1
            ],
            [
                "SKU-000101B",
                1
            ],
            [
                "SKU-000385A",
                1
            ],
            [
                "SKU-000229B",
                1
            ],
            [
                "SKU-000163B",
                1
            ],
            [
                "SKU-000391B",
                1
            ],
            [
                "SKU-000389D",
                1
            ]
        ],
        "pickTime": "2025-07-20 06:52:46"
    },
    {
        "replenish": false,
        "skus": [
            [
                "SKU-000421A",
                1
            ],
            [
                "SKU-000274C",
                1
            ],
            [
                "SKU-000391B",
                1
            ],
            [
                "SKU-000091B",
                1
            ],
            [
                "SKU-000086B",
                1
            ],
            [
                "SKU-000473B",
                1
            ]
        ],
        "pickTime": "2025-07-22 11:52:29"
    },
    {
        "replenish": false,
        "skus": [
            [
                "SKU-000181D",
                1
            ],
            [
                "SKU-000244C",
                1
            ],
            [
                "SKU-000070C",
                1
            ],
            [
                "SKU-000386D",
                1
            ],
            [
                "SKU-000492C",
                1
            ]
        ],
        "pickTime": "2025-07-23 07:35:22"
    },
    {
        "replenish": false,
        "skus": [
            [
                "SKU-000199A",
                1
            ]
        ],
        "pickTime": "2025-07-23 07:45:36"
    },
    {
        "replenish": false,
        "skus": [
            [
                "SKU-000005C",
                1
            ],
            [
                "SKU-000005D",
                1
            ],
            [
                "SKU-000051D",
                1
            ],
            [
                "SKU-000499D",
                1
            ],
            [
                "SKU-000309C",
                1
            ],
            [
                "SKU-000239A",
                1
            ],
            [
                "SKU-000292B",
                1
            ],
            [
                "SKU-000450D",
                1
            ],
            [
                "SKU-000386C",
                1
            ]
        ],
        "pickTime": "2025-07-23 07:46:44"
    },
    {
        "replenish": false,
        "skus": [
            [
                "SKU-000096D",
                1
            ],
            [
                "SKU-000380B",
                1
            ],
            [
                "SKU-000446B",
                1
            ],
            [
                "SKU-000320B",
                1
            ],
            [
                "SKU-000440A",
                1
            ],
            [
                "SKU-000238D",
                1
            ],
            [
                "SKU-000284D",
                1
            ],
            [
                "SKU-000160B",
                1
            ],
            [
                "SKU-000482B",
                1
            ],
            [
                "SKU-000294D",
                1
            ],
            [
                "SKU-000029D",
                1
            ],
            [
                "SKU-000056D",
                1
            ],
            [
                "SKU-000286A",
                1
            ],
            [
                "SKU-000424C",
                1
            ],
            [
                "SKU-000424C",
                1
            ],
            [
                "SKU-000028D",
                1
            ],
            [
                "SKU-000418B",
                1
            ],
            [
                "SKU-000254D",
                1
            ]
        ],
        "pickTime": "2025-07-23 12:36:38"
    },
    {
        "replenish": false,
        "skus": [
            [
                "SKU-000250C",
                1
            ]
        ],
        "pickTime": "2025-07-24 14:09:09"
    },
    {
        "replenish": false,
        "skus": [
            [
                "SKU-000334C",
                1
            ],
            [
                "SKU-000105D",
                1
            ],
            [
                "SKU-000482B",
                1
            ],
            [
                "SKU-000493C",
                1
            ]
        ],
        "pickTime": "2025-07-25 05:11:26"
    },
    {
        "replenish": false,
        "skus": [
            [
                "SKU-000334C",
                1
            ],
            [
                "SKU-000157D",
                1
            ],
            [
                "SKU-000461B",
                1
            ],
            [
                "SKU-000012A",
                1
            ]
        ],
        "pickTime": "2025-07-25 08:26:16"
    },
    {
        "replenish": false,
        "skus": [
            [
                "SKU-000224B",
                1
            ],
            [
                "SKU-000425C",
                1
            ]
        ],
        "pickTime": "2025-07-25 08:53:44"
    },
    {
        "replenish": false,
        "skus": [
            [
                "SKU-000152A",
                1
            ],
            [
                "SKU-000302A",
                1
            ],
            [
                "SKU-000265C",
                1
            ],
            [
                "SKU-000085B",
                1
            ],
            [
                "SKU-000466C",
                1
            ]
        ],
        "pickTime": "2025-07-25 09:36:52"
    },
    {
        "replenish": false,
        "skus": [
            [
                "SKU-000483B",
                1
            ],
            [
                "SKU-000459A",
                1
            ],
            [
                "SKU-000448D",
                1
            ],
            [
                "SKU-000423A",
                1
            ],
            [
                "SKU-000089B",
                1
            ]
        ],
        "pickTime": "2025-07-25 11:48:15"
    },
    {
        "replenish": false,
        "skus": [
            [
                "SKU-000123C",
                1
            ],
            [
                "SKU-000157C",
                1
            ],
            [
                "SKU-000347D",
                1
            ],
            [
                "SKU-000129C",
                1
            ],
            [
                "SKU-000404C",
                1
            ],
            [
                "SKU-000042D",
                1
            ],
            [
                "SKU-000194B",
                1
            ],
            [
                "SKU-000323C",
                1
            ],
            [
                "SKU-000406A",
                1
            ]
        ],
        "pickTime": "2025-07-25 12:40:28"
    },
    {
        "replenish": false,
        "skus": [
            [
                "SKU-000454C",
                1
            ],
            [
                "SKU-000394D",
                1
            ],
            [
                "SKU-000126A",
                1
            ],
            [
                "SKU-000389D",
                1
            ]
        ],
        "pickTime": "2025-07-26 03:05:07"
    },
    {
        "replenish": false,
        "skus": [
            [
                "SKU-000007A",
                1
            ]
        ],
        "pickTime": "2025-07-26 08:02:07"
    },
    {
        "replenish": false,
        "skus": [
            [
                "SKU-000049B",
                1
            ],
            [
                "SKU-000360A",
                1
            ]
        ],
        "pickTime": "2025-07-26 12:02:27"
    },
    {
        "replenish": false,
        "skus": [
            [
                "SKU-000058C",
                1
            ],
            [
                "SKU-000043B",
                1
            ],
            [
                "SKU-000071C",
                1
            ],
            [
                "SKU-000405B",
                1
            ],
            [
                "SKU-000497C",
                1
            ],
            [
                "SKU-000288B",
                1
            ],
            [
                "SKU-000198B",
                1
            ],
            [
                "SKU-000409D",
                1
            ],
            [
                "SKU-000203A",
                1
            ],
            [
                "SKU-000471D",
                1
            ],
            [
                "SKU-000090D",
                1
            ],
            [
                "SKU-000339C",
                1
            ],
            [
                "SKU-000289C",
                1
            ],
            [
                "SKU-000284A",
                1
            ],
            [
                "SKU-000353D",
                1
            ],
            [
                "SKU-000123D",
                1
            ],
            [
                "SKU-000366C",
                1
            ],
            [
                "SKU-000478C",
                1
            ]
        ],
        "pickTime": "2025-07-26 12:20:49"
    },
    {
        "replenish": false,
        "skus": [
            [
                "SKU-000058C",
                1
            ],
            [
                "SKU-000494D",
                1
            ],
            [
                "SKU-000494D",
                1
            ],
            [
                "SKU-000300D",
                1
            ],
            [
                "SKU-000459A",
                1
            ],
            [
                "SKU-000430C",
                1
            ],
            [
                "SKU-000055B",
                1
            ],
            [
                "SKU-000366B",
                1
            ],
            [
                "SKU-000040B",
                1
            ],
            [
                "SKU-000197B",
                1
            ],
            [
                "SKU-000437D",
                1
            ],
            [
                "SKU-000114D",
                1
            ],
            [
                "SKU-000493C",
                1
            ],
            [
                "SKU-000326A",
                1
            ],
            [
                "SKU-000084D",
                1
            ],
            [
                "SKU-000173D",
                1
            ],
            [
                "SKU-000185D",
                1
            ],
            [
                "SKU-000472B",
                1
            ],
            [
                "SKU-000242A",
                1
            ],
            [
                "SKU-000491C",
                1
            ],
            [
                "SKU-000267A",
                1
            ],
            [
                "SKU-000131C",
                1
            ],
            [
                "SKU-000423D",
                1
            ],
            [
                "SKU-000462C",
                1
            ],
            [
                "SKU-000490B",
                1
            ],
            [
                "SKU-000139C",
                1
            ],
            [
                "SKU-000274D",
                1
            ],
            [
                "SKU-000022C",
                1
            ],
            [
                "SKU-000254D",
                1
            ],
            [
                "SKU-000176A",
                1
            ],
            [
                "SKU-000244C",
                1
            ],
            [
                "SKU-000162C",
                1
            ],
            [
                "SKU-000160D",
                1
            ],
            [
                "SKU-000407B",
                1
            ],
            [
                "SKU-000424C",
                1
            ],
            [
                "SKU-000008A",
                1
            ],
            [
                "SKU-000049B",
                1
            ],
            [
                "SKU-000400C",
                1
            ]
        ],
        "pickTime": "2025-07-26 18:36:15"
    },
    {
        "replenish": false,
        "skus": [
            [
                "SKU-000333B",
                1
            ],
            [
                "SKU-000337A",
                1
            ],
            [
                "SKU-000036A",
                1
            ],
            [
                "SKU-000210D",
                1
            ],
            [
                "SKU-000467A",
                1
            ],
            [
                "SKU-000005A",
                1
            ],
            [
                "SKU-000394D",
                1
            ],
            [
                "SKU-000047A",
                1
            ],
            [
                "SKU-000250C",
                1
            ],
            [
                "SKU-000410B",
                1
            ],
            [
                "SKU-000330B",
                1
            ],
            [
                "SKU-000498C",
                1
            ],
            [
                "SKU-000496A",
                1
            ],
            [
                "SKU-000160B",
                1
            ],
            [
                "SKU-000482C",
                1
            ]
        ],
        "pickTime": "2025-07-27 07:14:06"
    },
    {
        "replenish": false,
        "skus": [
            [
                "SKU-000288B",
                1
            ],
            [
                "SKU-000312A",
                1
            ],
            [
                "SKU-000369A",
                1
            ],
            [
                "SKU-000365A",
                1
            ],
            [
                "SKU-000214A",
                1
            ]
        ],
        "pickTime": "2025-07-27 08:12:48"
    },
    {
        "replenish": false,
        "skus": [
            [
                "SKU-000162B",
                1
            ],
            [
                "SKU-000397A",
                1
            ],
            [
                "SKU-000241A",
                1
            ],
            [
                "SKU-000496D",
                1
            ],
            [
                "SKU-000387D",
                1
            ],
            [
                "SKU-000446B",
                1
            ],
            [
                "SKU-000082A",
                1
            ],
            [
                "SKU-000306C",
                1
            ],
            [
                "SKU-000083B",
                1
            ]
        ],
        "pickTime": "2025-07-27 11:02:58"
    },
    {
        "replenish": false,
        "skus": [
            [
                "SKU-000012A",
                1
            ],
            [
                "SKU-000309C",
                1
            ],
            [
                "SKU-000091B",
                1
            ],
            [
                "SKU-000342C",
                1
            ],
            [
                "SKU-000283C",
                1
            ],
            [
                "SKU-000097B",
                1
            ],
            [
                "SKU-000366B",
                1
            ],
            [
                "SKU-000010C",
                1
            ],
            [
                "SKU-000307A",
                1
            ],
            [
                "SKU-000186C",
                1
            ],
            [
                "SKU-000240B",
                1
            ],
            [
                "SKU-000090B",
                1
            ],
            [
                "SKU-000466C",
                1
            ],
            [
                "SKU-000404C",
                1
            ],
            [
                "SKU-000273C",
                1
            ],
            [
                "SKU-000368B",
                1
            ],
            [
                "SKU-000089B",
                1
            ],
            [
                "SKU-000331C",
                1
            ],
            [
                "SKU-000334C",
                1
            ],
            [
                "SKU-000294B",
                1
            ],
            [
                "SKU-000460A",
                1
            ]
        ],
        "pickTime": "2025-07-27 21:12:58"
    },
    {
        "replenish": false,
        "skus": [
            [
                "SKU-000383D",
                1
            ],
            [
                "SKU-000028D",
                1
            ],
            [
                "SKU-000074B",
                1
            ]
        ],
        "pickTime": "2025-07-28 00:40:31"
    },
    {
        "replenish": false,
        "skus": [
            [
                "SKU-000158C",
                1
            ],
            [
                "SKU-000077A",
                1
            ],
            [
                "SKU-000413C",
                1
            ],
            [
                "SKU-000311A",
                1
            ],
            [
                "SKU-000233D",
                1
            ],
            [
                "SKU-000193C",
                1
            ],
            [
                "SKU-000239A",
                1
            ],
            [
                "SKU-000350B",
                1
            ]
        ],
        "pickTime": "2025-07-28 08:03:45"
    },
    {
        "replenish": false,
        "skus": [
            [
                "SKU-000394B",
                1
            ],
            [
                "SKU-000075A",
                1
            ],
            [
                "SKU-000296D",
                1
            ],
            [
                "SKU-000342C",
                1
            ],
            [
                "SKU-000106B",
                1
            ],
            [
                "SKU-000009C",
                1
            ],
            [
                "SKU-000443B",
                1
            ],
            [
                "SKU-000041B",
                1
            ],
            [
                "SKU-000359B",
                1
            ],
            [
                "SKU-000243A",
                1
            ],
            [
                "SKU-000164A",
                1
            ],
            [
                "SKU-000405B",
                1
            ]
        ],
        "pickTime": "2025-07-28 10:44:29"
    },
    {
        "replenish": false,
        "skus": [
            [
                "SKU-000078B",
                1
            ],
            [
                "SKU-000075C",
                1
            ],
            [
                "SKU-000052C",
                1
            ]
        ],
        "pickTime": "2025-07-28 21:18:03"
    },
    {
        "replenish": false,
        "skus": [
            [
                "SKU-000268D",
                1
            ],
            [
                "SKU-000439D",
                1
            ],
            [
                "SKU-000092A",
                1
            ],
            [
                "SKU-000097B",
                1
            ],
            [
                "SKU-000459A",
                1
            ],
            [
                "SKU-000473B",
                1
            ],
            [
                "SKU-000330D",
                1
            ],
            [
                "SKU-000342C",
                1
            ],
            [
                "SKU-000110D",
                1
            ],
            [
                "SKU-000123C",
                1
            ],
            [
                "SKU-000162B",
                1
            ],
            [
                "SKU-000090D",
                1
            ],
            [
                "SKU-000354A",
                1
            ]
        ],
        "pickTime": "2025-07-28 21:28:32"
    },
    {
        "replenish": false,
        "skus": [
            [
                "SKU-000393C",
                1
            ],
            [
                "SKU-000381B",
                1
            ],
            [
                "SKU-000021D",
                1
            ],
            [
                "SKU-000002D",
                1
            ],
            [
                "SKU-000435A",
                1
            ],
            [
                "SKU-000354A",
                1
            ],
            [
                "SKU-000357D",
                1
            ],
            [
                "SKU-000493C",
                1
            ],
            [
                "SKU-000493C",
                1
            ],
            [
                "SKU-000385A",
                1
            ]
        ],
        "pickTime": "2025-07-29 01:10:58"
    },
    {
        "replenish": false,
        "skus": [
            [
                "SKU-000091B",
                1
            ],
            [
                "SKU-000431C",
                1
            ],
            [
                "SKU-000009C",
                1
            ],
            [
                "SKU-000351A",
                1
            ],
            [
                "SKU-000316D",
                1
            ],
            [
                "SKU-000323C",
                1
            ],
            [
                "SKU-000462C",
                1
            ],
            [
                "SKU-000476B",
                1
            ]
        ],
        "pickTime": "2025-07-29 02:43:52"
    },
    {
        "replenish": false,
        "skus": [
            [
                "SKU-000076A",
                1
            ],
            [
                "SKU-000326B",
                1
            ],
            [
                "SKU-000233C",
                1
            ]
        ],
        "pickTime": "2025-07-29 03:18:12"
    },
    {
        "replenish": false,
        "skus": [
            [
                "SKU-000366B",
                1
            ],
            [
                "SKU-000085B",
                1
            ],
            [
                "SKU-000029C",
                1
            ],
            [
                "SKU-000105D",
                1
            ],
            [
                "SKU-000281A",
                1
            ],
            [
                "SKU-000125A",
                1
            ],
            [
                "SKU-000065C",
                1
            ]
        ],
        "pickTime": "2025-07-29 04:19:23"
    },
    {
        "replenish": false,
        "skus": [
            [
                "SKU-000252D",
                1
            ],
            [
                "SKU-000305D",
                1
            ],
            [
                "SKU-000346A",
                1
            ],
            [
                "SKU-000110D",
                1
            ],
            [
                "SKU-000228D",
                1
            ],
            [
                "SKU-000087B",
                1
            ],
            [
                "SKU-000485B",
                1
            ],
            [
                "SKU-000099A",
                1
            ],
            [
                "SKU-000336C",
                1
            ],
            [
                "SKU-000446B",
                1
            ],
            [
                "SKU-000296A",
                1
            ],
            [
                "SKU-000044A",
                1
            ],
            [
                "SKU-000153B",
                1
            ],
            [
                "SKU-000239C",
                1
            ],
            [
                "SKU-000470C",
                1
            ],
            [
                "SKU-000047A",
                1
            ]
        ],
        "pickTime": "2025-07-29 05:41:04"
    },
    {
        "replenish": false,
        "skus": [
            [
                "SKU-000224D",
                1
            ]
        ],
        "pickTime": "2025-07-29 09:28:25"
    },
    {
        "replenish": false,
        "skus": [
            [
                "SKU-000383D",
                1
            ],
            [
                "SKU-000481A",
                1
            ],
            [
                "SKU-000473C",
                1
            ],
            [
                "SKU-000462B",
                1
            ]
        ],
        "pickTime": "2025-07-29 11:24:40"
    },
    {
        "replenish": false,
        "skus": [
            [
                "SKU-000153A",
                1
            ],
            [
                "SKU-000030A",
                1
            ],
            [
                "SKU-000052C",
                1
            ],
            [
                "SKU-000351A",
                1
            ],
            [
                "SKU-000098A",
                1
            ],
            [
                "SKU-000451C",
                1
            ],
            [
                "SKU-000385A",
                1
            ],
            [
                "SKU-000349A",
                1
            ],
            [
                "SKU-000280A",
                1
            ],
            [
                "SKU-000099B",
                1
            ],
            [
                "SKU-000179B",
                1
            ]
        ],
        "pickTime": "2025-07-30 06:46:20"
    },
    {
        "replenish": false,
        "skus": [
            [
                "SKU-000267A",
                1
            ],
            [
                "SKU-000150C",
                1
            ],
            [
                "SKU-000002D",
                1
            ],
            [
                "SKU-000377B",
                1
            ],
            [
                "SKU-000350A",
                1
            ],
            [
                "SKU-000298C",
                1
            ],
            [
                "SKU-000471D",
                1
            ]
        ],
        "pickTime": "2025-07-30 18:40:29"
    }
]