[
    {
        "replenish": true,
        "skus": [
            [
                "SKU-000079C",
                1
            ],
            [
                "SKU-000074D",
                1
            ],
            [
                "SKU-000036C",
                1
            ]
        ],
        "pickTime": "2025-07-01 07:51:23"
    },
    {
        "replenish": true,
        "skus": [
            [
                "SKU-000093A",
                1
            ],
            [
                "SKU-000364C",
                1
            ],
            [
                "SKU-000310D",
                1
            ],
            [
                "SKU-000467C",
                1
            ],
            [
                "SKU-000040C",
                1
            ],
            [
                "SKU-000077C",
                1
            ],
            [
                "SKU-000061C",
                1
            ]
        ],
        "pickTime": "2025-07-01 11:24:44"
    },
    {
        "replenish": true,
        "skus": [
            [
                "SKU-000313B",
                1
            ],
            [
                "SKU-000072A",
                1
            ],
            [
                "SKU-000136C",
                1
            ]
        ],
        "pickTime": "2025-07-01 19:29:02"
    },
    {
        "replenish": true,
        "skus": [
            [
                "SKU-000500C",
                1
            ],
            [
                "SKU-000215B",
                1
            ],
            [
                "SKU-000217D",
                1
            ]
        ],
        "pickTime": "2025-07-01 21:51:00"
    },
    {
        "replenish": true,
        "skus": [
            [
                "SKU-000345C",
                1
            ],
            [
                "SKU-000262B",
                1
            ]
        ],
        "pickTime": "2025-07-01 22:45:29"
    },
    {
        "replenish": true,
        "skus": [
            [
                "SKU-000194A",
                1
            ],
            [
                "SKU-000345C",
                1
            ],
            [
                "SKU-000294D",
                1
            ],
            [
                "SKU-000024A",
                1
            ],
            [
                "SKU-000313B",
                1
            ]
        ],
        "pickTime": "2025-07-02 02:33:34"
    },
    {
        "replenish": true,
        "skus": [
            [
                "SKU-000217C",
                1
            ],
            [
                "SKU-000093B",
                1
            ],
            [
                "SKU-000052D",
                1
            ],
            [
                "SKU-000305B",
                1
            ],
            [
                "SKU-000091D",
                1
            ]
        ],
        "pickTime": "2025-07-02 05:04:18"
    },
    {
        "replenish": true,
        "skus": [
            [
                "SKU-000318B",
                1
            ],
            [
                "SKU-000413B",
                1
            ],
            [
                "SKU-000376B",
                1
            ]
        ],
        "pickTime": "2025-07-02 06:09:08"
    },
    {
        "replenish": true,
        "skus": [
            [
                "SKU-000116B",
                1
            ],
            [
                "SKU-000384B",
                1
            ],
            [
                "SKU-000336B",
                1
            ],
            [
                "SKU-000281A",
                1
            ],
            [
                "SKU-000437C",
                1
            ],
            [
                "SKU-000417D",
                1
            ],
            [
                "SKU-000311B",
                1
            ],
            [
                "SKU-000225A",
                1
            ]
        ],
        "pickTime": "2025-07-02 08:31:42"
    },
    {
        "replenish": true,
        "skus": [
            [
                "SKU-000352C",
                1
            ],
            [
                "SKU-000194D",
                1
            ],
            [
                "SKU-000375A",
                1
            ],
            [
                "SKU-000018A",
                1
            ]
        ],
        "pickTime": "2025-07-02 12:48:39"
    },
    {
        "replenish": true,
        "skus": [
            [
                "SKU-000232D",
                1
            ]
        ],
        "pickTime": "2025-07-02 20:39:10"
    },
    {
        "replenish": true,
        "skus": [
            [
                "SKU-000169D",
                1
            ]
        ],
        "pickTime": "2025-07-02 21:30:55"
    },
    {
        "replenish": true,
        "skus": [
            [
                "SKU-000032D",
                1
            ],
            [
                "SKU-000222A",
                1
            ],
            [
                "SKU-000016C",
                1
            ],
            [
                "SKU-000336B",
                1
            ],
            [
                "SKU-000321C",
                1
            ],
            [
                "SKU-000027C",
                1
            ]
        ],
        "pickTime": "2025-07-02 22:26:48"
    },
    {
        "replenish": true,
        "skus": [
            [
                "SKU-000050B",
                1
            ],
            [
                "SKU-000324D",
                1
            ],
            [
                "SKU-000158D",
                1
            ]
        ],
        "pickTime": "2025-07-02 23:26:36"
    },
    {
        "replenish": true,
        "skus": [
            [
                "SKU-000416D",
                1
            ],
            [
                "SKU-000367C",
                1
            ],
            [
                "SKU-000208D",
                1
            ],
            [
                "SKU-000084C",
                1
            ],
            [
                "SKU-000329C",
                1
            ],
            [
                "SKU-000318C",
                1
            ],
            [
                "SKU-000396B",
                1
            ]
        ],
        "pickTime": "2025-07-02 23:43:42"
    },
    {
        "replenish": true,
        "skus": [
            [
                "SKU-000434A",
                1
            ],
            [
                "SKU-000240B",
                1
            ],
            [
                "SKU-000214C",
                1
            ],
            [
                "SKU-000111D",
                1
            ],
            [
                "SKU-000194D",
                1
            ],
            [
                "SKU-000185C",
                1
            ],
            [
                "SKU-000425D",
                1
            ]
        ],
        "pickTime": "2025-07-03 22:54:26"
    },
    {
        "replenish": true,
        "skus": [
            [
                "SKU-000201C",
                1
            ],
            [
                "SKU-000139A",
                1
            ],
            [
                "SKU-000303A",
                1
            ],
            [
                "SKU-000023B",
                1
            ],
            [
                "SKU-000472D",
                1
            ],
            [
                "SKU-000206C",
                1
            ],
            [
                "SKU-000407A",
                1
            ],
            [
                "SKU-000185C",
                1
            ],
            [
                "SKU-000070B",
                1
            ],
            [
                "SKU-000412C",
                1
            ],
            [
                "SKU-000269D",
                1
            ],
            [
                "SKU-000082A",
                1
            ],
            [
                "SKU-000282B",
                1
            ],
            [
                "SKU-000299C",
                1
            ],
            [
                "SKU-000208C",
                1
            ],
            [
                "SKU-000257C",
                1
            ]
        ],
        "pickTime": "2025-07-04 00:25:14"
    },
    {
        "replenish": true,
        "skus": [
            [
                "SKU-000419D",
                1
            ],
            [
                "SKU-000107A",
                1
            ],
            [
                "SKU-000039A",
                1
            ],
            [
                "SKU-000106B",
                1
            ],
            [
                "SKU-000284A",
                1
            ],
            [
                "SKU-000319A",
                1
            ],
            [
                "SKU-000147B",
                1
            ],
            [
                "SKU-000421A",
                1
            ],
            [
                "SKU-000225D",
                1
            ],
            [
                "SKU-000184A",
                1
            ],
            [
                "SKU-000305C",
                1
            ],
            [
                "SKU-000123A",
                1
            ],
            [
                "SKU-000099D",
                1
            ],
            [
                "SKU-000203B",
                1
            ],
            [
                "SKU-000081D",
                1
            ],
            [
                "SKU-000307D",
                1
            ]
        ],
        "pickTime": "2025-07-04 11:38:37"
    },
    {
        "replenish": true,
        "skus": [
            [
                "SKU-000322C",
                1
            ],
            [
                "SKU-000244C",
                1
            ],
            [
                "SKU-000202A",
                1
            ],
            [
                "SKU-000074D",
                1
            ],
            [
                "SKU-000114D",
                1
            ],
            [
                "SKU-000186C",
                1
            ]
        ],
        "pickTime": "2025-07-04 12:01:23"
    },
    {
        "replenish": true,
        "skus": [
            [
                "SKU-000163B",
                1
            ]
        ],
        "pickTime": "2025-07-04 12:13:16"
    },
    {
        "replenish": true,
        "skus": [
            [
                "SKU-000200A",
                1
            ],
            [
                "SKU-000184C",
                1
            ],
            [
                "SKU-000054D",
                1
            ],
            [
                "SKU-000412C",
                1
            ],
            [
                "SKU-000366A",
                1
            ]
        ],
        "pickTime": "2025-07-04 16:56:54"
    },
    {
        "replenish": true,
        "skus": [
            [
                "SKU-000161D",
                1
            ],
            [
                "SKU-000436B",
                1
            ],
            [
                "SKU-000037C",
                1
            ],
            [
                "SKU-000211B",
                1
            ],
            [
                "SKU-000194D",
                1
            ],
            [
                "SKU-000088C",
                1
            ],
            [
                "SKU-000500B",
                1
            ],
            [
                "SKU-000406D",
                1
            ],
            [
                "SKU-000300A",
                1
            ]
        ],
        "pickTime": "2025-07-05 02:25:56"
    },
    {
        "replenish": true,
        "skus": [
            [
                "SKU-000035D",
                1
            ],
            [
                "SKU-000095B",
                1
            ],
            [
                "SKU-000084A",
                1
            ],
            [
                "SKU-000270C",
                1
            ],
            [
                "SKU-000080A",
                1
            ],
            [
                "SKU-000499B",
                1
            ],
            [
                "SKU-000208A",
                1
            ]
        ],
        "pickTime": "2025-07-05 12:41:26"
    },
    {
        "replenish": true,
        "skus": [
            [
                "SKU-000461B",
                1
            ],
            [
                "SKU-000376C",
                1
            ],
            [
                "SKU-000410D",
                1
            ],
            [
                "SKU-000126A",
                1
            ],
            [
                "SKU-000499C",
                1
            ]
        ],
        "pickTime": "2025-07-05 14:16:39"
    },
    {
        "replenish": true,
        "skus": [
            [
                "SKU-000300D",
                1
            ]
        ],
        "pickTime": "2025-07-05 20:49:58"
    },
    {
        "replenish": true,
        "skus": [
            [
                "SKU-000435C",
                1
            ],
            [
                "SKU-000184D",
                1
            ],
            [
                "SKU-000416C",
                1
            ],
            [
                "SKU-000460B",
                1
            ],
            [
                "SKU-000131D",
                1
            ],
            [
                "SKU-000030B",
                1
            ],
            [
                "SKU-000308D",
                1
            ],
            [
                "SKU-000131A",
                1
            ],
            [
                "SKU-000467C",
                1
            ],
            [
                "SKU-000398D",
                1
            ],
            [
                "SKU-000223B",
                1
            ],
            [
                "SKU-000291D",
                1
            ],
            [
                "SKU-000269B",
                1
            ],
            [
                "SKU-000125A",
                1
            ],
            [
                "SKU-000313C",
                1
            ],
            [
                "SKU-000183D",
                1
            ]
        ],
        "pickTime": "2025-07-06 02:15:14"
    },
    {
        "replenish": true,
        "skus": [
            [
                "SKU-000043D",
                1
            ]
        ],
        "pickTime": "2025-07-06 17:36:56"
    },
    {
        "replenish": true,
        "skus": [
            [
                "SKU-000238A",
                1
            ],
            [
                "SKU-000295B",
                1
            ],
            [
                "SKU-000259B",
                1
            ],
            [
                "SKU-000490B",
                1
            ],
            [
                "SKU-000392D",
                1
            ],
            [
                "SKU-000399A",
                1
            ],
            [
                "SKU-000500C",
                1
            ],
            [
                "SKU-000425B",
                1
            ],
            [
                "SKU-000047D",
                1
            ],
            [
                "SKU-000415A",
                1
            ],
            [
                "SKU-000471A",
                1
            ],
            [
                "SKU-000317B",
                1
            ],
            [
                "SKU-000287B",
                1
            ],
            [
                "SKU-000053B",
                1
            ]
        ],
        "pickTime": "2025-07-06 23:42:25"
    },
    {
        "replenish": true,
        "skus": [
            [
                "SKU-000182D",
                1
            ],
            [
                "SKU-000038D",
                1
            ],
            [
                "SKU-000098B",
                1
            ],
            [
                "SKU-000180C",
                1
            ],
            [
                "SKU-000074D",
                1
            ]
        ],
        "pickTime": "2025-07-07 00:24:15"
    },
    {
        "replenish": true,
        "skus": [
            [
                "SKU-000178C",
                1
            ],
            [
                "SKU-000255A",
                1
            ],
            [
                "SKU-000291C",
                1
            ]
        ],
        "pickTime": "2025-07-07 01:30:35"
    },
    {
        "replenish": true,
        "skus": [
            [
                "SKU-000331C",
                1
            ],
            [
                "SKU-000269B",
                1
            ],
            [
                "SKU-000428B",
                1
            ],
            [
                "SKU-000339C",
                1
            ],
            [
                "SKU-000001D",
                1
            ],
            [
                "SKU-000241D",
                1
            ],
            [
                "SKU-000095B",
                1
            ],
            [
                "SKU-000081A",
                1
            ],
            [
                "SKU-000328A",
                1
            ],
            [
                "SKU-000019A",
                1
            ],
            [
                "SKU-000175C",
                1
            ],
            [
                "SKU-000311B",
                1
            ],
            [
                "SKU-000217D",
                1
            ],
            [
                "SKU-000048D",
                1
            ],
            [
                "SKU-000095D",
                1
            ],
            [
                "SKU-000291B",
                1
            ],
            [
                "SKU-000022C",
                1
            ],
            [
                "SKU-000295B",
                1
            ],
            [
                "SKU-000484C",
                1
            ],
            [
                "SKU-000266D",
                1
            ],
            [
                "SKU-000139A",
                1
            ]
        ],
        "pickTime": "2025-07-07 01:46:01"
    },
    {
        "replenish": true,
        "skus": [
            [
                "SKU-000018B",
                1
            ],
            [
                "SKU-000369B",
                1
            ],
            [
                "SKU-000131D",
                1
            ],
            [
                "SKU-000015A",
                1
            ],
            [
                "SKU-000045B",
                1
            ],
            [
                "SKU-000330C",
                1
            ],
            [
                "SKU-000074D",
                1
            ],
            [
                "SKU-000284C",
                1
            ],
            [
                "SKU-000442D",
                1
            ],
            [
                "SKU-000041D",
                1
            ],
            [
                "SKU-000032D",
                1
            ],
            [
                "SKU-000190D",
                1
            ],
            [
                "SKU-000401D",
                1
            ]
        ],
        "pickTime": "2025-07-07 06:44:57"
    },
    {
        "replenish": true,
        "skus": [
            [
                "SKU-000500C",
                1
            ],
            [
                "SKU-000287A",
                1
            ]
        ],
        "pickTime": "2025-07-07 09:56:38"
    },
    {
        "replenish": true,
        "skus": [
            [
                "SKU-000469A",
                1
            ],
            [
                "SKU-000375A",
                1
            ],
            [
                "SKU-000150C",
                1
            ],
            [
                "SKU-000131A",
                1
            ],
            [
                "SKU-000082B",
                1
            ],
            [
                "SKU-000086B",
                1
            ],
            [
                "SKU-000335C",
                1
            ],
            [
                "SKU-000380C",
                1
            ],
            [
                "SKU-000027C",
                1
            ],
            [
                "SKU-000418A",
                1
            ],
            [
                "SKU-000366A",
                1
            ],
            [
                "SKU-000469B",
                1
            ]
        ],
        "pickTime": "2025-07-08 01:02:41"
    },
    {
        "replenish": true,
        "skus": [
            [
                "SKU-000416C",
                1
            ],
            [
                "SKU-000364D",
                1
            ],
            [
                "SKU-000425D",
                1
            ],
            [
                "SKU-000194D",
                1
            ],
            [
                "SKU-000049A",
                1
            ],
            [
                "SKU-000229A",
                1
            ],
            [
                "SKU-000376D",
                1
            ],
            [
                "SKU-000474C",
                1
            ],
            [
                "SKU-000053B",
                1
            ],
            [
                "SKU-000246D",
                1
            ],
            [
                "SKU-000145C",
                1
            ],
            [
                "SKU-000500B",
                1
            ],
            [
                "SKU-000183B",
                1
            ],
            [
                "SKU-000460B",
                1
            ],
            [
                "SKU-000073B",
                1
            ],
            [
                "SKU-000425B",
                1
            ],
            [
                "SKU-000074C",
                1
            ]
        ],
        "pickTime": "2025-07-08 03:21:37"
    },
    {
        "replenish": true,
        "skus": [
            [
                "SKU-000442B",
                1
            ],
            [
                "SKU-000266A",
                1
            ],
            [
                "SKU-000471B",
                1
            ],
            [
                "SKU-000340C",
                1
            ],
            [
                "SKU-000476B",
                1
            ],
            [
                "SKU-000139C",
                1
            ],
            [
                "SKU-000153B",
                1
            ]
        ],
        "pickTime": "2025-07-08 05:06:38"
    },
    {
        "replenish": true,
        "skus": [
            [
                "SKU-000235C",
                1
            ],
            [
                "SKU-000243A",
                1
            ],
            [
                "SKU-000384D",
                1
            ],
            [
                "SKU-000346A",
                1
            ],
            [
                "SKU-000446C",
                1
            ],
            [
                "SKU-000034A",
                1
            ],
            [
                "SKU-000247A",
                1
            ],
            [
                "SKU-000255C",
                1
            ],
            [
                "SKU-000494B",
                1
            ],
            [
                "SKU-000041D",
                1
            ],
            [
                "SKU-000013A",
                1
            ],
            [
                "SKU-000160C",
                1
            ]
        ],
        "pickTime": "2025-07-08 11:25:52"
    },
    {
        "replenish": true,
        "skus": [
            [
                "SKU-000206C",
                1
            ]
        ],
        "pickTime": "2025-07-08 18:42:29"
    },
    {
        "replenish": true,
        "skus": [
            [
                "SKU-000471B",
                1
            ],
            [
                "SKU-000281B",
                1
            ],
            [
                "SKU-000062B",
                1
            ],
            [
                "SKU-000100C",
                1
            ],
            [
                "SKU-000500C",
                1
            ],
            [
                "SKU-000289A",
                1
            ]
        ],
        "pickTime": "2025-07-08 22:13:08"
    },
    {
        "replenish": true,
        "skus": [
            [
                "SKU-000191B",
                1
            ],
            [
                "SKU-000138D",
                1
            ],
            [
                "SKU-000216D",
                1
            ],
            [
                "SKU-000500B",
                1
            ],
            [
                "SKU-000464C",
                1
            ],
            [
                "SKU-000375A",
                1
            ],
            [
                "SKU-000161D",
                1
            ],
            [
                "SKU-000270D",
                1
            ],
            [
                "SKU-000346B",
                1
            ],
            [
                "SKU-000305C",
                1
            ],
            [
                "SKU-000363A",
                1
            ],
            [
                "SKU-000277D",
                1
            ]
        ],
        "pickTime": "2025-07-09 02:12:44"
    },
    {
        "replenish": true,
        "skus": [
            [
                "SKU-000056B",
                1
            ],
            [
                "SKU-000372D",
                1
            ],
            [
                "SKU-000022C",
                1
            ],
            [
                "SKU-000086B",
                1
            ],
            [
                "SKU-000143B",
                1
            ],
            [
                "SKU-000196D",
                1
            ]
        ],
        "pickTime": "2025-07-09 07:52:48"
    },
    {
        "replenish": true,
        "skus": [
            [
                "SKU-000131C",
                1
            ],
            [
                "SKU-000051B",
                1
            ],
            [
                "SKU-000449B",
                1
            ],
            [
                "SKU-000329C",
                1
            ],
            [
                "SKU-000006B",
                1
            ],
            [
                "SKU-000268C",
                1
            ],
            [
                "SKU-000300C",
                1
            ]
        ],
        "pickTime": "2025-07-09 16:55:38"
    },
    {
        "replenish": true,
        "skus": [
            [
                "SKU-000179A",
                1
            ],
            [
                "SKU-000085C",
                1
            ],
            [
                "SKU-000287D",
                1
            ]
        ],
        "pickTime": "2025-07-09 17:22:43"
    },
    {
        "replenish": true,
        "skus": [
            [
                "SKU-000154D",
                1
            ],
            [
                "SKU-000489C",
                1
            ],
            [
                "SKU-000226B",
                1
            ]
        ],
        "pickTime": "2025-07-09 20:45:33"
    },
    {
        "replenish": true,
        "skus": [
            [
                "SKU-000280D",
                1
            ],
            [
                "SKU-000498D",
                1
            ],
            [
                "SKU-000179A",
                1
            ],
            [
                "SKU-000005D",
                1
            ],
            [
                "SKU-000088A",
                1
            ],
            [
                "SKU-000018D",
                1
            ],
            [
                "SKU-000474C",
                1
            ],
            [
                "SKU-000067B",
                1
            ],
            [
                "SKU-000277B",
                1
            ]
        ],
        "pickTime": "2025-07-10 03:04:58"
    },
    {
        "replenish": true,
        "skus": [
            [
                "SKU-000417B",
                1
            ],
            [
                "SKU-000022B",
                1
            ],
            [
                "SKU-000273C",
                1
            ],
            [
                "SKU-000362C",
                1
            ],
            [
                "SKU-000416D",
                1
            ],
            [
                "SKU-000123B",
                1
            ],
            [
                "SKU-000457C",
                1
            ],
            [
                "SKU-000442A",
                1
            ],
            [
                "SKU-000394A",
                1
            ],
            [
                "SKU-000045C",
                1
            ],
            [
                "SKU-000088C",
                1
            ],
            [
                "SKU-000079A",
                1
            ],
            [
                "SKU-000219C",
                1
            ],
            [
                "SKU-000401D",
                1
            ],
            [
                "SKU-000412B",
                1
            ],
            [
                "SKU-000255D",
                1
            ],
            [
                "SKU-000175A",
                1
            ],
            [
                "SKU-000416D",
                1
            ],
            [
                "SKU-000460B",
                1
            ],
            [
                "SKU-000131D",
                1
            ],
            [
                "SKU-000055D",
                1
            ],
            [
                "SKU-000346B",
                1
            ],
            [
                "SKU-000277B",
                1
            ],
            [
                "SKU-000342C",
                1
            ],
            [
                "SKU-000074A",
                1
            ]
        ],
        "pickTime": "2025-07-10 08:32:40"
    },
    {
        "replenish": true,
        "skus": [
            [
                "SKU-000085C",
                1
            ],
            [
                "SKU-000291D",
                1
            ],
            [
                "SKU-000066A",
                1
            ],
            [
                "SKU-000224D",
                1
            ],
            [
                "SKU-000191B",
                1
            ],
            [
                "SKU-000184C",
                1
            ],
            [
                "SKU-000484B",
                1
            ],
            [
                "SKU-000111D",
                1
            ],
            [
                "SKU-000399A",
                1
            ]
        ],
        "pickTime": "2025-07-10 14:32:18"
    },
    {
        "replenish": true,
        "skus": [
            [
                "SKU-000359B",
                1
            ],
            [
                "SKU-000453A",
                1
            ],
            [
                "SKU-000217D",
                1
            ],
            [
                "SKU-000211A",
                1
            ],
            [
                "SKU-000227D",
                1
            ],
            [
                "SKU-000287B",
                1
            ]
        ],
        "pickTime": "2025-07-10 15:57:14"
    },
    {
        "replenish": true,
        "skus": [
            [
                "SKU-000196D",
                1
            ],
            [
                "SKU-000121A",
                1
            ],
            [
                "SKU-000490A",
                1
            ],
            [
                "SKU-000456B",
                1
            ],
            [
                "SKU-000305D",
                1
            ],
            [
                "SKU-000075C",
                1
            ],
            [
                "SKU-000255D",
                1
            ]
        ],
        "pickTime": "2025-07-10 16:58:26"
    },
    {
        "replenish": true,
        "skus": [
            [
                "SKU-000370C",
                1
            ]
        ],
        "pickTime": "2025-07-10 20:35:25"
    },
    {
        "replenish": false,
        "skus": [
            [
                "SKU-000422A",
                1
            ],
            [
                "SKU-000221C",
                1
            ],
            [
                "SKU-000214B",
                1
            ],
            [
                "SKU-000305D",
                1
            ],
            [
                "SKU-000437D",
                1
            ],
            [
                "SKU-000033A",
                1
            ],
            [
                "SKU-000072B",
                1
            ],
            [
                "SKU-000427C",
                1
            ],
            [
                "SKU-000421A",
                1
            ]
        ],
        "pickTime": "2025-07-11 07:05:18"
    },
    {
        "replenish": false,
        "skus": [
            [
                "SKU-000407A",
                1
            ],
            [
                "SKU-000341A",
                1
            ],
            [
                "SKU-000073B",
                1
            ],
            [
                "SKU-000253D",
                1
            ],
            [
                "SKU-000032D",
                1
            ],
            [
                "SKU-000053D",
                1
            ],
            [
                "SKU-000352C",
                1
            ],
            [
                "SKU-000473B",
                1
            ],
            [
                "SKU-000164D",
                1
            ],
            [
                "SKU-000242D",
                1
            ],
            [
                "SKU-000049A",
                1
            ]
        ],
        "pickTime": "2025-07-11 15:41:01"
    },
    {
        "replenish": false,
        "skus": [
            [
                "SKU-000182D",
                1
            ]
        ],
        "pickTime": "2025-07-12 01:11:57"
    },
    {
        "replenish": false,
        "skus": [
            [
                "SKU-000151D",
                1
            ],
            [
                "SKU-000126D",
                1
            ],
            [
                "SKU-000144C",
                1
            ],
            [
                "SKU-000274D",
                1
            ],
            [
                "SKU-000435C",
                1
            ],
            [
                "SKU-000352C",
                1
            ],
            [
                "SKU-000145B",
                1
            ],
            [
                "SKU-000146D",
                1
            ]
        ],
        "pickTime": "2025-07-12 19:55:40"
    },
    {
        "replenish": false,
        "skus": [
            [
                "SKU-000376C",
                1
            ],
            [
                "SKU-000025D",
                1
            ]
        ],
        "pickTime": "2025-07-12 20:06:39"
    },
    {
        "replenish": false,
        "skus": [
            [
                "SKU-000343C",
                1
            ],
            [
                "SKU-000098D",
                1
            ],
            [
                "SKU-000352C",
                1
            ],
            [
                "SKU-000074C",
                1
            ]
        ],
        "pickTime": "2025-07-13 05:55:04"
    },
    {
        "replenish": false,
        "skus": [
            [
                "SKU-000370C",
                1
            ],
            [
                "SKU-000365D",
                1
            ],
            [
                "SKU-000499B",
                1
            ],
            [
                "SKU-000390D",
                1
            ],
            [
                "SKU-000494B",
                1
            ],
            [
                "SKU-000474A",
                1
            ],
            [
                "SKU-000485C",
                1
            ],
            [
                "SKU-000039A",
                1
            ],
            [
                "SKU-000348D",
                1
            ],
            [
                "SKU-000127D",
                1
            ]
        ],
        "pickTime": "2025-07-13 07:48:32"
    },
    {
        "replenish": false,
        "skus": [
            [
                "SKU-000376A",
                1
            ]
        ],
        "pickTime": "2025-07-13 11:19:38"
    },
    {
        "replenish": false,
        "skus": [
            [
                "SKU-000191D",
                1
            ],
            [
                "SKU-000449B",
                1
            ],
            [
                "SKU-000018D",
                1
            ],
            [
                "SKU-000128A",
                1
            ],
            [
                "SKU-000314B",
                1
            ],
            [
                "SKU-000175B",
                1
            ],
            [
                "SKU-000036C",
                1
            ]
        ],
        "pickTime": "2025-07-13 12:59:34"
    },
    {
        "replenish": false,
        "skus": [
            [
                "SKU-000434C",
                1
            ],
            [
                "SKU-000165B",
                1
            ],
            [
                "SKU-000401A",
                1
            ]
        ],
        "pickTime": "2025-07-15 12:29:31"
    },
    {
        "replenish": false,
        "skus": [
            [
                "SKU-000398D",
                1
            ],
            [
                "SKU-000015A",
                1
            ],
            [
                "SKU-000140D",
                1
            ],
            [
                "SKU-000209B",
                1
            ],
            [
                "SKU-000094A",
                1
            ],
            [
                "SKU-000339C",
                1
            ],
            [
                "SKU-000283C",
                1
            ],
            [
                "SKU-000461A",
                1
            ],
            [
                "SKU-000375A",
                1
            ],
            [
                "SKU-000002D",
                1
            ],
            [
                "SKU-000489B",
                1
            ],
            [
                "SKU-000300A",
                1
            ],
            [
                "SKU-000307B",
                1
            ]
        ],
        "pickTime": "2025-07-16 01:28:56"
    },
    {
        "replenish": false,
        "skus": [
            [
                "SKU-000474C",
                1
            ],
            [
                "SKU-000067C",
                1
            ],
            [
                "SKU-000222A",
                1
            ],
            [
                "SKU-000256D",
                1
            ],
            [
                "SKU-000048C",
                1
            ],
            [
                "SKU-000471B",
                1
            ]
        ],
        "pickTime": "2025-07-16 15:32:04"
    },
    {
        "replenish": false,
        "skus": [
            [
                "SKU-000443B",
                1
            ],
            [
                "SKU-000002B",
                1
            ],
            [
                "SKU-000052D",
                1
            ],
            [
                "SKU-000469A",
                1
            ],
            [
                "SKU-000500C",
                1
            ]
        ],
        "pickTime": "2025-07-17 00:08:00"
    },
    {
        "replenish": false,
        "skus": [
            [
                "SKU-000035B",
                1
            ],
            [
                "SKU-000116D",
                1
            ],
            [
                "SKU-000114B",
                1
            ]
        ],
        "pickTime": "2025-07-17 01:13:34"
    },
    {
        "replenish": false,
        "skus": [
            [
                "SKU-000392B",
                1
            ],
            [
                "SKU-000246D",
                1
            ],
            [
                "SKU-000431C",
                1
            ]
        ],
        "pickTime": "2025-07-17 14:18:25"
    },
    {
        "replenish": false,
        "skus": [
            [
                "SKU-000077C",
                1
            ],
            [
                "SKU-000258C",
                1
            ],
            [
                "SKU-000429B",
                1
            ],
            [
                "SKU-000258D",
                1
            ],
            [
                "SKU-000224C",
                1
            ]
        ],
        "pickTime": "2025-07-17 23:39:16"
    },
    {
        "replenish": false,
        "skus": [
            [
                "SKU-000288A",
                1
            ]
        ],
        "pickTime": "2025-07-18 21:37:20"
    },
    {
        "replenish": false,
        "skus": [
            [
                "SKU-000376A",
                1
            ],
            [
                "SKU-000471B",
                1
            ]
        ],
        "pickTime": "2025-07-19 09:01:21"
    },
    {
        "replenish": false,
        "skus": [
            [
                "SKU-000161D",
                1
            ],
            [
                "SKU-000166A",
                1
            ],
            [
                "SKU-000076A",
                1
            ],
            [
                "SKU-000322C",
                1
            ],
            [
                "SKU-000489D",
                1
            ],
            [
                "SKU-000167C",
                1
            ],
            [
                "SKU-000030D",
                1
            ],
            [
                "SKU-000089B",
                1
            ],
            [
                "SKU-000353D",
                1
            ]
        ],
        "pickTime": "2025-07-19 23:34:55"
    },
    {
        "replenish": false,
        "skus": [
            [
                "SKU-000165C",
                1
            ],
            [
                "SKU-000372D",
                1
            ],
            [
                "SKU-000107D",
                1
            ],
            [
                "SKU-000203D",
                1
            ],
            [
                "SKU-000203D",
                1
            ]
        ],
        "pickTime": "2025-07-19 23:42:49"
    },
    {
        "replenish": false,
        "skus": [
            [
                "SKU-000387A",
                1
            ],
            [
                "SKU-000214B",
                1
            ],
            [
                "SKU-000322B",
                1
            ],
            [
                "SKU-000486D",
                1
            ],
            [
                "SKU-000269B",
                1
            ]
        ],
        "pickTime": "2025-07-20 21:11:40"
    },
    {
        "replenish": false,
        "skus": [
            [
                "SKU-000382A",
                1
            ],
            [
                "SKU-000074D",
                1
            ],
            [
                "SKU-000208A",
                1
            ],
            [
                "SKU-000317C",
                1
            ],
            [
                "SKU-000355B",
                1
            ],
            [
                "SKU-000287B",
                1
            ],
            [
                "SKU-000247A",
                1
            ],
            [
                "SKU-000131A",
                1
            ]
        ],
        "pickTime": "2025-07-21 03:16:10"
    },
    {
        "replenish": false,
        "skus": [
            [
                "SKU-000027C",
                1
            ]
        ],
        "pickTime": "2025-07-21 06:54:13"
    },
    {
        "replenish": false,
        "skus": [
            [
                "SKU-000065D",
                1
            ]
        ],
        "pickTime": "2025-07-21 22:41:53"
    },
    {
        "replenish": false,
        "skus": [
            [
                "SKU-000440A",
                1
            ],
            [
                "SKU-000445C",
                1
            ],
            [
                "SKU-000049A",
                1
            ],
            [
                "SKU-000206C",
                1
            ],
            [
                "SKU-000044C",
                1
            ]
        ],
        "pickTime": "2025-07-22 11:20:31"
    },
    {
        "replenish": false,
        "skus": [
            [
                "SKU-000287A",
                1
            ],
            [
                "SKU-000185C",
                1
            ],
            [
                "SKU-000295B",
                1
            ],
            [
                "SKU-000047D",
                1
            ]
        ],
        "pickTime": "2025-07-22 14:55:53"
    },
    {
        "replenish": false,
        "skus": [
            [
                "SKU-000092B",
                1
            ]
        ],
        "pickTime": "2025-07-22 23:03:42"
    },
    {
        "replenish": false,
        "skus": [
            [
                "SKU-000311D",
                1
            ],
            [
                "SKU-000325B",
                1
            ],
            [
                "SKU-000248C",
                1
            ],
            [
                "SKU-000107D",
                1
            ],
            [
                "SKU-000489B",
                1
            ],
            [
                "SKU-000434A",
                1
            ],
            [
                "SKU-000291C",
                1
            ],
            [
                "SKU-000073D",
                1
            ]
        ],
        "pickTime": "2025-07-23 09:02:57"
    },
    {
        "replenish": false,
        "skus": [
            [
                "SKU-000309A",
                1
            ],
            [
                "SKU-000441B",
                1
            ],
            [
                "SKU-000474A",
                1
            ]
        ],
        "pickTime": "2025-07-23 10:27:47"
    },
    {
        "replenish": false,
        "skus": [
            [
                "SKU-000486D",
                1
            ]
        ],
        "pickTime": "2025-07-23 15:20:08"
    },
    {
        "replenish": false,
        "skus": [
            [
                "SKU-000381B",
                1
            ]
        ],
        "pickTime": "2025-07-23 21:34:01"
    },
    {
        "replenish": false,
        "skus": [
            [
                "SKU-000373D",
                1
            ],
            [
                "SKU-000238A",
                1
            ],
            [
                "SKU-000147B",
                1
            ]
        ],
        "pickTime": "2025-07-24 04:07:30"
    },
    {
        "replenish": false,
        "skus": [
            [
                "SKU-000216C",
                1
            ],
            [
                "SKU-000181C",
                1
            ],
            [
                "SKU-000390D",
                1
            ],
            [
                "SKU-000355D",
                1
            ]
        ],
        "pickTime": "2025-07-24 05:23:33"
    },
    {
        "replenish": false,
        "skus": [
            [
                "SKU-000284C",
                1
            ]
        ],
        "pickTime": "2025-07-24 12:23:17"
    },
    {
        "replenish": false,
        "skus": [
            [
                "SKU-000018D",
                1
            ],
            [
                "SKU-000186C",
                1
            ],
            [
                "SKU-000281A",
                1
            ],
            [
                "SKU-000165D",
                1
            ],
            [
                "SKU-000347C",
                1
            ],
            [
                "SKU-000184C",
                1
            ]
        ],
        "pickTime": "2025-07-24 14:26:30"
    },
    {
        "replenish": false,
        "skus": [
            [
                "SKU-000486D",
                1
            ],
            [
                "SKU-000064B",
                1
            ],
            [
                "SKU-000360B",
                1
            ]
        ],
        "pickTime": "2025-07-26 04:52:17"
    },
    {
        "replenish": false,
        "skus": [
            [
                "SKU-000100C",
                1
            ],
            [
                "SKU-000169C",
                1
            ],
            [
                "SKU-000443D",
                1
            ]
        ],
        "pickTime": "2025-07-26 08:34:20"
    },
    {
        "replenish": false,
        "skus": [
            [
                "SKU-000155D",
                1
            ],
            [
                "SKU-000388A",
                1
            ],
            [
                "SKU-000293C",
                1
            ]
        ],
        "pickTime": "2025-07-26 08:58:07"
    },
    {
        "replenish": false,
        "skus": [
            [
                "SKU-000197D",
                1
            ],
            [
                "SKU-000467C",
                1
            ],
            [
                "SKU-000088A",
                1
            ],
            [
                "SKU-000114B",
                1
            ],
            [
                "SKU-000499C",
                1
            ]
        ],
        "pickTime": "2025-07-26 22:50:10"
    },
    {
        "replenish": false,
        "skus": [
            [
                "SKU-000080A",
                1
            ],
            [
                "SKU-000437D",
                1
            ],
            [
                "SKU-000150C",
                1
            ]
        ],
        "pickTime": "2025-07-27 00:52:09"
    },
    {
        "replenish": false,
        "skus": [
            [
                "SKU-000159C",
                1
            ],
            [
                "SKU-000005D",
                1
            ]
        ],
        "pickTime": "2025-07-27 02:52:42"
    },
    {
        "replenish": false,
        "skus": [
            [
                "SKU-000043D",
                1
            ],
            [
                "SKU-000467C",
                1
            ],
            [
                "SKU-000257D",
                1
            ]
        ],
        "pickTime": "2025-07-27 06:55:50"
    },
    {
        "replenish": false,
        "skus": [
            [
                "SKU-000329C",
                1
            ],
            [
                "SKU-000018B",
                1
            ]
        ],
        "pickTime": "2025-07-27 13:47:13"
    },
    {
        "replenish": false,
        "skus": [
            [
                "SKU-000321A",
                1
            ],
            [
                "SKU-000342C",
                1
            ],
            [
                "SKU-000486D",
                1
            ],
            [
                "SKU-000407B",
                1
            ],
            [
                "SKU-000070B",
                1
            ]
        ],
        "pickTime": "2025-07-27 13:59:22"
    },
    {
        "replenish": false,
        "skus": [
            [
                "SKU-000392B",
                1
            ],
            [
                "SKU-000005B",
                1
            ],
            [
                "SKU-000478C",
                1
            ]
        ],
        "pickTime": "2025-07-28 06:01:21"
    },
    {
        "replenish": false,
        "skus": [
            [
                "SKU-000478A",
                1
            ],
            [
                "SKU-000434A",
                1
            ],
            [
                "SKU-000031A",
                1
            ],
            [
                "SKU-000214B",
                1
            ],
            [
                "SKU-000486A",
                1
            ],
            [
                "SKU-000372D",
                1
            ]
        ],
        "pickTime": "2025-07-28 06:14:51"
    },
    {
        "replenish": false,
        "skus": [
            [
                "SKU-000440C",
                1
            ],
            [
                "SKU-000184A",
                1
            ],
            [
                "SKU-000464C",
                1
            ],
            [
                "SKU-000500C",
                1
            ],
            [
                "SKU-000461B",
                1
            ]
        ],
        "pickTime": "2025-07-28 14:26:39"
    },
    {
        "replenish": false,
        "skus": [
            [
                "SKU-000500C",
                1
            ]
        ],
        "pickTime": "2025-07-29 02:39:58"
    },
    {
        "replenish": false,
        "skus": [
            [
                "SKU-000233C",
                1
            ],
            [
                "SKU-000295A",
                1
            ],
            [
                "SKU-000487C",
                1
            ],
            [
                "SKU-000099D",
                1
            ]
        ],
        "pickTime": "2025-07-29 05:31:13"
    },
    {
        "replenish": false,
        "skus": [
            [
                "SKU-000054D",
                1
            ],
            [
                "SKU-000282B",
                1
            ],
            [
                "SKU-000209B",
                1
            ]
        ],
        "pickTime": "2025-07-30 00:27:24"
    }
]