[
    {
        "replenish": true,
        "skus": [
            [
                "SKU-000021C",
                1
            ],
            [
                "SKU-000327B",
                1
            ],
            [
                "SKU-000331C",
                1
            ],
            [
                "SKU-000256A",
                1
            ],
            [
                "SKU-000190C",
                1
            ],
            [
                "SKU-000422C",
                1
            ],
            [
                "SKU-000368C",
                1
            ]
        ],
        "pickTime": "2025-07-01 08:23:00"
    },
    {
        "replenish": true,
        "skus": [
            [
                "SKU-000424A",
                1
            ]
        ],
        "pickTime": "2025-07-01 15:45:19"
    },
    {
        "replenish": true,
        "skus": [
            [
                "SKU-000028B",
                1
            ],
            [
                "SKU-000224C",
                1
            ],
            [
                "SKU-000227D",
                1
            ],
            [
                "SKU-000010D",
                1
            ],
            [
                "SKU-000018B",
                1
            ],
            [
                "SKU-000064B",
                1
            ],
            [
                "SKU-000313A",
                1
            ],
            [
                "SKU-000391C",
                1
            ],
            [
                "SKU-000432C",
                1
            ],
            [
                "SKU-000049B",
                1
            ],
            [
                "SKU-000495A",
                1
            ],
            [
                "SKU-000487B",
                1
            ],
            [
                "SKU-000252D",
                1
            ],
            [
                "SKU-000451B",
                1
            ],
            [
                "SKU-000278A",
                1
            ],
            [
                "SKU-000327B",
                1
            ],
            [
                "SKU-000409C",
                1
            ]
        ],
        "pickTime": "2025-07-02 16:29:08"
    },
    {
        "replenish": true,
        "skus": [
            [
                "SKU-000023B",
                1
            ],
            [
                "SKU-000027C",
                1
            ],
            [
                "SKU-000443C",
                1
            ]
        ],
        "pickTime": "2025-07-02 18:31:37"
    },
    {
        "replenish": true,
        "skus": [
            [
                "SKU-000102D",
                1
            ],
            [
                "SKU-000336B",
                1
            ],
            [
                "SKU-000200D",
                1
            ],
            [
                "SKU-000259C",
                1
            ],
            [
                "SKU-000252C",
                1
            ],
            [
                "SKU-000276B",
                1
            ],
            [
                "SKU-000075A",
                1
            ],
            [
                "SKU-000121A",
                1
            ],
            [
                "SKU-000490B",
                1
            ],
            [
                "SKU-000346D",
                1
            ],
            [
                "SKU-000359C",
                1
            ]
        ],
        "pickTime": "2025-07-03 05:52:33"
    },
    {
        "replenish": true,
        "skus": [
            [
                "SKU-000087D",
                1
            ],
            [
                "SKU-000346D",
                1
            ],
            [
                "SKU-000129C",
                1
            ],
            [
                "SKU-000396A",
                1
            ],
            [
                "SKU-000100A",
                1
            ],
            [
                "SKU-000007B",
                1
            ],
            [
                "SKU-000235A",
                1
            ],
            [
                "SKU-000493A",
                1
            ],
            [
                "SKU-000074D",
                1
            ],
            [
                "SKU-000475A",
                1
            ],
            [
                "SKU-000015D",
                1
            ],
            [
                "SKU-000480B",
                1
            ],
            [
                "SKU-000151D",
                1
            ],
            [
                "SKU-000416D",
                1
            ],
            [
                "SKU-000176C",
                1
            ],
            [
                "SKU-000297B",
                1
            ],
            [
                "SKU-000337A",
                1
            ],
            [
                "SKU-000469A",
                1
            ],
            [
                "SKU-000114C",
                1
            ],
            [
                "SKU-000484C",
                1
            ],
            [
                "SKU-000322D",
                1
            ],
            [
                "SKU-000084D",
                1
            ],
            [
                "SKU-000129D",
                1
            ],
            [
                "SKU-000023B",
                1
            ],
            [
                "SKU-000376A",
                1
            ],
            [
                "SKU-000460B",
                1
            ],
            [
                "SKU-000464A",
                1
            ],
            [
                "SKU-000361D",
                1
            ],
            [
                "SKU-000141A",
                1
            ]
        ],
        "pickTime": "2025-07-04 01:47:00"
    },
    {
        "replenish": true,
        "skus": [
            [
                "SKU-000195D",
                1
            ],
            [
                "SKU-000314D",
                1
            ],
            [
                "SKU-000012C",
                1
            ],
            [
                "SKU-000479D",
                1
            ],
            [
                "SKU-000091A",
                1
            ],
            [
                "SKU-000077B",
                1
            ],
            [
                "SKU-000216A",
                1
            ],
            [
                "SKU-000100A",
                1
            ],
            [
                "SKU-000387D",
                1
            ],
            [
                "SKU-000405C",
                1
            ],
            [
                "SKU-000221D",
                1
            ],
            [
                "SKU-000188A",
                1
            ],
            [
                "SKU-000118D",
                1
            ],
            [
                "SKU-000206C",
                1
            ],
            [
                "SKU-000387D",
                1
            ],
            [
                "SKU-000473B",
                1
            ],
            [
                "SKU-000065C",
                1
            ],
            [
                "SKU-000185A",
                1
            ],
            [
                "SKU-000105A",
                1
            ],
            [
                "SKU-000238A",
                1
            ]
        ],
        "pickTime": "2025-07-04 11:07:13"
    },
    {
        "replenish": true,
        "skus": [
            [
                "SKU-000052A",
                1
            ],
            [
                "SKU-000063A",
                1
            ]
        ],
        "pickTime": "2025-07-04 17:08:25"
    },
    {
        "replenish": true,
        "skus": [
            [
                "SKU-000059C",
                1
            ],
            [
                "SKU-000071A",
                1
            ],
            [
                "SKU-000238D",
                1
            ],
            [
                "SKU-000469B",
                1
            ],
            [
                "SKU-000457B",
                1
            ],
            [
                "SKU-000120C",
                1
            ],
            [
                "SKU-000319B",
                1
            ],
            [
                "SKU-000246B",
                1
            ],
            [
                "SKU-000161D",
                1
            ]
        ],
        "pickTime": "2025-07-04 23:15:31"
    },
    {
        "replenish": true,
        "skus": [
            [
                "SKU-000270B",
                1
            ],
            [
                "SKU-000187B",
                1
            ],
            [
                "SKU-000444D",
                1
            ],
            [
                "SKU-000467D",
                1
            ],
            [
                "SKU-000054D",
                1
            ],
            [
                "SKU-000219B",
                1
            ],
            [
                "SKU-000463A",
                1
            ]
        ],
        "pickTime": "2025-07-05 06:58:21"
    },
    {
        "replenish": true,
        "skus": [
            [
                "SKU-000399B",
                1
            ],
            [
                "SKU-000126B",
                1
            ]
        ],
        "pickTime": "2025-07-05 13:48:43"
    },
    {
        "replenish": true,
        "skus": [
            [
                "SKU-000263B",
                1
            ],
            [
                "SKU-000466B",
                1
            ],
            [
                "SKU-000391C",
                1
            ],
            [
                "SKU-000417B",
                1
            ],
            [
                "SKU-000200A",
                1
            ],
            [
                "SKU-000319A",
                1
            ],
            [
                "SKU-000408D",
                1
            ],
            [
                "SKU-000239C",
                1
            ],
            [
                "SKU-000151B",
                1
            ],
            [
                "SKU-000170C",
                1
            ],
            [
                "SKU-000330B",
                1
            ],
            [
                "SKU-000443D",
                1
            ],
            [
                "SKU-000183D",
                1
            ],
            [
                "SKU-000090D",
                1
            ],
            [
                "SKU-000273B",
                1
            ],
            [
                "SKU-000291D",
                1
            ],
            [
                "SKU-000033B",
                1
            ],
            [
                "SKU-000331C",
                1
            ],
            [
                "SKU-000165D",
                1
            ],
            [
                "SKU-000381B",
                1
            ],
            [
                "SKU-000017D",
                1
            ],
            [
                "SKU-000214A",
                1
            ],
            [
                "SKU-000348C",
                1
            ],
            [
                "SKU-000266A",
                1
            ]
        ],
        "pickTime": "2025-07-06 12:02:49"
    },
    {
        "replenish": true,
        "skus": [
            [
                "SKU-000417C",
                1
            ],
            [
                "SKU-000007D",
                1
            ],
            [
                "SKU-000387A",
                1
            ],
            [
                "SKU-000009C",
                1
            ]
        ],
        "pickTime": "2025-07-06 13:18:34"
    },
    {
        "replenish": true,
        "skus": [
            [
                "SKU-000487D",
                1
            ],
            [
                "SKU-000235A",
                1
            ],
            [
                "SKU-000462C",
                1
            ],
            [
                "SKU-000416B",
                1
            ],
            [
                "SKU-000291D",
                1
            ],
            [
                "SKU-000495C",
                1
            ],
            [
                "SKU-000099D",
                1
            ],
            [
                "SKU-000322D",
                1
            ],
            [
                "SKU-000167C",
                1
            ],
            [
                "SKU-000491A",
                1
            ],
            [
                "SKU-000318A",
                1
            ],
            [
                "SKU-000243B",
                1
            ],
            [
                "SKU-000186D",
                1
            ],
            [
                "SKU-000343C",
                1
            ],
            [
                "SKU-000275B",
                1
            ],
            [
                "SKU-000300C",
                1
            ],
            [
                "SKU-000075D",
                1
            ],
            [
                "SKU-000362A",
                1
            ],
            [
                "SKU-000375A",
                1
            ],
            [
                "SKU-000018A",
                1
            ],
            [
                "SKU-000228C",
                1
            ],
            [
                "SKU-000091A",
                1
            ],
            [
                "SKU-000203C",
                1
            ],
            [
                "SKU-000293D",
                1
            ]
        ],
        "pickTime": "2025-07-07 00:23:10"
    },
    {
        "replenish": true,
        "skus": [
            [
                "SKU-000187C",
                1
            ],
            [
                "SKU-000422A",
                1
            ],
            [
                "SKU-000164B",
                1
            ],
            [
                "SKU-000440C",
                1
            ]
        ],
        "pickTime": "2025-07-07 09:33:05"
    },
    {
        "replenish": true,
        "skus": [
            [
                "SKU-000228C",
                1
            ],
            [
                "SKU-000331C",
                1
            ],
            [
                "SKU-000113C",
                1
            ],
            [
                "SKU-000441B",
                1
            ],
            [
                "SKU-000362B",
                1
            ],
            [
                "SKU-000033B",
                1
            ],
            [
                "SKU-000370C",
                1
            ],
            [
                "SKU-000437B",
                1
            ],
            [
                "SKU-000067B",
                1
            ],
            [
                "SKU-000155D",
                1
            ],
            [
                "SKU-000018A",
                1
            ],
            [
                "SKU-000399A",
                1
            ],
            [
                "SKU-000400C",
                1
            ],
            [
                "SKU-000215D",
                1
            ],
            [
                "SKU-000050B",
                1
            ]
        ],
        "pickTime": "2025-07-07 15:42:56"
    },
    {
        "replenish": true,
        "skus": [
            [
                "SKU-000399A",
                1
            ]
        ],
        "pickTime": "2025-07-07 16:34:04"
    },
    {
        "replenish": true,
        "skus": [
            [
                "SKU-000091A",
                1
            ]
        ],
        "pickTime": "2025-07-07 18:37:28"
    },
    {
        "replenish": true,
        "skus": [
            [
                "SKU-000081A",
                1
            ],
            [
                "SKU-000219A",
                1
            ],
            [
                "SKU-000002C",
                1
            ],
            [
                "SKU-000164B",
                1
            ],
            [
                "SKU-000473B",
                1
            ],
            [
                "SKU-000376B",
                1
            ],
            [
                "SKU-000067D",
                1
            ],
            [
                "SKU-000045B",
                1
            ],
            [
                "SKU-000075A",
                1
            ],
            [
                "SKU-000457C",
                1
            ],
            [
                "SKU-000425B",
                1
            ],
            [
                "SKU-000480B",
                1
            ]
        ],
        "pickTime": "2025-07-08 10:37:06"
    },
    {
        "replenish": true,
        "skus": [
            [
                "SKU-000127B",
                1
            ],
            [
                "SKU-000069A",
                1
            ],
            [
                "SKU-000423D",
                1
            ],
            [
                "SKU-000096C",
                1
            ],
            [
                "SKU-000383A",
                1
            ],
            [
                "SKU-000376A",
                1
            ],
            [
                "SKU-000186D",
                1
            ],
            [
                "SKU-000256B",
                1
            ],
            [
                "SKU-000467C",
                1
            ]
        ],
        "pickTime": "2025-07-08 10:40:47"
    },
    {
        "replenish": true,
        "skus": [
            [
                "SKU-000396A",
                1
            ]
        ],
        "pickTime": "2025-07-08 19:29:09"
    },
    {
        "replenish": true,
        "skus": [
            [
                "SKU-000027C",
                1
            ],
            [
                "SKU-000265D",
                1
            ],
            [
                "SKU-000174B",
                1
            ],
            [
                "SKU-000018B",
                1
            ],
            [
                "SKU-000241D",
                1
            ]
        ],
        "pickTime": "2025-07-09 00:25:23"
    },
    {
        "replenish": true,
        "skus": [
            [
                "SKU-000379A",
                1
            ],
            [
                "SKU-000486A",
                1
            ],
            [
                "SKU-000050A",
                1
            ],
            [
                "SKU-000182B",
                1
            ],
            [
                "SKU-000323A",
                1
            ],
            [
                "SKU-000237A",
                1
            ]
        ],
        "pickTime": "2025-07-10 02:12:16"
    },
    {
        "replenish": true,
        "skus": [
            [
                "SKU-000150C",
                1
            ],
            [
                "SKU-000435C",
                1
            ],
            [
                "SKU-000083D",
                1
            ],
            [
                "SKU-000172D",
                1
            ],
            [
                "SKU-000400C",
                1
            ],
            [
                "SKU-000223B",
                1
            ],
            [
                "SKU-000224C",
                1
            ],
            [
                "SKU-000479B",
                1
            ],
            [
                "SKU-000311A",
                1
            ]
        ],
        "pickTime": "2025-07-10 02:39:44"
    },
    {
        "replenish": true,
        "skus": [
            [
                "SKU-000161D",
                1
            ],
            [
                "SKU-000391C",
                1
            ]
        ],
        "pickTime": "2025-07-10 05:46:03"
    },
    {
        "replenish": true,
        "skus": [
            [
                "SKU-000387B",
                1
            ],
            [
                "SKU-000160A",
                1
            ],
            [
                "SKU-000082D",
                1
            ],
            [
                "SKU-000291D",
                1
            ],
            [
                "SKU-000291D",
                1
            ],
            [
                "SKU-000296C",
                1
            ]
        ],
        "pickTime": "2025-07-10 09:34:57"
    },
    {
        "replenish": true,
        "skus": [
            [
                "SKU-000050D",
                1
            ],
            [
                "SKU-000459A",
                1
            ],
            [
                "SKU-000475D",
                1
            ],
            [
                "SKU-000311A",
                1
            ]
        ],
        "pickTime": "2025-07-11 03:58:05"
    },
    {
        "replenish": true,
        "skus": [
            [
                "SKU-000203B",
                1
            ]
        ],
        "pickTime": "2025-07-11 13:50:21"
    },
    {
        "replenish": true,
        "skus": [
            [
                "SKU-000254C",
                1
            ],
            [
                "SKU-000317C",
                1
            ],
            [
                "SKU-000131C",
                1
            ],
            [
                "SKU-000232A",
                1
            ],
            [
                "SKU-000410A",
                1
            ],
            [
                "SKU-000360B",
                1
            ]
        ],
        "pickTime": "2025-07-11 15:33:44"
    },
    {
        "replenish": true,
        "skus": [
            [
                "SKU-000120C",
                1
            ],
            [
                "SKU-000297C",
                1
            ]
        ],
        "pickTime": "2025-07-12 05:11:10"
    },
    {
        "replenish": true,
        "skus": [
            [
                "SKU-000129D",
                1
            ]
        ],
        "pickTime": "2025-07-12 08:27:59"
    },
    {
        "replenish": true,
        "skus": [
            [
                "SKU-000490B",
                1
            ],
            [
                "SKU-000214A",
                1
            ],
            [
                "SKU-000296C",
                1
            ],
            [
                "SKU-000060A",
                1
            ],
            [
                "SKU-000194A",
                1
            ],
            [
                "SKU-000137A",
                1
            ],
            [
                "SKU-000160A",
                1
            ],
            [
                "SKU-000489B",
                1
            ],
            [
                "SKU-000103A",
                1
            ],
            [
                "SKU-000232B",
                1
            ],
            [
                "SKU-000034B",
                1
            ],
            [
                "SKU-000402D",
                1
            ],
            [
                "SKU-000291D",
                1
            ]
        ],
        "pickTime": "2025-07-12 10:21:01"
    },
    {
        "replenish": true,
        "skus": [
            [
                "SKU-000042C",
                1
            ],
            [
                "SKU-000492B",
                1
            ],
            [
                "SKU-000392A",
                1
            ]
        ],
        "pickTime": "2025-07-12 16:25:40"
    },
    {
        "replenish": true,
        "skus": [
            [
                "SKU-000493D",
                1
            ],
            [
                "SKU-000086A",
                1
            ],
            [
                "SKU-000215B",
                1
            ],
            [
                "SKU-000461C",
                1
            ]
        ],
        "pickTime": "2025-07-12 19:15:12"
    },
    {
        "replenish": true,
        "skus": [
            [
                "SKU-000425D",
                1
            ],
            [
                "SKU-000022D",
                1
            ],
            [
                "SKU-000371B",
                1
            ],
            [
                "SKU-000069A",
                1
            ],
            [
                "SKU-000186B",
                1
            ],
            [
                "SKU-000205A",
                1
            ]
        ],
        "pickTime": "2025-07-12 20:28:16"
    },
    {
        "replenish": true,
        "skus": [
            [
                "SKU-000033B",
                1
            ],
            [
                "SKU-000417B",
                1
            ],
            [
                "SKU-000098B",
                1
            ],
            [
                "SKU-000330B",
                1
            ]
        ],
        "pickTime": "2025-07-12 23:10:20"
    },
    {
        "replenish": true,
        "skus": [
            [
                "SKU-000374C",
                1
            ],
            [
                "SKU-000224C",
                1
            ],
            [
                "SKU-000255A",
                1
            ],
            [
                "SKU-000193B",
                1
            ],
            [
                "SKU-000186D",
                1
            ],
            [
                "SKU-000084C",
                1
            ],
            [
                "SKU-000186A",
                1
            ],
            [
                "SKU-000261A",
                1
            ],
            [
                "SKU-000116A",
                1
            ],
            [
                "SKU-000441A",
                1
            ],
            [
                "SKU-000335C",
                1
            ],
            [
                "SKU-000348D",
                1
            ],
            [
                "SKU-000344B",
                1
            ],
            [
                "SKU-000296B",
                1
            ],
            [
                "SKU-000177C",
                1
            ],
            [
                "SKU-000321C",
                1
            ],
            [
                "SKU-000033A",
                1
            ],
            [
                "SKU-000091C",
                1
            ],
            [
                "SKU-000127D",
                1
            ],
            [
                "SKU-000088A",
                1
            ],
            [
                "SKU-000302A",
                1
            ],
            [
                "SKU-000200C",
                1
            ],
            [
                "SKU-000105A",
                1
            ],
            [
                "SKU-000404C",
                1
            ],
            [
                "SKU-000315B",
                1
            ],
            [
                "SKU-000032C",
                1
            ],
            [
                "SKU-000291C",
                1
            ],
            [
                "SKU-000072B",
                1
            ],
            [
                "SKU-000466C",
                1
            ],
            [
                "SKU-000232A",
                1
            ],
            [
                "SKU-000409A",
                1
            ],
            [
                "SKU-000160A",
                1
            ],
            [
                "SKU-000212D",
                1
            ],
            [
                "SKU-000296C",
                1
            ],
            [
                "SKU-000257A",
                1
            ],
            [
                "SKU-000149B",
                1
            ],
            [
                "SKU-000336D",
                1
            ],
            [
                "SKU-000012C",
                1
            ],
            [
                "SKU-000432C",
                1
            ],
            [
                "SKU-000480B",
                1
            ],
            [
                "SKU-000029C",
                1
            ],
            [
                "SKU-000273B",
                1
            ],
            [
                "SKU-000007D",
                1
            ],
            [
                "SKU-000184D",
                1
            ],
            [
                "SKU-000269D",
                1
            ]
        ],
        "pickTime": "2025-07-13 03:24:19"
    },
    {
        "replenish": true,
        "skus": [
            [
                "SKU-000160A",
                1
            ],
            [
                "SKU-000435D",
                1
            ],
            [
                "SKU-000475D",
                1
            ],
            [
                "SKU-000093C",
                1
            ],
            [
                "SKU-000327B",
                1
            ],
            [
                "SKU-000493D",
                1
            ],
            [
                "SKU-000002C",
                1
            ],
            [
                "SKU-000063D",
                1
            ],
            [
                "SKU-000129C",
                1
            ],
            [
                "SKU-000369C",
                1
            ],
            [
                "SKU-000146D",
                1
            ],
            [
                "SKU-000221D",
                1
            ],
            [
                "SKU-000360B",
                1
            ],
            [
                "SKU-000476D",
                1
            ],
            [
                "SKU-000234B",
                1
            ],
            [
                "SKU-000194A",
                1
            ],
            [
                "SKU-000034A",
                1
            ],
            [
                "SKU-000054D",
                1
            ],
            [
                "SKU-000343A",
                1
            ],
            [
                "SKU-000159C",
                1
            ],
            [
                "SKU-000464A",
                1
            ],
            [
                "SKU-000475D",
                1
            ],
            [
                "SKU-000075A",
                1
            ],
            [
                "SKU-000028A",
                1
            ],
            [
                "SKU-000212D",
                1
            ],
            [
                "SKU-000344B",
                1
            ],
            [
                "SKU-000489D",
                1
            ],
            [
                "SKU-000376B",
                1
            ],
            [
                "SKU-000052D",
                1
            ],
            [
                "SKU-000316B",
                1
            ],
            [
                "SKU-000308B",
                1
            ],
            [
                "SKU-000029A",
                1
            ],
            [
                "SKU-000109A",
                1
            ],
            [
                "SKU-000023B",
                1
            ],
            [
                "SKU-000341D",
                1
            ],
            [
                "SKU-000403D",
                1
            ]
        ],
        "pickTime": "2025-07-13 04:51:04"
    },
    {
        "replenish": true,
        "skus": [
            [
                "SKU-000398A",
                1
            ],
            [
                "SKU-000194A",
                1
            ],
            [
                "SKU-000241A",
                1
            ],
            [
                "SKU-000015B",
                1
            ],
            [
                "SKU-000077D",
                1
            ],
            [
                "SKU-000052C",
                1
            ],
            [
                "SKU-000359C",
                1
            ],
            [
                "SKU-000316A",
                1
            ],
            [
                "SKU-000235A",
                1
            ],
            [
                "SKU-000341A",
                1
            ]
        ],
        "pickTime": "2025-07-13 11:25:54"
    },
    {
        "replenish": true,
        "skus": [
            [
                "SKU-000145C",
                1
            ],
            [
                "SKU-000392A",
                1
            ]
        ],
        "pickTime": "2025-07-14 03:14:26"
    },
    {
        "replenish": true,
        "skus": [
            [
                "SKU-000400B",
                1
            ],
            [
                "SKU-000169D",
                1
            ],
            [
                "SKU-000302A",
                1
            ],
            [
                "SKU-000463A",
                1
            ],
            [
                "SKU-000075A",
                1
            ]
        ],
        "pickTime": "2025-07-14 06:01:23"
    },
    {
        "replenish": true,
        "skus": [
            [
                "SKU-000341A",
                1
            ],
            [
                "SKU-000467A",
                1
            ],
            [
                "SKU-000463A",
                1
            ]
        ],
        "pickTime": "2025-07-14 14:37:46"
    },
    {
        "replenish": true,
        "skus": [
            [
                "SKU-000443C",
                1
            ],
            [
                "SKU-000151D",
                1
            ],
            [
                "SKU-000376D",
                1
            ],
            [
                "SKU-000216B",
                1
            ],
            [
                "SKU-000002A",
                1
            ],
            [
                "SKU-000425A",
                1
            ],
            [
                "SKU-000031B",
                1
            ],
            [
                "SKU-000240D",
                1
            ],
            [
                "SKU-000337A",
                1
            ],
            [
                "SKU-000292D",
                1
            ],
            [
                "SKU-000420C",
                1
            ],
            [
                "SKU-000017D",
                1
            ],
            [
                "SKU-000369C",
                1
            ],
            [
                "SKU-000463A",
                1
            ],
            [
                "SKU-000226D",
                1
            ],
            [
                "SKU-000436B",
                1
            ],
            [
                "SKU-000483A",
                1
            ],
            [
                "SKU-000091C",
                1
            ],
            [
                "SKU-000007B",
                1
            ],
            [
                "SKU-000263A",
                1
            ],
            [
                "SKU-000055C",
                1
            ],
            [
                "SKU-000361D",
                1
            ],
            [
                "SKU-000473B",
                1
            ],
            [
                "SKU-000040C",
                1
            ],
            [
                "SKU-000128C",
                1
            ],
            [
                "SKU-000443C",
                1
            ],
            [
                "SKU-000100A",
                1
            ],
            [
                "SKU-000222A",
                1
            ],
            [
                "SKU-000122A",
                1
            ],
            [
                "SKU-000496B",
                1
            ]
        ],
        "pickTime": "2025-07-14 19:07:35"
    },
    {
        "replenish": true,
        "skus": [
            [
                "SKU-000377D",
                1
            ],
            [
                "SKU-000145C",
                1
            ],
            [
                "SKU-000435D",
                1
            ],
            [
                "SKU-000313B",
                1
            ],
            [
                "SKU-000212B",
                1
            ],
            [
                "SKU-000205A",
                1
            ],
            [
                "SKU-000325C",
                1
            ],
            [
                "SKU-000489C",
                1
            ],
            [
                "SKU-000297B",
                1
            ],
            [
                "SKU-000268B",
                1
            ],
            [
                "SKU-000368C",
                1
            ],
            [
                "SKU-000296C",
                1
            ],
            [
                "SKU-000088A",
                1
            ],
            [
                "SKU-000362A",
                1
            ],
            [
                "SKU-000211D",
                1
            ],
            [
                "SKU-000167C",
                1
            ],
            [
                "SKU-000437C",
                1
            ]
        ],
        "pickTime": "2025-07-15 03:13:25"
    },
    {
        "replenish": true,
        "skus": [
            [
                "SKU-000336D",
                1
            ],
            [
                "SKU-000456C",
                1
            ],
            [
                "SKU-000343B",
                1
            ],
            [
                "SKU-000025D",
                1
            ],
            [
                "SKU-000173C",
                1
            ],
            [
                "SKU-000291B",
                1
            ],
            [
                "SKU-000091A",
                1
            ]
        ],
        "pickTime": "2025-07-15 03:38:04"
    },
    {
        "replenish": true,
        "skus": [
            [
                "SKU-000301D",
                1
            ],
            [
                "SKU-000346A",
                1
            ],
            [
                "SKU-000167A",
                1
            ],
            [
                "SKU-000350D",
                1
            ],
            [
                "SKU-000064B",
                1
            ],
            [
                "SKU-000114C",
                1
            ],
            [
                "SKU-000200C",
                1
            ],
            [
                "SKU-000221D",
                1
            ]
        ],
        "pickTime": "2025-07-15 05:46:37"
    },
    {
        "replenish": true,
        "skus": [
            [
                "SKU-000316B",
                1
            ],
            [
                "SKU-000404C",
                1
            ],
            [
                "SKU-000300A",
                1
            ],
            [
                "SKU-000064B",
                1
            ],
            [
                "SKU-000340A",
                1
            ]
        ],
        "pickTime": "2025-07-15 08:24:48"
    },
    {
        "replenish": true,
        "skus": [
            [
                "SKU-000255A",
                1
            ],
            [
                "SKU-000240D",
                1
            ],
            [
                "SKU-000011A",
                1
            ],
            [
                "SKU-000240D",
                1
            ],
            [
                "SKU-000376A",
                1
            ],
            [
                "SKU-000358B",
                1
            ]
        ],
        "pickTime": "2025-07-15 11:44:27"
    },
    {
        "replenish": true,
        "skus": [
            [
                "SKU-000477B",
                1
            ],
            [
                "SKU-000452C",
                1
            ],
            [
                "SKU-000254B",
                1
            ],
            [
                "SKU-000216A",
                1
            ],
            [
                "SKU-000085D",
                1
            ],
            [
                "SKU-000496C",
                1
            ],
            [
                "SKU-000491A",
                1
            ]
        ],
        "pickTime": "2025-07-15 11:54:36"
    },
    {
        "replenish": true,
        "skus": [
            [
                "SKU-000307A",
                1
            ],
            [
                "SKU-000322B",
                1
            ],
            [
                "SKU-000294B",
                1
            ]
        ],
        "pickTime": "2025-07-15 23:55:10"
    },
    {
        "replenish": false,
        "skus": [
            [
                "SKU-000388C",
                1
            ],
            [
                "SKU-000447B",
                1
            ],
            [
                "SKU-000077D",
                1
            ],
            [
                "SKU-000160C",
                1
            ],
            [
                "SKU-000444D",
                1
            ],
            [
                "SKU-000398D",
                1
            ],
            [
                "SKU-000287A",
                1
            ],
            [
                "SKU-000262D",
                1
            ],
            [
                "SKU-000075A",
                1
            ],
            [
                "SKU-000403A",
                1
            ],
            [
                "SKU-000246B",
                1
            ]
        ],
        "pickTime": "2025-07-15 23:59:32"
    },
    {
        "replenish": false,
        "skus": [
            [
                "SKU-000490B",
                1
            ],
            [
                "SKU-000395C",
                1
            ],
            [
                "SKU-000302C",
                1
            ]
        ],
        "pickTime": "2025-07-16 05:12:28"
    },
    {
        "replenish": false,
        "skus": [
            [
                "SKU-000297B",
                1
            ],
            [
                "SKU-000367D",
                1
            ],
            [
                "SKU-000381C",
                1
            ]
        ],
        "pickTime": "2025-07-17 11:08:11"
    },
    {
        "replenish": false,
        "skus": [
            [
                "SKU-000311A",
                1
            ],
            [
                "SKU-000267A",
                1
            ]
        ],
        "pickTime": "2025-07-17 15:32:07"
    },
    {
        "replenish": false,
        "skus": [
            [
                "SKU-000484C",
                1
            ],
            [
                "SKU-000330B",
                1
            ],
            [
                "SKU-000186A",
                1
            ]
        ],
        "pickTime": "2025-07-18 22:05:31"
    },
    {
        "replenish": false,
        "skus": [
            [
                "SKU-000444B",
                1
            ],
            [
                "SKU-000286B",
                1
            ],
            [
                "SKU-000494D",
                1
            ]
        ],
        "pickTime": "2025-07-19 01:30:59"
    },
    {
        "replenish": false,
        "skus": [
            [
                "SKU-000301A",
                1
            ],
            [
                "SKU-000362B",
                1
            ],
            [
                "SKU-000295B",
                1
            ],
            [
                "SKU-000372D",
                1
            ]
        ],
        "pickTime": "2025-07-19 10:42:46"
    },
    {
        "replenish": false,
        "skus": [
            [
                "SKU-000096A",
                1
            ]
        ],
        "pickTime": "2025-07-19 11:56:13"
    },
    {
        "replenish": false,
        "skus": [
            [
                "SKU-000165D",
                1
            ],
            [
                "SKU-000077D",
                1
            ],
            [
                "SKU-000466C",
                1
            ],
            [
                "SKU-000318A",
                1
            ]
        ],
        "pickTime": "2025-07-19 17:00:30"
    },
    {
        "replenish": false,
        "skus": [
            [
                "SKU-000267A",
                1
            ]
        ],
        "pickTime": "2025-07-19 21:34:12"
    },
    {
        "replenish": false,
        "skus": [
            [
                "SKU-000273A",
                1
            ],
            [
                "SKU-000063A",
                1
            ]
        ],
        "pickTime": "2025-07-20 00:05:01"
    },
    {
        "replenish": false,
        "skus": [
            [
                "SKU-000195D",
                1
            ],
            [
                "SKU-000410D",
                1
            ],
            [
                "SKU-000490B",
                1
            ]
        ],
        "pickTime": "2025-07-20 10:05:25"
    },
    {
        "replenish": false,
        "skus": [
            [
                "SKU-000291B",
                1
            ],
            [
                "SKU-000303A",
                1
            ],
            [
                "SKU-000389A",
                1
            ],
            [
                "SKU-000210D",
                1
            ]
        ],
        "pickTime": "2025-07-20 10:33:05"
    },
    {
        "replenish": false,
        "skus": [
            [
                "SKU-000239B",
                1
            ],
            [
                "SKU-000007D",
                1
            ],
            [
                "SKU-000035D",
                1
            ],
            [
                "SKU-000154D",
                1
            ],
            [
                "SKU-000471D",
                1
            ]
        ],
        "pickTime": "2025-07-20 17:18:16"
    },
    {
        "replenish": false,
        "skus": [
            [
                "SKU-000166A",
                1
            ],
            [
                "SKU-000413D",
                1
            ],
            [
                "SKU-000437D",
                1
            ]
        ],
        "pickTime": "2025-07-20 19:06:45"
    },
    {
        "replenish": false,
        "skus": [
            [
                "SKU-000486C",
                1
            ]
        ],
        "pickTime": "2025-07-20 22:38:31"
    },
    {
        "replenish": false,
        "skus": [
            [
                "SKU-000098D",
                1
            ],
            [
                "SKU-000085A",
                1
            ],
            [
                "SKU-000096B",
                1
            ],
            [
                "SKU-000489A",
                1
            ],
            [
                "SKU-000184A",
                1
            ],
            [
                "SKU-000380B",
                1
            ],
            [
                "SKU-000070D",
                1
            ],
            [
                "SKU-000094B",
                1
            ]
        ],
        "pickTime": "2025-07-21 02:06:13"
    },
    {
        "replenish": false,
        "skus": [
            [
                "SKU-000209C",
                1
            ],
            [
                "SKU-000478B",
                1
            ]
        ],
        "pickTime": "2025-07-21 12:11:15"
    },
    {
        "replenish": false,
        "skus": [
            [
                "SKU-000355A",
                1
            ],
            [
                "SKU-000490B",
                1
            ],
            [
                "SKU-000185B",
                1
            ],
            [
                "SKU-000372C",
                1
            ]
        ],
        "pickTime": "2025-07-21 14:38:27"
    },
    {
        "replenish": false,
        "skus": [
            [
                "SKU-000397C",
                1
            ],
            [
                "SKU-000475D",
                1
            ],
            [
                "SKU-000153D",
                1
            ],
            [
                "SKU-000138A",
                1
            ],
            [
                "SKU-000410D",
                1
            ],
            [
                "SKU-000306D",
                1
            ],
            [
                "SKU-000476D",
                1
            ],
            [
                "SKU-000338B",
                1
            ],
            [
                "SKU-000310C",
                1
            ]
        ],
        "pickTime": "2025-07-21 15:29:11"
    },
    {
        "replenish": false,
        "skus": [
            [
                "SKU-000188D",
                1
            ],
            [
                "SKU-000212B",
                1
            ]
        ],
        "pickTime": "2025-07-21 19:49:09"
    },
    {
        "replenish": false,
        "skus": [
            [
                "SKU-000054D",
                1
            ],
            [
                "SKU-000261D",
                1
            ]
        ],
        "pickTime": "2025-07-22 01:59:21"
    },
    {
        "replenish": false,
        "skus": [
            [
                "SKU-000091A",
                1
            ]
        ],
        "pickTime": "2025-07-22 05:22:10"
    },
    {
        "replenish": false,
        "skus": [
            [
                "SKU-000089C",
                1
            ]
        ],
        "pickTime": "2025-07-22 06:28:46"
    },
    {
        "replenish": false,
        "skus": [
            [
                "SKU-000287C",
                1
            ],
            [
                "SKU-000108D",
                1
            ],
            [
                "SKU-000293C",
                1
            ],
            [
                "SKU-000486C",
                1
            ],
            [
                "SKU-000221D",
                1
            ],
            [
                "SKU-000151D",
                1
            ],
            [
                "SKU-000050A",
                1
            ],
            [
                "SKU-000270B",
                1
            ],
            [
                "SKU-000396B",
                1
            ],
            [
                "SKU-000221D",
                1
            ],
            [
                "SKU-000183D",
                1
            ],
            [
                "SKU-000131D",
                1
            ],
            [
                "SKU-000261D",
                1
            ]
        ],
        "pickTime": "2025-07-22 10:05:44"
    },
    {
        "replenish": false,
        "skus": [
            [
                "SKU-000434D",
                1
            ]
        ],
        "pickTime": "2025-07-22 15:36:26"
    },
    {
        "replenish": false,
        "skus": [
            [
                "SKU-000403D",
                1
            ],
            [
                "SKU-000256A",
                1
            ]
        ],
        "pickTime": "2025-07-23 05:38:28"
    },
    {
        "replenish": false,
        "skus": [
            [
                "SKU-000224B",
                1
            ],
            [
                "SKU-000258A",
                1
            ],
            [
                "SKU-000216D",
                1
            ],
            [
                "SKU-000012D",
                1
            ],
            [
                "SKU-000340A",
                1
            ]
        ],
        "pickTime": "2025-07-24 07:45:15"
    },
    {
        "replenish": false,
        "skus": [
            [
                "SKU-000002A",
                1
            ]
        ],
        "pickTime": "2025-07-24 10:10:36"
    },
    {
        "replenish": false,
        "skus": [
            [
                "SKU-000276B",
                1
            ]
        ],
        "pickTime": "2025-07-24 22:22:52"
    },
    {
        "replenish": false,
        "skus": [
            [
                "SKU-000149C",
                1
            ],
            [
                "SKU-000286B",
                1
            ]
        ],
        "pickTime": "2025-07-25 00:47:28"
    },
    {
        "replenish": false,
        "skus": [
            [
                "SKU-000486A",
                1
            ],
            [
                "SKU-000247D",
                1
            ]
        ],
        "pickTime": "2025-07-25 02:59:02"
    },
    {
        "replenish": false,
        "skus": [
            [
                "SKU-000258A",
                1
            ],
            [
                "SKU-000276B",
                1
            ],
            [
                "SKU-000227C",
                1
            ],
            [
                "SKU-000243A",
                1
            ],
            [
                "SKU-000119A",
                1
            ],
            [
                "SKU-000217A",
                1
            ]
        ],
        "pickTime": "2025-07-25 09:41:28"
    },
    {
        "replenish": false,
        "skus": [
            [
                "SKU-000075D",
                1
            ],
            [
                "SKU-000041C",
                1
            ],
            [
                "SKU-000266D",
                1
            ],
            [
                "SKU-000191C",
                1
            ]
        ],
        "pickTime": "2025-07-25 19:56:36"
    },
    {
        "replenish": false,
        "skus": [
            [
                "SKU-000264C",
                1
            ],
            [
                "SKU-000263B",
                1
            ],
            [
                "SKU-000337B",
                1
            ],
            [
                "SKU-000021B",
                1
            ],
            [
                "SKU-000496A",
                1
            ],
            [
                "SKU-000466A",
                1
            ],
            [
                "SKU-000048B",
                1
            ]
        ],
        "pickTime": "2025-07-25 20:52:02"
    },
    {
        "replenish": false,
        "skus": [
            [
                "SKU-000055C",
                1
            ],
            [
                "SKU-000221D",
                1
            ],
            [
                "SKU-000002D",
                1
            ],
            [
                "SKU-000233D",
                1
            ],
            [
                "SKU-000296C",
                1
            ]
        ],
        "pickTime": "2025-07-26 22:51:17"
    },
    {
        "replenish": false,
        "skus": [
            [
                "SKU-000031A",
                1
            ],
            [
                "SKU-000188C",
                1
            ],
            [
                "SKU-000494D",
                1
            ],
            [
                "SKU-000232D",
                1
            ]
        ],
        "pickTime": "2025-07-27 00:32:11"
    },
    {
        "replenish": false,
        "skus": [
            [
                "SKU-000070D",
                1
            ],
            [
                "SKU-000432C",
                1
            ],
            [
                "SKU-000322A",
                1
            ]
        ],
        "pickTime": "2025-07-27 09:47:04"
    },
    {
        "replenish": false,
        "skus": [
            [
                "SKU-000341D",
                1
            ],
            [
                "SKU-000091C",
                1
            ]
        ],
        "pickTime": "2025-07-27 13:16:08"
    },
    {
        "replenish": false,
        "skus": [
            [
                "SKU-000234B",
                1
            ],
            [
                "SKU-000350A",
                1
            ],
            [
                "SKU-000273A",
                1
            ],
            [
                "SKU-000186D",
                1
            ],
            [
                "SKU-000362C",
                1
            ],
            [
                "SKU-000012D",
                1
            ],
            [
                "SKU-000149B",
                1
            ],
            [
                "SKU-000030B",
                1
            ],
            [
                "SKU-000138B",
                1
            ]
        ],
        "pickTime": "2025-07-28 11:31:11"
    },
    {
        "replenish": false,
        "skus": [
            [
                "SKU-000284B",
                1
            ],
            [
                "SKU-000007B",
                1
            ],
            [
                "SKU-000096C",
                1
            ]
        ],
        "pickTime": "2025-07-28 12:16:36"
    },
    {
        "replenish": false,
        "skus": [
            [
                "SKU-000088D",
                1
            ],
            [
                "SKU-000277B",
                1
            ]
        ],
        "pickTime": "2025-07-28 13:24:08"
    },
    {
        "replenish": false,
        "skus": [
            [
                "SKU-000172C",
                1
            ],
            [
                "SKU-000033A",
                1
            ],
            [
                "SKU-000496A",
                1
            ],
            [
                "SKU-000457C",
                1
            ],
            [
                "SKU-000014A",
                1
            ],
            [
                "SKU-000278A",
                1
            ],
            [
                "SKU-000176C",
                1
            ],
            [
                "SKU-000261B",
                1
            ],
            [
                "SKU-000055D",
                1
            ],
            [
                "SKU-000219B",
                1
            ]
        ],
        "pickTime": "2025-07-28 14:20:57"
    },
    {
        "replenish": false,
        "skus": [
            [
                "SKU-000072A",
                1
            ]
        ],
        "pickTime": "2025-07-29 05:15:06"
    },
    {
        "replenish": false,
        "skus": [
            [
                "SKU-000291C",
                1
            ],
            [
                "SKU-000252C",
                1
            ],
            [
                "SKU-000138B",
                1
            ],
            [
                "SKU-000271A",
                1
            ]
        ],
        "pickTime": "2025-07-29 15:07:53"
    },
    {
        "replenish": false,
        "skus": [
            [
                "SKU-000090D",
                1
            ],
            [
                "SKU-000464C",
                1
            ]
        ],
        "pickTime": "2025-07-29 20:31:24"
    },
    {
        "replenish": false,
        "skus": [
            [
                "SKU-000039B",
                1
            ],
            [
                "SKU-000425A",
                1
            ]
        ],
        "pickTime": "2025-07-30 13:41:35"
    },
    {
        "replenish": false,
        "skus": [
            [
                "SKU-000067B",
                1
            ],
            [
                "SKU-000376B",
                1
            ],
            [
                "SKU-000002A",
                1
            ],
            [
                "SKU-000082D",
                1
            ]
        ],
        "pickTime": "2025-07-30 17:34:33"
    },
    {
        "replenish": false,
        "skus": [
            [
                "SKU-000362B",
                1
            ],
            [
                "SKU-000466C",
                1
            ],
            [
                "SKU-000469B",
                1
            ],
            [
                "SKU-000311A",
                1
            ],
            [
                "SKU-000037C",
                1
            ],
            [
                "SKU-000474A",
                1
            ],
            [
                "SKU-000420B",
                1
            ],
            [
                "SKU-000444B",
                1
            ],
            [
                "SKU-000085B",
                1
            ]
        ],
        "pickTime": "2025-07-30 18:13:24"
    },
    {
        "replenish": false,
        "skus": [
            [
                "SKU-000382A",
                1
            ]
        ],
        "pickTime": "2025-07-30 23:54:09"
    }
]