[
    {
        "replenish": true,
        "skus": [
            [
                "SKU-000226B",
                1
            ],
            [
                "SKU-000170A",
                1
            ],
            [
                "SKU-000331A",
                1
            ],
            [
                "SKU-000204C",
                1
            ],
            [
                "SKU-000012B",
                1
            ],
            [
                "SKU-000397C",
                1
            ],
            [
                "SKU-000243A",
                1
            ],
            [
                "SKU-000094C",
                1
            ],
            [
                "SKU-000200B",
                1
            ],
            [
                "SKU-000438A",
                1
            ]
        ],
        "pickTime": "2025-07-01 12:17:22"
    },
    {
        "replenish": true,
        "skus": [
            [
                "SKU-000308D",
                1
            ],
            [
                "SKU-000011C",
                1
            ],
            [
                "SKU-000025D",
                1
            ],
            [
                "SKU-000470A",
                1
            ],
            [
                "SKU-000168B",
                1
            ]
        ],
        "pickTime": "2025-07-02 03:06:17"
    },
    {
        "replenish": true,
        "skus": [
            [
                "SKU-000279C",
                1
            ]
        ],
        "pickTime": "2025-07-02 07:33:15"
    },
    {
        "replenish": true,
        "skus": [
            [
                "SKU-000243B",
                1
            ],
            [
                "SKU-000033D",
                1
            ],
            [
                "SKU-000425B",
                1
            ],
            [
                "SKU-000316A",
                1
            ],
            [
                "SKU-000151C",
                1
            ]
        ],
        "pickTime": "2025-07-02 11:11:27"
    },
    {
        "replenish": true,
        "skus": [
            [
                "SKU-000392B",
                1
            ],
            [
                "SKU-000432C",
                1
            ],
            [
                "SKU-000271A",
                1
            ],
            [
                "SKU-000402D",
                1
            ],
            [
                "SKU-000337C",
                1
            ],
            [
                "SKU-000431D",
                1
            ],
            [
                "SKU-000128C",
                1
            ],
            [
                "SKU-000316B",
                1
            ],
            [
                "SKU-000273B",
                1
            ],
            [
                "SKU-000275C",
                1
            ],
            [
                "SKU-000273C",
                1
            ],
            [
                "SKU-000307B",
                1
            ],
            [
                "SKU-000285A",
                1
            ],
            [
                "SKU-000391C",
                1
            ],
            [
                "SKU-000477C",
                1
            ],
            [
                "SKU-000364D",
                1
            ],
            [
                "SKU-000296B",
                1
            ],
            [
                "SKU-000057D",
                1
            ],
            [
                "SKU-000168B",
                1
            ],
            [
                "SKU-000179A",
                1
            ],
            [
                "SKU-000461C",
                1
            ]
        ],
        "pickTime": "2025-07-02 12:15:43"
    },
    {
        "replenish": true,
        "skus": [
            [
                "SKU-000121B",
                1
            ],
            [
                "SKU-000126C",
                1
            ],
            [
                "SKU-000414D",
                1
            ],
            [
                "SKU-000454A",
                1
            ],
            [
                "SKU-000255D",
                1
            ],
            [
                "SKU-000348C",
                1
            ],
            [
                "SKU-000404D",
                1
            ],
            [
                "SKU-000485C",
                1
            ],
            [
                "SKU-000252D",
                1
            ]
        ],
        "pickTime": "2025-07-02 15:27:05"
    },
    {
        "replenish": true,
        "skus": [
            [
                "SKU-000291A",
                1
            ],
            [
                "SKU-000035A",
                1
            ],
            [
                "SKU-000337A",
                1
            ],
            [
                "SKU-000411D",
                1
            ],
            [
                "SKU-000442D",
                1
            ],
            [
                "SKU-000485A",
                1
            ],
            [
                "SKU-000479B",
                1
            ],
            [
                "SKU-000134A",
                1
            ]
        ],
        "pickTime": "2025-07-03 04:52:08"
    },
    {
        "replenish": true,
        "skus": [
            [
                "SKU-000081D",
                1
            ],
            [
                "SKU-000003C",
                1
            ],
            [
                "SKU-000113D",
                1
            ],
            [
                "SKU-000495C",
                1
            ],
            [
                "SKU-000106D",
                1
            ],
            [
                "SKU-000045B",
                1
            ],
            [
                "SKU-000039B",
                1
            ],
            [
                "SKU-000324D",
                1
            ],
            [
                "SKU-000316A",
                1
            ],
            [
                "SKU-000380C",
                1
            ],
            [
                "SKU-000494B",
                1
            ],
            [
                "SKU-000376C",
                1
            ]
        ],
        "pickTime": "2025-07-03 15:42:10"
    },
    {
        "replenish": true,
        "skus": [
            [
                "SKU-000414C",
                1
            ],
            [
                "SKU-000273C",
                1
            ],
            [
                "SKU-000181B",
                1
            ],
            [
                "SKU-000275C",
                1
            ],
            [
                "SKU-000406B",
                1
            ],
            [
                "SKU-000432B",
                1
            ],
            [
                "SKU-000280A",
                1
            ],
            [
                "SKU-000361D",
                1
            ],
            [
                "SKU-000012B",
                1
            ],
            [
                "SKU-000086D",
                1
            ]
        ],
        "pickTime": "2025-07-03 16:27:47"
    },
    {
        "replenish": true,
        "skus": [
            [
                "SKU-000110D",
                1
            ],
            [
                "SKU-000172C",
                1
            ],
            [
                "SKU-000488C",
                1
            ],
            [
                "SKU-000077B",
                1
            ],
            [
                "SKU-000348A",
                1
            ],
            [
                "SKU-000355D",
                1
            ],
            [
                "SKU-000336D",
                1
            ],
            [
                "SKU-000349B",
                1
            ],
            [
                "SKU-000305D",
                1
            ],
            [
                "SKU-000134B",
                1
            ],
            [
                "SKU-000391B",
                1
            ]
        ],
        "pickTime": "2025-07-03 21:13:41"
    },
    {
        "replenish": true,
        "skus": [
            [
                "SKU-000336D",
                1
            ],
            [
                "SKU-000341D",
                1
            ],
            [
                "SKU-000406C",
                1
            ],
            [
                "SKU-000120C",
                1
            ],
            [
                "SKU-000474A",
                1
            ]
        ],
        "pickTime": "2025-07-04 08:06:48"
    },
    {
        "replenish": true,
        "skus": [
            [
                "SKU-000029A",
                1
            ],
            [
                "SKU-000348A",
                1
            ],
            [
                "SKU-000397D",
                1
            ],
            [
                "SKU-000451B",
                1
            ],
            [
                "SKU-000374C",
                1
            ],
            [
                "SKU-000194A",
                1
            ],
            [
                "SKU-000398A",
                1
            ],
            [
                "SKU-000153B",
                1
            ],
            [
                "SKU-000351A",
                1
            ],
            [
                "SKU-000404D",
                1
            ],
            [
                "SKU-000107B",
                1
            ],
            [
                "SKU-000252C",
                1
            ]
        ],
        "pickTime": "2025-07-04 09:02:25"
    },
    {
        "replenish": true,
        "skus": [
            [
                "SKU-000394D",
                1
            ]
        ],
        "pickTime": "2025-07-04 11:43:55"
    },
    {
        "replenish": true,
        "skus": [
            [
                "SKU-000470D",
                1
            ],
            [
                "SKU-000307B",
                1
            ],
            [
                "SKU-000026D",
                1
            ],
            [
                "SKU-000267B",
                1
            ],
            [
                "SKU-000163D",
                1
            ],
            [
                "SKU-000046A",
                1
            ],
            [
                "SKU-000151C",
                1
            ],
            [
                "SKU-000035A",
                1
            ],
            [
                "SKU-000484A",
                1
            ],
            [
                "SKU-000456C",
                1
            ],
            [
                "SKU-000206C",
                1
            ],
            [
                "SKU-000483C",
                1
            ],
            [
                "SKU-000273C",
                1
            ],
            [
                "SKU-000176C",
                1
            ],
            [
                "SKU-000443C",
                1
            ],
            [
                "SKU-000438D",
                1
            ]
        ],
        "pickTime": "2025-07-04 15:34:56"
    },
    {
        "replenish": true,
        "skus": [
            [
                "SKU-000107A",
                1
            ],
            [
                "SKU-000474B",
                1
            ]
        ],
        "pickTime": "2025-07-04 22:16:09"
    },
    {
        "replenish": true,
        "skus": [
            [
                "SKU-000233D",
                1
            ],
            [
                "SKU-000088A",
                1
            ],
            [
                "SKU-000012D",
                1
            ],
            [
                "SKU-000231C",
                1
            ]
        ],
        "pickTime": "2025-07-05 02:37:29"
    },
    {
        "replenish": true,
        "skus": [
            [
                "SKU-000217B",
                1
            ],
            [
                "SKU-000478A",
                1
            ],
            [
                "SKU-000496D",
                1
            ],
            [
                "SKU-000430C",
                1
            ],
            [
                "SKU-000498B",
                1
            ],
            [
                "SKU-000482C",
                1
            ],
            [
                "SKU-000151B",
                1
            ],
            [
                "SKU-000107C",
                1
            ],
            [
                "SKU-000293C",
                1
            ],
            [
                "SKU-000072A",
                1
            ],
            [
                "SKU-000167C",
                1
            ],
            [
                "SKU-000215C",
                1
            ],
            [
                "SKU-000149B",
                1
            ],
            [
                "SKU-000216D",
                1
            ]
        ],
        "pickTime": "2025-07-05 02:58:32"
    },
    {
        "replenish": true,
        "skus": [
            [
                "SKU-000048B",
                1
            ],
            [
                "SKU-000025A",
                1
            ],
            [
                "SKU-000217A",
                1
            ],
            [
                "SKU-000355C",
                1
            ],
            [
                "SKU-000221D",
                1
            ],
            [
                "SKU-000476B",
                1
            ]
        ],
        "pickTime": "2025-07-05 23:01:14"
    },
    {
        "replenish": true,
        "skus": [
            [
                "SKU-000017C",
                1
            ],
            [
                "SKU-000045D",
                1
            ],
            [
                "SKU-000138A",
                1
            ],
            [
                "SKU-000283D",
                1
            ],
            [
                "SKU-000364C",
                1
            ],
            [
                "SKU-000254D",
                1
            ],
            [
                "SKU-000341D",
                1
            ],
            [
                "SKU-000394D",
                1
            ],
            [
                "SKU-000151A",
                1
            ],
            [
                "SKU-000142B",
                1
            ],
            [
                "SKU-000198C",
                1
            ],
            [
                "SKU-000018B",
                1
            ],
            [
                "SKU-000351D",
                1
            ],
            [
                "SKU-000356C",
                1
            ],
            [
                "SKU-000168B",
                1
            ],
            [
                "SKU-000271C",
                1
            ],
            [
                "SKU-000144D",
                1
            ],
            [
                "SKU-000367C",
                1
            ]
        ],
        "pickTime": "2025-07-06 05:28:26"
    },
    {
        "replenish": true,
        "skus": [
            [
                "SKU-000108A",
                1
            ],
            [
                "SKU-000094C",
                1
            ],
            [
                "SKU-000452B",
                1
            ],
            [
                "SKU-000153A",
                1
            ],
            [
                "SKU-000381C",
                1
            ],
            [
                "SKU-000230D",
                1
            ],
            [
                "SKU-000175A",
                1
            ],
            [
                "SKU-000244B",
                1
            ],
            [
                "SKU-000246B",
                1
            ]
        ],
        "pickTime": "2025-07-06 09:57:03"
    },
    {
        "replenish": true,
        "skus": [
            [
                "SKU-000191B",
                1
            ],
            [
                "SKU-000406C",
                1
            ],
            [
                "SKU-000244D",
                1
            ]
        ],
        "pickTime": "2025-07-06 10:26:22"
    },
    {
        "replenish": true,
        "skus": [
            [
                "SKU-000449B",
                1
            ],
            [
                "SKU-000287D",
                1
            ],
            [
                "SKU-000274B",
                1
            ],
            [
                "SKU-000191B",
                1
            ],
            [
                "SKU-000083D",
                1
            ],
            [
                "SKU-000331A",
                1
            ],
            [
                "SKU-000235C",
                1
            ],
            [
                "SKU-000127D",
                1
            ],
            [
                "SKU-000227D",
                1
            ],
            [
                "SKU-000384B",
                1
            ],
            [
                "SKU-000318A",
                1
            ],
            [
                "SKU-000094A",
                1
            ],
            [
                "SKU-000038A",
                1
            ],
            [
                "SKU-000138C",
                1
            ],
            [
                "SKU-000438A",
                1
            ],
            [
                "SKU-000360B",
                1
            ],
            [
                "SKU-000216D",
                1
            ],
            [
                "SKU-000249A",
                1
            ],
            [
                "SKU-000263D",
                1
            ]
        ],
        "pickTime": "2025-07-07 08:04:01"
    },
    {
        "replenish": true,
        "skus": [
            [
                "SKU-000231B",
                1
            ],
            [
                "SKU-000203A",
                1
            ],
            [
                "SKU-000274A",
                1
            ],
            [
                "SKU-000488C",
                1
            ],
            [
                "SKU-000400A",
                1
            ],
            [
                "SKU-000109A",
                1
            ],
            [
                "SKU-000276D",
                1
            ],
            [
                "SKU-000027A",
                1
            ],
            [
                "SKU-000122A",
                1
            ],
            [
                "SKU-000367C",
                1
            ],
            [
                "SKU-000172C",
                1
            ],
            [
                "SKU-000472A",
                1
            ],
            [
                "SKU-000422D",
                1
            ],
            [
                "SKU-000301D",
                1
            ],
            [
                "SKU-000281A",
                1
            ],
            [
                "SKU-000288C",
                1
            ],
            [
                "SKU-000257A",
                1
            ],
            [
                "SKU-000033D",
                1
            ]
        ],
        "pickTime": "2025-07-07 14:46:15"
    },
    {
        "replenish": true,
        "skus": [
            [
                "SKU-000391B",
                1
            ]
        ],
        "pickTime": "2025-07-07 20:07:16"
    },
    {
        "replenish": true,
        "skus": [
            [
                "SKU-000162B",
                1
            ],
            [
                "SKU-000186C",
                1
            ]
        ],
        "pickTime": "2025-07-08 07:35:33"
    },
    {
        "replenish": true,
        "skus": [
            [
                "SKU-000301D",
                1
            ],
            [
                "SKU-000022C",
                1
            ],
            [
                "SKU-000339C",
                1
            ],
            [
                "SKU-000094C",
                1
            ],
            [
                "SKU-000354D",
                1
            ],
            [
                "SKU-000376B",
                1
            ],
            [
                "SKU-000107B",
                1
            ],
            [
                "SKU-000277B",
                1
            ],
            [
                "SKU-000164B",
                1
            ],
            [
                "SKU-000088C",
                1
            ],
            [
                "SKU-000453C",
                1
            ],
            [
                "SKU-000415A",
                1
            ],
            [
                "SKU-000299A",
                1
            ],
            [
                "SKU-000484B",
                1
            ],
            [
                "SKU-000311C",
                1
            ]
        ],
        "pickTime": "2025-07-08 11:08:48"
    },
    {
        "replenish": true,
        "skus": [
            [
                "SKU-000456C",
                1
            ],
            [
                "SKU-000410C",
                1
            ]
        ],
        "pickTime": "2025-07-09 08:46:15"
    },
    {
        "replenish": true,
        "skus": [
            [
                "SKU-000222B",
                1
            ]
        ],
        "pickTime": "2025-07-09 16:15:25"
    },
    {
        "replenish": true,
        "skus": [
            [
                "SKU-000090B",
                1
            ],
            [
                "SKU-000217A",
                1
            ],
            [
                "SKU-000038A",
                1
            ]
        ],
        "pickTime": "2025-07-09 18:06:18"
    },
    {
        "replenish": true,
        "skus": [
            [
                "SKU-000381C",
                1
            ],
            [
                "SKU-000310B",
                1
            ],
            [
                "SKU-000216D",
                1
            ],
            [
                "SKU-000301B",
                1
            ],
            [
                "SKU-000410C",
                1
            ],
            [
                "SKU-000164B",
                1
            ],
            [
                "SKU-000164D",
                1
            ],
            [
                "SKU-000439C",
                1
            ],
            [
                "SKU-000009C",
                1
            ],
            [
                "SKU-000190B",
                1
            ],
            [
                "SKU-000165C",
                1
            ],
            [
                "SKU-000391B",
                1
            ],
            [
                "SKU-000183D",
                1
            ]
        ],
        "pickTime": "2025-07-09 18:55:24"
    },
    {
        "replenish": true,
        "skus": [
            [
                "SKU-000287B",
                1
            ],
            [
                "SKU-000256B",
                1
            ],
            [
                "SKU-000457B",
                1
            ],
            [
                "SKU-000286B",
                1
            ],
            [
                "SKU-000127D",
                1
            ],
            [
                "SKU-000270D",
                1
            ],
            [
                "SKU-000150A",
                1
            ],
            [
                "SKU-000222B",
                1
            ],
            [
                "SKU-000126A",
                1
            ],
            [
                "SKU-000086C",
                1
            ],
            [
                "SKU-000491A",
                1
            ],
            [
                "SKU-000251C",
                1
            ],
            [
                "SKU-000167A",
                1
            ],
            [
                "SKU-000376C",
                1
            ],
            [
                "SKU-000255D",
                1
            ],
            [
                "SKU-000061C",
                1
            ],
            [
                "SKU-000383D",
                1
            ]
        ],
        "pickTime": "2025-07-09 20:31:32"
    },
    {
        "replenish": true,
        "skus": [
            [
                "SKU-000151C",
                1
            ],
            [
                "SKU-000190B",
                1
            ],
            [
                "SKU-000454D",
                1
            ],
            [
                "SKU-000315B",
                1
            ],
            [
                "SKU-000381C",
                1
            ],
            [
                "SKU-000324C",
                1
            ],
            [
                "SKU-000405C",
                1
            ]
        ],
        "pickTime": "2025-07-09 22:28:59"
    },
    {
        "replenish": true,
        "skus": [
            [
                "SKU-000394D",
                1
            ],
            [
                "SKU-000397C",
                1
            ],
            [
                "SKU-000478B",
                1
            ],
            [
                "SKU-000457B",
                1
            ],
            [
                "SKU-000077C",
                1
            ]
        ],
        "pickTime": "2025-07-10 00:08:51"
    },
    {
        "replenish": true,
        "skus": [
            [
                "SKU-000069C",
                1
            ],
            [
                "SKU-000115D",
                1
            ],
            [
                "SKU-000267C",
                1
            ],
            [
                "SKU-000318B",
                1
            ],
            [
                "SKU-000319C",
                1
            ],
            [
                "SKU-000300C",
                1
            ],
            [
                "SKU-000117C",
                1
            ],
            [
                "SKU-000200C",
                1
            ],
            [
                "SKU-000307B",
                1
            ]
        ],
        "pickTime": "2025-07-10 01:18:05"
    },
    {
        "replenish": true,
        "skus": [
            [
                "SKU-000223D",
                1
            ],
            [
                "SKU-000253B",
                1
            ],
            [
                "SKU-000219A",
                1
            ],
            [
                "SKU-000425D",
                1
            ],
            [
                "SKU-000469A",
                1
            ]
        ],
        "pickTime": "2025-07-10 05:29:09"
    },
    {
        "replenish": true,
        "skus": [
            [
                "SKU-000072A",
                1
            ]
        ],
        "pickTime": "2025-07-10 06:08:54"
    },
    {
        "replenish": true,
        "skus": [
            [
                "SKU-000457A",
                1
            ],
            [
                "SKU-000471B",
                1
            ],
            [
                "SKU-000035A",
                1
            ],
            [
                "SKU-000112A",
                1
            ],
            [
                "SKU-000307B",
                1
            ],
            [
                "SKU-000045D",
                1
            ],
            [
                "SKU-000138A",
                1
            ]
        ],
        "pickTime": "2025-07-10 06:19:45"
    },
    {
        "replenish": true,
        "skus": [
            [
                "SKU-000263B",
                1
            ],
            [
                "SKU-000475A",
                1
            ],
            [
                "SKU-000043D",
                1
            ],
            [
                "SKU-000374D",
                1
            ],
            [
                "SKU-000498B",
                1
            ],
            [
                "SKU-000317C",
                1
            ],
            [
                "SKU-000313B",
                1
            ],
            [
                "SKU-000457A",
                1
            ]
        ],
        "pickTime": "2025-07-10 09:45:45"
    },
    {
        "replenish": true,
        "skus": [
            [
                "SKU-000057D",
                1
            ],
            [
                "SKU-000475D",
                1
            ],
            [
                "SKU-000168B",
                1
            ],
            [
                "SKU-000274A",
                1
            ],
            [
                "SKU-000211D",
                1
            ],
            [
                "SKU-000085A",
                1
            ],
            [
                "SKU-000308D",
                1
            ],
            [
                "SKU-000278A",
                1
            ]
        ],
        "pickTime": "2025-07-10 12:13:07"
    },
    {
        "replenish": true,
        "skus": [
            [
                "SKU-000115D",
                1
            ],
            [
                "SKU-000472A",
                1
            ],
            [
                "SKU-000113D",
                1
            ],
            [
                "SKU-000443D",
                1
            ],
            [
                "SKU-000126C",
                1
            ],
            [
                "SKU-000231C",
                1
            ],
            [
                "SKU-000381C",
                1
            ],
            [
                "SKU-000144D",
                1
            ],
            [
                "SKU-000110A",
                1
            ],
            [
                "SKU-000009D",
                1
            ],
            [
                "SKU-000462B",
                1
            ]
        ],
        "pickTime": "2025-07-10 18:50:02"
    },
    {
        "replenish": true,
        "skus": [
            [
                "SKU-000144A",
                1
            ],
            [
                "SKU-000279C",
                1
            ],
            [
                "SKU-000108C",
                1
            ],
            [
                "SKU-000075A",
                1
            ],
            [
                "SKU-000434C",
                1
            ],
            [
                "SKU-000242D",
                1
            ],
            [
                "SKU-000075A",
                1
            ],
            [
                "SKU-000488A",
                1
            ],
            [
                "SKU-000381C",
                1
            ],
            [
                "SKU-000093B",
                1
            ],
            [
                "SKU-000322D",
                1
            ],
            [
                "SKU-000481B",
                1
            ],
            [
                "SKU-000153C",
                1
            ],
            [
                "SKU-000331D",
                1
            ],
            [
                "SKU-000043B",
                1
            ]
        ],
        "pickTime": "2025-07-10 19:21:34"
    },
    {
        "replenish": true,
        "skus": [
            [
                "SKU-000402B",
                1
            ]
        ],
        "pickTime": "2025-07-11 08:17:50"
    },
    {
        "replenish": true,
        "skus": [
            [
                "SKU-000050B",
                1
            ],
            [
                "SKU-000121A",
                1
            ],
            [
                "SKU-000105C",
                1
            ],
            [
                "SKU-000482C",
                1
            ]
        ],
        "pickTime": "2025-07-11 09:07:06"
    },
    {
        "replenish": true,
        "skus": [
            [
                "SKU-000495C",
                1
            ],
            [
                "SKU-000281D",
                1
            ]
        ],
        "pickTime": "2025-07-11 10:17:35"
    },
    {
        "replenish": true,
        "skus": [
            [
                "SKU-000255A",
                1
            ],
            [
                "SKU-000316A",
                1
            ],
            [
                "SKU-000242D",
                1
            ],
            [
                "SKU-000347C",
                1
            ],
            [
                "SKU-000004B",
                1
            ],
            [
                "SKU-000452B",
                1
            ],
            [
                "SKU-000301D",
                1
            ],
            [
                "SKU-000331D",
                1
            ]
        ],
        "pickTime": "2025-07-12 01:26:44"
    },
    {
        "replenish": true,
        "skus": [
            [
                "SKU-000164B",
                1
            ],
            [
                "SKU-000471D",
                1
            ],
            [
                "SKU-000319C",
                1
            ],
            [
                "SKU-000323C",
                1
            ],
            [
                "SKU-000222B",
                1
            ],
            [
                "SKU-000153B",
                1
            ],
            [
                "SKU-000126C",
                1
            ]
        ],
        "pickTime": "2025-07-12 04:13:35"
    },
    {
        "replenish": true,
        "skus": [
            [
                "SKU-000072A",
                1
            ],
            [
                "SKU-000496B",
                1
            ],
            [
                "SKU-000149B",
                1
            ],
            [
                "SKU-000138A",
                1
            ],
            [
                "SKU-000005B",
                1
            ],
            [
                "SKU-000168B",
                1
            ]
        ],
        "pickTime": "2025-07-12 09:25:02"
    },
    {
        "replenish": true,
        "skus": [
            [
                "SKU-000295A",
                1
            ],
            [
                "SKU-000281D",
                1
            ]
        ],
        "pickTime": "2025-07-12 12:19:18"
    },
    {
        "replenish": true,
        "skus": [
            [
                "SKU-000429A",
                1
            ],
            [
                "SKU-000091D",
                1
            ],
            [
                "SKU-000243B",
                1
            ],
            [
                "SKU-000322A",
                1
            ]
        ],
        "pickTime": "2025-07-12 12:43:05"
    },
    {
        "replenish": true,
        "skus": [
            [
                "SKU-000487B",
                1
            ],
            [
                "SKU-000231B",
                1
            ],
            [
                "SKU-000108C",
                1
            ],
            [
                "SKU-000309A",
                1
            ],
            [
                "SKU-000107A",
                1
            ],
            [
                "SKU-000349B",
                1
            ],
            [
                "SKU-000440D",
                1
            ],
            [
                "SKU-000301D",
                1
            ],
            [
                "SKU-000338D",
                1
            ],
            [
                "SKU-000186C",
                1
            ],
            [
                "SKU-000177D",
                1
            ],
            [
                "SKU-000351A",
                1
            ],
            [
                "SKU-000237A",
                1
            ],
            [
                "SKU-000348A",
                1
            ]
        ],
        "pickTime": "2025-07-13 06:24:34"
    },
    {
        "replenish": false,
        "skus": [
            [
                "SKU-000400B",
                1
            ]
        ],
        "pickTime": "2025-07-14 09:22:54"
    },
    {
        "replenish": false,
        "skus": [
            [
                "SKU-000153B",
                1
            ],
            [
                "SKU-000204C",
                1
            ]
        ],
        "pickTime": "2025-07-14 10:13:08"
    },
    {
        "replenish": false,
        "skus": [
            [
                "SKU-000150A",
                1
            ],
            [
                "SKU-000199C",
                1
            ]
        ],
        "pickTime": "2025-07-15 04:35:47"
    },
    {
        "replenish": false,
        "skus": [
            [
                "SKU-000319A",
                1
            ],
            [
                "SKU-000451C",
                1
            ],
            [
                "SKU-000264D",
                1
            ],
            [
                "SKU-000094A",
                1
            ],
            [
                "SKU-000221D",
                1
            ]
        ],
        "pickTime": "2025-07-15 12:52:34"
    },
    {
        "replenish": false,
        "skus": [
            [
                "SKU-000106B",
                1
            ],
            [
                "SKU-000355D",
                1
            ],
            [
                "SKU-000161D",
                1
            ],
            [
                "SKU-000258A",
                1
            ],
            [
                "SKU-000485A",
                1
            ],
            [
                "SKU-000437B",
                1
            ],
            [
                "SKU-000493D",
                1
            ],
            [
                "SKU-000038A",
                1
            ]
        ],
        "pickTime": "2025-07-16 06:07:02"
    },
    {
        "replenish": false,
        "skus": [
            [
                "SKU-000161A",
                1
            ],
            [
                "SKU-000025A",
                1
            ],
            [
                "SKU-000184B",
                1
            ],
            [
                "SKU-000221B",
                1
            ],
            [
                "SKU-000104B",
                1
            ],
            [
                "SKU-000244B",
                1
            ],
            [
                "SKU-000297B",
                1
            ],
            [
                "SKU-000208A",
                1
            ],
            [
                "SKU-000142B",
                1
            ]
        ],
        "pickTime": "2025-07-16 09:45:16"
    },
    {
        "replenish": false,
        "skus": [
            [
                "SKU-000043B",
                1
            ]
        ],
        "pickTime": "2025-07-16 10:12:25"
    },
    {
        "replenish": false,
        "skus": [
            [
                "SKU-000126A",
                1
            ],
            [
                "SKU-000302C",
                1
            ],
            [
                "SKU-000221D",
                1
            ],
            [
                "SKU-000040D",
                1
            ],
            [
                "SKU-000046A",
                1
            ],
            [
                "SKU-000201D",
                1
            ],
            [
                "SKU-000120D",
                1
            ],
            [
                "SKU-000338B",
                1
            ],
            [
                "SKU-000263A",
                1
            ],
            [
                "SKU-000310B",
                1
            ],
            [
                "SKU-000486D",
                1
            ],
            [
                "SKU-000383D",
                1
            ]
        ],
        "pickTime": "2025-07-16 12:16:42"
    },
    {
        "replenish": false,
        "skus": [
            [
                "SKU-000155C",
                1
            ],
            [
                "SKU-000261C",
                1
            ],
            [
                "SKU-000335C",
                1
            ],
            [
                "SKU-000355B",
                1
            ],
            [
                "SKU-000354D",
                1
            ]
        ],
        "pickTime": "2025-07-16 16:05:16"
    },
    {
        "replenish": false,
        "skus": [
            [
                "SKU-000015A",
                1
            ],
            [
                "SKU-000145C",
                1
            ],
            [
                "SKU-000462A",
                1
            ],
            [
                "SKU-000094C",
                1
            ],
            [
                "SKU-000364C",
                1
            ],
            [
                "SKU-000499B",
                1
            ],
            [
                "SKU-000012B",
                1
            ],
            [
                "SKU-000388A",
                1
            ]
        ],
        "pickTime": "2025-07-17 02:34:40"
    },
    {
        "replenish": false,
        "skus": [
            [
                "SKU-000191B",
                1
            ],
            [
                "SKU-000329C",
                1
            ],
            [
                "SKU-000127D",
                1
            ],
            [
                "SKU-000457B",
                1
            ],
            [
                "SKU-000248D",
                1
            ],
            [
                "SKU-000077C",
                1
            ],
            [
                "SKU-000060C",
                1
            ],
            [
                "SKU-000481B",
                1
            ],
            [
                "SKU-000181B",
                1
            ]
        ],
        "pickTime": "2025-07-17 11:08:48"
    },
    {
        "replenish": false,
        "skus": [
            [
                "SKU-000296C",
                1
            ],
            [
                "SKU-000308D",
                1
            ],
            [
                "SKU-000003C",
                1
            ],
            [
                "SKU-000296B",
                1
            ],
            [
                "SKU-000120D",
                1
            ],
            [
                "SKU-000278C",
                1
            ],
            [
                "SKU-000164B",
                1
            ]
        ],
        "pickTime": "2025-07-17 12:39:25"
    },
    {
        "replenish": false,
        "skus": [
            [
                "SKU-000057D",
                1
            ]
        ],
        "pickTime": "2025-07-17 18:44:29"
    },
    {
        "replenish": false,
        "skus": [
            [
                "SKU-000101B",
                1
            ],
            [
                "SKU-000271B",
                1
            ],
            [
                "SKU-000101B",
                1
            ],
            [
                "SKU-000396C",
                1
            ],
            [
                "SKU-000231C",
                1
            ],
            [
                "SKU-000160C",
                1
            ],
            [
                "SKU-000364D",
                1
            ],
            [
                "SKU-000027C",
                1
            ]
        ],
        "pickTime": "2025-07-18 02:49:13"
    },
    {
        "replenish": false,
        "skus": [
            [
                "SKU-000355B",
                1
            ],
            [
                "SKU-000362A",
                1
            ],
            [
                "SKU-000420D",
                1
            ]
        ],
        "pickTime": "2025-07-18 14:41:40"
    },
    {
        "replenish": false,
        "skus": [
            [
                "SKU-000500A",
                1
            ]
        ],
        "pickTime": "2025-07-19 08:33:29"
    },
    {
        "replenish": false,
        "skus": [
            [
                "SKU-000003D",
                1
            ],
            [
                "SKU-000255C",
                1
            ],
            [
                "SKU-000484B",
                1
            ],
            [
                "SKU-000190D",
                1
            ],
            [
                "SKU-000429B",
                1
            ]
        ],
        "pickTime": "2025-07-19 16:39:53"
    },
    {
        "replenish": false,
        "skus": [
            [
                "SKU-000316A",
                1
            ],
            [
                "SKU-000396A",
                1
            ]
        ],
        "pickTime": "2025-07-19 19:31:53"
    },
    {
        "replenish": false,
        "skus": [
            [
                "SKU-000266C",
                1
            ],
            [
                "SKU-000230D",
                1
            ]
        ],
        "pickTime": "2025-07-19 20:27:11"
    },
    {
        "replenish": false,
        "skus": [
            [
                "SKU-000224B",
                1
            ],
            [
                "SKU-000210B",
                1
            ]
        ],
        "pickTime": "2025-07-19 23:00:24"
    },
    {
        "replenish": false,
        "skus": [
            [
                "SKU-000181B",
                1
            ]
        ],
        "pickTime": "2025-07-20 03:33:23"
    },
    {
        "replenish": false,
        "skus": [
            [
                "SKU-000302D",
                1
            ]
        ],
        "pickTime": "2025-07-20 12:17:43"
    },
    {
        "replenish": false,
        "skus": [
            [
                "SKU-000457B",
                1
            ]
        ],
        "pickTime": "2025-07-20 14:43:28"
    },
    {
        "replenish": false,
        "skus": [
            [
                "SKU-000176C",
                1
            ],
            [
                "SKU-000138A",
                1
            ],
            [
                "SKU-000165C",
                1
            ],
            [
                "SKU-000413C",
                1
            ],
            [
                "SKU-000437B",
                1
            ],
            [
                "SKU-000162D",
                1
            ]
        ],
        "pickTime": "2025-07-20 17:00:45"
    },
    {
        "replenish": false,
        "skus": [
            [
                "SKU-000411D",
                1
            ],
            [
                "SKU-000446C",
                1
            ],
            [
                "SKU-000005A",
                1
            ]
        ],
        "pickTime": "2025-07-21 12:01:29"
    },
    {
        "replenish": false,
        "skus": [
            [
                "SKU-000235A",
                1
            ],
            [
                "SKU-000418D",
                1
            ]
        ],
        "pickTime": "2025-07-22 07:10:34"
    },
    {
        "replenish": false,
        "skus": [
            [
                "SKU-000432B",
                1
            ],
            [
                "SKU-000140B",
                1
            ],
            [
                "SKU-000392B",
                1
            ],
            [
                "SKU-000127D",
                1
            ],
            [
                "SKU-000297B",
                1
            ]
        ],
        "pickTime": "2025-07-22 15:50:51"
    },
    {
        "replenish": false,
        "skus": [
            [
                "SKU-000086D",
                1
            ]
        ],
        "pickTime": "2025-07-22 17:53:46"
    },
    {
        "replenish": false,
        "skus": [
            [
                "SKU-000470D",
                1
            ],
            [
                "SKU-000394A",
                1
            ],
            [
                "SKU-000142B",
                1
            ],
            [
                "SKU-000248C",
                1
            ],
            [
                "SKU-000113A",
                1
            ]
        ],
        "pickTime": "2025-07-23 18:04:35"
    },
    {
        "replenish": false,
        "skus": [
            [
                "SKU-000217B",
                1
            ],
            [
                "SKU-000089A",
                1
            ],
            [
                "SKU-000265C",
                1
            ],
            [
                "SKU-000016A",
                1
            ],
            [
                "SKU-000462D",
                1
            ]
        ],
        "pickTime": "2025-07-24 10:16:15"
    },
    {
        "replenish": false,
        "skus": [
            [
                "SKU-000225D",
                1
            ],
            [
                "SKU-000308D",
                1
            ],
            [
                "SKU-000401A",
                1
            ],
            [
                "SKU-000074D",
                1
            ],
            [
                "SKU-000229D",
                1
            ],
            [
                "SKU-000216D",
                1
            ]
        ],
        "pickTime": "2025-07-24 11:51:12"
    },
    {
        "replenish": false,
        "skus": [
            [
                "SKU-000253B",
                1
            ]
        ],
        "pickTime": "2025-07-24 12:53:58"
    },
    {
        "replenish": false,
        "skus": [
            [
                "SKU-000317C",
                1
            ],
            [
                "SKU-000493D",
                1
            ],
            [
                "SKU-000075A",
                1
            ],
            [
                "SKU-000287D",
                1
            ],
            [
                "SKU-000359C",
                1
            ],
            [
                "SKU-000026A",
                1
            ],
            [
                "SKU-000241B",
                1
            ],
            [
                "SKU-000398A",
                1
            ]
        ],
        "pickTime": "2025-07-24 18:48:52"
    },
    {
        "replenish": false,
        "skus": [
            [
                "SKU-000107A",
                1
            ],
            [
                "SKU-000077D",
                1
            ],
            [
                "SKU-000355D",
                1
            ],
            [
                "SKU-000126D",
                1
            ],
            [
                "SKU-000451B",
                1
            ],
            [
                "SKU-000347C",
                1
            ],
            [
                "SKU-000445A",
                1
            ],
            [
                "SKU-000073D",
                1
            ]
        ],
        "pickTime": "2025-07-24 19:01:40"
    },
    {
        "replenish": false,
        "skus": [
            [
                "SKU-000391A",
                1
            ],
            [
                "SKU-000005A",
                1
            ]
        ],
        "pickTime": "2025-07-25 07:22:22"
    },
    {
        "replenish": false,
        "skus": [
            [
                "SKU-000449A",
                1
            ],
            [
                "SKU-000105B",
                1
            ]
        ],
        "pickTime": "2025-07-25 19:36:37"
    },
    {
        "replenish": false,
        "skus": [
            [
                "SKU-000312D",
                1
            ],
            [
                "SKU-000304B",
                1
            ],
            [
                "SKU-000318C",
                1
            ],
            [
                "SKU-000077D",
                1
            ]
        ],
        "pickTime": "2025-07-26 18:53:01"
    },
    {
        "replenish": false,
        "skus": [
            [
                "SKU-000353D",
                1
            ],
            [
                "SKU-000221D",
                1
            ],
            [
                "SKU-000179A",
                1
            ],
            [
                "SKU-000397B",
                1
            ]
        ],
        "pickTime": "2025-07-26 21:33:52"
    },
    {
        "replenish": false,
        "skus": [
            [
                "SKU-000267B",
                1
            ],
            [
                "SKU-000492C",
                1
            ],
            [
                "SKU-000157A",
                1
            ],
            [
                "SKU-000324D",
                1
            ]
        ],
        "pickTime": "2025-07-27 05:52:35"
    },
    {
        "replenish": false,
        "skus": [
            [
                "SKU-000365D",
                1
            ]
        ],
        "pickTime": "2025-07-27 18:49:16"
    },
    {
        "replenish": false,
        "skus": [
            [
                "SKU-000443C",
                1
            ]
        ],
        "pickTime": "2025-07-28 03:48:43"
    },
    {
        "replenish": false,
        "skus": [
            [
                "SKU-000231B",
                1
            ],
            [
                "SKU-000255A",
                1
            ],
            [
                "SKU-000209C",
                1
            ],
            [
                "SKU-000384B",
                1
            ],
            [
                "SKU-000154A",
                1
            ]
        ],
        "pickTime": "2025-07-28 04:09:24"
    },
    {
        "replenish": false,
        "skus": [
            [
                "SKU-000253D",
                1
            ],
            [
                "SKU-000144D",
                1
            ],
            [
                "SKU-000107C",
                1
            ],
            [
                "SKU-000210A",
                1
            ],
            [
                "SKU-000243A",
                1
            ],
            [
                "SKU-000072A",
                1
            ]
        ],
        "pickTime": "2025-07-28 08:54:59"
    },
    {
        "replenish": false,
        "skus": [
            [
                "SKU-000252C",
                1
            ],
            [
                "SKU-000260C",
                1
            ]
        ],
        "pickTime": "2025-07-28 09:18:48"
    },
    {
        "replenish": false,
        "skus": [
            [
                "SKU-000467D",
                1
            ],
            [
                "SKU-000255A",
                1
            ],
            [
                "SKU-000224B",
                1
            ],
            [
                "SKU-000186C",
                1
            ],
            [
                "SKU-000040C",
                1
            ],
            [
                "SKU-000013D",
                1
            ],
            [
                "SKU-000015C",
                1
            ],
            [
                "SKU-000451C",
                1
            ]
        ],
        "pickTime": "2025-07-28 11:49:13"
    },
    {
        "replenish": false,
        "skus": [
            [
                "SKU-000332B",
                1
            ]
        ],
        "pickTime": "2025-07-29 07:30:16"
    },
    {
        "replenish": false,
        "skus": [
            [
                "SKU-000361D",
                1
            ],
            [
                "SKU-000257D",
                1
            ],
            [
                "SKU-000038A",
                1
            ],
            [
                "SKU-000089B",
                1
            ],
            [
                "SKU-000030B",
                1
            ]
        ],
        "pickTime": "2025-07-29 09:28:55"
    },
    {
        "replenish": false,
        "skus": [
            [
                "SKU-000301D",
                1
            ],
            [
                "SKU-000109B",
                1
            ]
        ],
        "pickTime": "2025-07-30 00:19:47"
    },
    {
        "replenish": false,
        "skus": [
            [
                "SKU-000429A",
                1
            ],
            [
                "SKU-000406B",
                1
            ],
            [
                "SKU-000152A",
                1
            ],
            [
                "SKU-000252C",
                1
            ],
            [
                "SKU-000029B",
                1
            ],
            [
                "SKU-000301D",
                1
            ],
            [
                "SKU-000217A",
                1
            ],
            [
                "SKU-000367D",
                1
            ],
            [
                "SKU-000134A",
                1
            ],
            [
                "SKU-000460D",
                1
            ],
            [
                "SKU-000167C",
                1
            ]
        ],
        "pickTime": "2025-07-30 18:01:52"
    },
    {
        "replenish": false,
        "skus": [
            [
                "SKU-000082D",
                1
            ],
            [
                "SKU-000456C",
                1
            ]
        ],
        "pickTime": "2025-07-30 19:55:57"
    }
]