[
    {
        "replenish": true,
        "skus": [
            [
                "SKU-000405D",
                1
            ]
        ],
        "pickTime": "2025-07-01 02:18:41"
    },
    {
        "replenish": true,
        "skus": [
            [
                "SKU-000206A",
                1
            ],
            [
                "SKU-000429A",
                1
            ],
            [
                "SKU-000037B",
                1
            ],
            [
                "SKU-000122B",
                1
            ]
        ],
        "pickTime": "2025-07-01 16:47:21"
    },
    {
        "replenish": true,
        "skus": [
            [
                "SKU-000066D",
                1
            ]
        ],
        "pickTime": "2025-07-02 13:49:44"
    },
    {
        "replenish": true,
        "skus": [
            [
                "SKU-000082D",
                1
            ],
            [
                "SKU-000083D",
                1
            ],
            [
                "SKU-000478A",
                1
            ],
            [
                "SKU-000246C",
                1
            ],
            [
                "SKU-000431B",
                1
            ],
            [
                "SKU-000399B",
                1
            ],
            [
                "SKU-000307A",
                1
            ],
            [
                "SKU-000044C",
                1
            ],
            [
                "SKU-000302C",
                1
            ],
            [
                "SKU-000109B",
                1
            ],
            [
                "SKU-000319C",
                1
            ],
            [
                "SKU-000030A",
                1
            ],
            [
                "SKU-000463A",
                1
            ],
            [
                "SKU-000466C",
                1
            ]
        ],
        "pickTime": "2025-07-03 02:49:12"
    },
    {
        "replenish": true,
        "skus": [
            [
                "SKU-000185A",
                1
            ],
            [
                "SKU-000477D",
                1
            ],
            [
                "SKU-000490A",
                1
            ],
            [
                "SKU-000466C",
                1
            ],
            [
                "SKU-000430B",
                1
            ],
            [
                "SKU-000077B",
                1
            ]
        ],
        "pickTime": "2025-07-03 18:40:10"
    },
    {
        "replenish": true,
        "skus": [
            [
                "SKU-000466C",
                1
            ],
            [
                "SKU-000221B",
                1
            ],
            [
                "SKU-000108A",
                1
            ],
            [
                "SKU-000260C",
                1
            ],
            [
                "SKU-000347C",
                1
            ],
            [
                "SKU-000443C",
                1
            ],
            [
                "SKU-000015C",
                1
            ],
            [
                "SKU-000456D",
                1
            ],
            [
                "SKU-000157D",
                1
            ],
            [
                "SKU-000026D",
                1
            ],
            [
                "SKU-000292D",
                1
            ],
            [
                "SKU-000370A",
                1
            ],
            [
                "SKU-000030C",
                1
            ],
            [
                "SKU-000336B",
                1
            ],
            [
                "SKU-000184C",
                1
            ]
        ],
        "pickTime": "2025-07-03 23:15:22"
    },
    {
        "replenish": true,
        "skus": [
            [
                "SKU-000408B",
                1
            ],
            [
                "SKU-000456C",
                1
            ],
            [
                "SKU-000257B",
                1
            ],
            [
                "SKU-000066A",
                1
            ]
        ],
        "pickTime": "2025-07-04 15:10:14"
    },
    {
        "replenish": true,
        "skus": [
            [
                "SKU-000317C",
                1
            ],
            [
                "SKU-000403B",
                1
            ],
            [
                "SKU-000118C",
                1
            ],
            [
                "SKU-000153A",
                1
            ]
        ],
        "pickTime": "2025-07-04 17:07:32"
    },
    {
        "replenish": true,
        "skus": [
            [
                "SKU-000497C",
                1
            ]
        ],
        "pickTime": "2025-07-05 00:31:04"
    },
    {
        "replenish": true,
        "skus": [
            [
                "SKU-000134B",
                1
            ],
            [
                "SKU-000129C",
                1
            ]
        ],
        "pickTime": "2025-07-05 05:27:43"
    },
    {
        "replenish": true,
        "skus": [
            [
                "SKU-000235C",
                1
            ],
            [
                "SKU-000484C",
                1
            ],
            [
                "SKU-000462D",
                1
            ],
            [
                "SKU-000336D",
                1
            ],
            [
                "SKU-000461B",
                1
            ]
        ],
        "pickTime": "2025-07-05 20:29:55"
    },
    {
        "replenish": true,
        "skus": [
            [
                "SKU-000436D",
                1
            ],
            [
                "SKU-000066A",
                1
            ],
            [
                "SKU-000088D",
                1
            ],
            [
                "SKU-000118C",
                1
            ],
            [
                "SKU-000273C",
                1
            ],
            [
                "SKU-000355D",
                1
            ],
            [
                "SKU-000498D",
                1
            ],
            [
                "SKU-000116B",
                1
            ]
        ],
        "pickTime": "2025-07-06 06:19:38"
    },
    {
        "replenish": true,
        "skus": [
            [
                "SKU-000186C",
                1
            ]
        ],
        "pickTime": "2025-07-06 06:33:58"
    },
    {
        "replenish": true,
        "skus": [
            [
                "SKU-000208D",
                1
            ],
            [
                "SKU-000361D",
                1
            ]
        ],
        "pickTime": "2025-07-06 08:39:00"
    },
    {
        "replenish": true,
        "skus": [
            [
                "SKU-000417A",
                1
            ],
            [
                "SKU-000416B",
                1
            ],
            [
                "SKU-000074B",
                1
            ],
            [
                "SKU-000492B",
                1
            ],
            [
                "SKU-000055C",
                1
            ]
        ],
        "pickTime": "2025-07-06 10:36:32"
    },
    {
        "replenish": true,
        "skus": [
            [
                "SKU-000460A",
                1
            ],
            [
                "SKU-000227C",
                1
            ],
            [
                "SKU-000257B",
                1
            ],
            [
                "SKU-000496C",
                1
            ],
            [
                "SKU-000324D",
                1
            ],
            [
                "SKU-000392A",
                1
            ]
        ],
        "pickTime": "2025-07-06 15:40:38"
    },
    {
        "replenish": true,
        "skus": [
            [
                "SKU-000064B",
                1
            ],
            [
                "SKU-000299D",
                1
            ],
            [
                "SKU-000432C",
                1
            ]
        ],
        "pickTime": "2025-07-06 20:10:04"
    },
    {
        "replenish": true,
        "skus": [
            [
                "SKU-000340B",
                1
            ],
            [
                "SKU-000448A",
                1
            ],
            [
                "SKU-000080A",
                1
            ],
            [
                "SKU-000296B",
                1
            ],
            [
                "SKU-000129D",
                1
            ],
            [
                "SKU-000499A",
                1
            ]
        ],
        "pickTime": "2025-07-07 00:44:27"
    },
    {
        "replenish": true,
        "skus": [
            [
                "SKU-000420D",
                1
            ],
            [
                "SKU-000225B",
                1
            ],
            [
                "SKU-000450C",
                1
            ],
            [
                "SKU-000015D",
                1
            ],
            [
                "SKU-000058A",
                1
            ],
            [
                "SKU-000237D",
                1
            ],
            [
                "SKU-000210B",
                1
            ],
            [
                "SKU-000498C",
                1
            ],
            [
                "SKU-000323A",
                1
            ],
            [
                "SKU-000427A",
                1
            ],
            [
                "SKU-000475A",
                1
            ],
            [
                "SKU-000285D",
                1
            ],
            [
                "SKU-000279B",
                1
            ]
        ],
        "pickTime": "2025-07-07 04:01:10"
    },
    {
        "replenish": true,
        "skus": [
            [
                "SKU-000338B",
                1
            ],
            [
                "SKU-000046A",
                1
            ],
            [
                "SKU-000187D",
                1
            ],
            [
                "SKU-000154D",
                1
            ],
            [
                "SKU-000332B",
                1
            ],
            [
                "SKU-000057B",
                1
            ],
            [
                "SKU-000475D",
                1
            ],
            [
                "SKU-000475D",
                1
            ]
        ],
        "pickTime": "2025-07-08 03:55:41"
    },
    {
        "replenish": true,
        "skus": [
            [
                "SKU-000396A",
                1
            ]
        ],
        "pickTime": "2025-07-08 22:49:38"
    },
    {
        "replenish": true,
        "skus": [
            [
                "SKU-000296A",
                1
            ],
            [
                "SKU-000184C",
                1
            ],
            [
                "SKU-000348C",
                1
            ],
            [
                "SKU-000035D",
                1
            ],
            [
                "SKU-000272C",
                1
            ],
            [
                "SKU-000390C",
                1
            ],
            [
                "SKU-000367C",
                1
            ]
        ],
        "pickTime": "2025-07-09 00:59:50"
    },
    {
        "replenish": true,
        "skus": [
            [
                "SKU-000280D",
                1
            ],
            [
                "SKU-000128C",
                1
            ],
            [
                "SKU-000297D",
                1
            ],
            [
                "SKU-000343B",
                1
            ],
            [
                "SKU-000275C",
                1
            ],
            [
                "SKU-000216A",
                1
            ],
            [
                "SKU-000053B",
                1
            ],
            [
                "SKU-000007D",
                1
            ]
        ],
        "pickTime": "2025-07-09 02:30:12"
    },
    {
        "replenish": true,
        "skus": [
            [
                "SKU-000474C",
                1
            ],
            [
                "SKU-000438D",
                1
            ],
            [
                "SKU-000490A",
                1
            ],
            [
                "SKU-000246C",
                1
            ],
            [
                "SKU-000445B",
                1
            ],
            [
                "SKU-000472C",
                1
            ]
        ],
        "pickTime": "2025-07-09 02:47:01"
    },
    {
        "replenish": true,
        "skus": [
            [
                "SKU-000463A",
                1
            ],
            [
                "SKU-000381C",
                1
            ],
            [
                "SKU-000199A",
                1
            ],
            [
                "SKU-000483C",
                1
            ],
            [
                "SKU-000174C",
                1
            ],
            [
                "SKU-000370A",
                1
            ]
        ],
        "pickTime": "2025-07-09 04:56:12"
    },
    {
        "replenish": true,
        "skus": [
            [
                "SKU-000462A",
                1
            ],
            [
                "SKU-000127C",
                1
            ],
            [
                "SKU-000010B",
                1
            ],
            [
                "SKU-000430B",
                1
            ],
            [
                "SKU-000213C",
                1
            ],
            [
                "SKU-000418A",
                1
            ],
            [
                "SKU-000212A",
                1
            ],
            [
                "SKU-000406D",
                1
            ],
            [
                "SKU-000331A",
                1
            ],
            [
                "SKU-000305B",
                1
            ],
            [
                "SKU-000382A",
                1
            ],
            [
                "SKU-000458D",
                1
            ],
            [
                "SKU-000499A",
                1
            ],
            [
                "SKU-000210D",
                1
            ],
            [
                "SKU-000432B",
                1
            ]
        ],
        "pickTime": "2025-07-09 21:19:53"
    },
    {
        "replenish": true,
        "skus": [
            [
                "SKU-000034D",
                1
            ]
        ],
        "pickTime": "2025-07-10 00:13:51"
    },
    {
        "replenish": true,
        "skus": [
            [
                "SKU-000151D",
                1
            ]
        ],
        "pickTime": "2025-07-10 00:18:18"
    },
    {
        "replenish": true,
        "skus": [
            [
                "SKU-000322D",
                1
            ],
            [
                "SKU-000066A",
                1
            ],
            [
                "SKU-000135D",
                1
            ],
            [
                "SKU-000458B",
                1
            ]
        ],
        "pickTime": "2025-07-10 00:45:13"
    },
    {
        "replenish": true,
        "skus": [
            [
                "SKU-000317C",
                1
            ]
        ],
        "pickTime": "2025-07-10 06:51:56"
    },
    {
        "replenish": true,
        "skus": [
            [
                "SKU-000167C",
                1
            ],
            [
                "SKU-000430D",
                1
            ],
            [
                "SKU-000425D",
                1
            ],
            [
                "SKU-000281C",
                1
            ]
        ],
        "pickTime": "2025-07-10 21:09:05"
    },
    {
        "replenish": true,
        "skus": [
            [
                "SKU-000343B",
                1
            ],
            [
                "SKU-000159A",
                1
            ],
            [
                "SKU-000341D",
                1
            ],
            [
                "SKU-000221B",
                1
            ],
            [
                "SKU-000161D",
                1
            ],
            [
                "SKU-000285D",
                1
            ],
            [
                "SKU-000049A",
                1
            ],
            [
                "SKU-000497C",
                1
            ]
        ],
        "pickTime": "2025-07-11 06:00:33"
    },
    {
        "replenish": true,
        "skus": [
            [
                "SKU-000420D",
                1
            ],
            [
                "SKU-000311D",
                1
            ],
            [
                "SKU-000120C",
                1
            ],
            [
                "SKU-000371B",
                1
            ],
            [
                "SKU-000406D",
                1
            ],
            [
                "SKU-000461B",
                1
            ],
            [
                "SKU-000403B",
                1
            ],
            [
                "SKU-000206A",
                1
            ],
            [
                "SKU-000407B",
                1
            ],
            [
                "SKU-000136D",
                1
            ]
        ],
        "pickTime": "2025-07-11 14:37:36"
    },
    {
        "replenish": true,
        "skus": [
            [
                "SKU-000163C",
                1
            ],
            [
                "SKU-000235C",
                1
            ]
        ],
        "pickTime": "2025-07-12 00:45:47"
    },
    {
        "replenish": true,
        "skus": [
            [
                "SKU-000386D",
                1
            ],
            [
                "SKU-000105A",
                1
            ],
            [
                "SKU-000103D",
                1
            ],
            [
                "SKU-000430B",
                1
            ],
            [
                "SKU-000409C",
                1
            ],
            [
                "SKU-000057C",
                1
            ],
            [
                "SKU-000353D",
                1
            ],
            [
                "SKU-000004A",
                1
            ]
        ],
        "pickTime": "2025-07-12 10:09:02"
    },
    {
        "replenish": true,
        "skus": [
            [
                "SKU-000439A",
                1
            ],
            [
                "SKU-000332B",
                1
            ]
        ],
        "pickTime": "2025-07-12 17:52:36"
    },
    {
        "replenish": true,
        "skus": [
            [
                "SKU-000394A",
                1
            ],
            [
                "SKU-000231B",
                1
            ]
        ],
        "pickTime": "2025-07-12 22:14:49"
    },
    {
        "replenish": true,
        "skus": [
            [
                "SKU-000493D",
                1
            ],
            [
                "SKU-000400A",
                1
            ],
            [
                "SKU-000302A",
                1
            ],
            [
                "SKU-000324B",
                1
            ],
            [
                "SKU-000254C",
                1
            ],
            [
                "SKU-000494A",
                1
            ],
            [
                "SKU-000256A",
                1
            ],
            [
                "SKU-000184C",
                1
            ],
            [
                "SKU-000048D",
                1
            ],
            [
                "SKU-000430D",
                1
            ],
            [
                "SKU-000026B",
                1
            ],
            [
                "SKU-000279B",
                1
            ],
            [
                "SKU-000223D",
                1
            ],
            [
                "SKU-000003D",
                1
            ],
            [
                "SKU-000301B",
                1
            ],
            [
                "SKU-000355A",
                1
            ],
            [
                "SKU-000029C",
                1
            ],
            [
                "SKU-000112B",
                1
            ],
            [
                "SKU-000253B",
                1
            ],
            [
                "SKU-000018A",
                1
            ],
            [
                "SKU-000260A",
                1
            ],
            [
                "SKU-000430B",
                1
            ],
            [
                "SKU-000079A",
                1
            ],
            [
                "SKU-000079B",
                1
            ],
            [
                "SKU-000352C",
                1
            ],
            [
                "SKU-000445D",
                1
            ],
            [
                "SKU-000106D",
                1
            ],
            [
                "SKU-000323C",
                1
            ],
            [
                "SKU-000367D",
                1
            ],
            [
                "SKU-000499C",
                1
            ],
            [
                "SKU-000239B",
                1
            ],
            [
                "SKU-000456C",
                1
            ],
            [
                "SKU-000193B",
                1
            ],
            [
                "SKU-000195D",
                1
            ],
            [
                "SKU-000090B",
                1
            ],
            [
                "SKU-000193B",
                1
            ],
            [
                "SKU-000324C",
                1
            ],
            [
                "SKU-000221D",
                1
            ],
            [
                "SKU-000070D",
                1
            ],
            [
                "SKU-000164B",
                1
            ],
            [
                "SKU-000446D",
                1
            ],
            [
                "SKU-000400A",
                1
            ],
            [
                "SKU-000112A",
                1
            ]
        ],
        "pickTime": "2025-07-13 04:14:45"
    },
    {
        "replenish": true,
        "skus": [
            [
                "SKU-000101B",
                1
            ],
            [
                "SKU-000040D",
                1
            ],
            [
                "SKU-000277D",
                1
            ],
            [
                "SKU-000055B",
                1
            ],
            [
                "SKU-000366D",
                1
            ],
            [
                "SKU-000103C",
                1
            ],
            [
                "SKU-000009C",
                1
            ],
            [
                "SKU-000066A",
                1
            ],
            [
                "SKU-000184C",
                1
            ],
            [
                "SKU-000188C",
                1
            ],
            [
                "SKU-000382A",
                1
            ],
            [
                "SKU-000021A",
                1
            ],
            [
                "SKU-000330B",
                1
            ],
            [
                "SKU-000496D",
                1
            ],
            [
                "SKU-000037C",
                1
            ],
            [
                "SKU-000340B",
                1
            ],
            [
                "SKU-000482C",
                1
            ],
            [
                "SKU-000429C",
                1
            ]
        ],
        "pickTime": "2025-07-13 17:58:32"
    },
    {
        "replenish": true,
        "skus": [
            [
                "SKU-000447B",
                1
            ],
            [
                "SKU-000348C",
                1
            ],
            [
                "SKU-000045C",
                1
            ],
            [
                "SKU-000456A",
                1
            ],
            [
                "SKU-000314B",
                1
            ],
            [
                "SKU-000078A",
                1
            ],
            [
                "SKU-000147A",
                1
            ],
            [
                "SKU-000252B",
                1
            ],
            [
                "SKU-000355C",
                1
            ],
            [
                "SKU-000194A",
                1
            ]
        ],
        "pickTime": "2025-07-13 23:53:46"
    },
    {
        "replenish": true,
        "skus": [
            [
                "SKU-000490A",
                1
            ],
            [
                "SKU-000110D",
                1
            ],
            [
                "SKU-000158D",
                1
            ],
            [
                "SKU-000392A",
                1
            ],
            [
                "SKU-000449D",
                1
            ]
        ],
        "pickTime": "2025-07-14 21:31:25"
    },
    {
        "replenish": true,
        "skus": [
            [
                "SKU-000307D",
                1
            ],
            [
                "SKU-000407B",
                1
            ],
            [
                "SKU-000326C",
                1
            ],
            [
                "SKU-000261C",
                1
            ],
            [
                "SKU-000035C",
                1
            ],
            [
                "SKU-000186A",
                1
            ],
            [
                "SKU-000285A",
                1
            ],
            [
                "SKU-000189B",
                1
            ],
            [
                "SKU-000243A",
                1
            ]
        ],
        "pickTime": "2025-07-15 00:15:35"
    },
    {
        "replenish": true,
        "skus": [
            [
                "SKU-000475D",
                1
            ],
            [
                "SKU-000251D",
                1
            ],
            [
                "SKU-000287D",
                1
            ],
            [
                "SKU-000178A",
                1
            ],
            [
                "SKU-000174B",
                1
            ]
        ],
        "pickTime": "2025-07-15 02:39:51"
    },
    {
        "replenish": true,
        "skus": [
            [
                "SKU-000313A",
                1
            ],
            [
                "SKU-000139A",
                1
            ]
        ],
        "pickTime": "2025-07-15 05:03:34"
    },
    {
        "replenish": true,
        "skus": [
            [
                "SKU-000010B",
                1
            ]
        ],
        "pickTime": "2025-07-15 16:33:14"
    },
    {
        "replenish": true,
        "skus": [
            [
                "SKU-000066A",
                1
            ],
            [
                "SKU-000106D",
                1
            ],
            [
                "SKU-000216A",
                1
            ],
            [
                "SKU-000430D",
                1
            ],
            [
                "SKU-000418A",
                1
            ],
            [
                "SKU-000098D",
                1
            ],
            [
                "SKU-000137A",
                1
            ],
            [
                "SKU-000226C",
                1
            ],
            [
                "SKU-000276B",
                1
            ],
            [
                "SKU-000406D",
                1
            ],
            [
                "SKU-000472D",
                1
            ],
            [
                "SKU-000392D",
                1
            ],
            [
                "SKU-000142B",
                1
            ],
            [
                "SKU-000277D",
                1
            ],
            [
                "SKU-000188C",
                1
            ],
            [
                "SKU-000072A",
                1
            ],
            [
                "SKU-000188C",
                1
            ],
            [
                "SKU-000270D",
                1
            ],
            [
                "SKU-000059B",
                1
            ],
            [
                "SKU-000009B",
                1
            ],
            [
                "SKU-000462B",
                1
            ],
            [
                "SKU-000263B",
                1
            ],
            [
                "SKU-000079D",
                1
            ]
        ],
        "pickTime": "2025-07-15 21:22:21"
    },
    {
        "replenish": true,
        "skus": [
            [
                "SKU-000343B",
                1
            ]
        ],
        "pickTime": "2025-07-16 02:08:43"
    },
    {
        "replenish": true,
        "skus": [
            [
                "SKU-000045B",
                1
            ],
            [
                "SKU-000436B",
                1
            ],
            [
                "SKU-000373D",
                1
            ],
            [
                "SKU-000120C",
                1
            ],
            [
                "SKU-000311B",
                1
            ],
            [
                "SKU-000345C",
                1
            ],
            [
                "SKU-000156D",
                1
            ],
            [
                "SKU-000155A",
                1
            ],
            [
                "SKU-000130D",
                1
            ],
            [
                "SKU-000136D",
                1
            ],
            [
                "SKU-000048C",
                1
            ],
            [
                "SKU-000481C",
                1
            ],
            [
                "SKU-000456A",
                1
            ],
            [
                "SKU-000131D",
                1
            ],
            [
                "SKU-000009C",
                1
            ]
        ],
        "pickTime": "2025-07-16 03:45:40"
    },
    {
        "replenish": true,
        "skus": [
            [
                "SKU-000199C",
                1
            ],
            [
                "SKU-000462B",
                1
            ],
            [
                "SKU-000428D",
                1
            ],
            [
                "SKU-000494B",
                1
            ]
        ],
        "pickTime": "2025-07-16 12:40:10"
    },
    {
        "replenish": true,
        "skus": [
            [
                "SKU-000033C",
                1
            ]
        ],
        "pickTime": "2025-07-16 21:21:03"
    },
    {
        "replenish": false,
        "skus": [
            [
                "SKU-000121B",
                1
            ]
        ],
        "pickTime": "2025-07-17 05:57:08"
    },
    {
        "replenish": false,
        "skus": [
            [
                "SKU-000082B",
                1
            ],
            [
                "SKU-000260C",
                1
            ]
        ],
        "pickTime": "2025-07-17 12:03:16"
    },
    {
        "replenish": false,
        "skus": [
            [
                "SKU-000493D",
                1
            ],
            [
                "SKU-000175B",
                1
            ],
            [
                "SKU-000392A",
                1
            ],
            [
                "SKU-000482C",
                1
            ],
            [
                "SKU-000089B",
                1
            ],
            [
                "SKU-000029B",
                1
            ],
            [
                "SKU-000373D",
                1
            ]
        ],
        "pickTime": "2025-07-17 21:48:08"
    },
    {
        "replenish": false,
        "skus": [
            [
                "SKU-000206C",
                1
            ],
            [
                "SKU-000348C",
                1
            ]
        ],
        "pickTime": "2025-07-17 22:45:09"
    },
    {
        "replenish": false,
        "skus": [
            [
                "SKU-000390A",
                1
            ],
            [
                "SKU-000492B",
                1
            ],
            [
                "SKU-000474A",
                1
            ]
        ],
        "pickTime": "2025-07-18 01:15:06"
    },
    {
        "replenish": false,
        "skus": [
            [
                "SKU-000217A",
                1
            ],
            [
                "SKU-000336B",
                1
            ],
            [
                "SKU-000254C",
                1
            ],
            [
                "SKU-000192B",
                1
            ],
            [
                "SKU-000043B",
                1
            ]
        ],
        "pickTime": "2025-07-18 06:20:30"
    },
    {
        "replenish": false,
        "skus": [
            [
                "SKU-000379A",
                1
            ],
            [
                "SKU-000243A",
                1
            ],
            [
                "SKU-000066A",
                1
            ],
            [
                "SKU-000253B",
                1
            ],
            [
                "SKU-000041A",
                1
            ],
            [
                "SKU-000159A",
                1
            ],
            [
                "SKU-000489B",
                1
            ],
            [
                "SKU-000400C",
                1
            ],
            [
                "SKU-000178C",
                1
            ],
            [
                "SKU-000046A",
                1
            ]
        ],
        "pickTime": "2025-07-18 07:26:14"
    },
    {
        "replenish": false,
        "skus": [
            [
                "SKU-000436D",
                1
            ],
            [
                "SKU-000101B",
                1
            ],
            [
                "SKU-000105A",
                1
            ],
            [
                "SKU-000129C",
                1
            ]
        ],
        "pickTime": "2025-07-18 08:57:13"
    },
    {
        "replenish": false,
        "skus": [
            [
                "SKU-000310C",
                1
            ],
            [
                "SKU-000252D",
                1
            ],
            [
                "SKU-000442C",
                1
            ],
            [
                "SKU-000338B",
                1
            ]
        ],
        "pickTime": "2025-07-18 09:25:58"
    },
    {
        "replenish": false,
        "skus": [
            [
                "SKU-000323C",
                1
            ],
            [
                "SKU-000167C",
                1
            ]
        ],
        "pickTime": "2025-07-18 15:57:01"
    },
    {
        "replenish": false,
        "skus": [
            [
                "SKU-000425B",
                1
            ],
            [
                "SKU-000492A",
                1
            ],
            [
                "SKU-000160A",
                1
            ]
        ],
        "pickTime": "2025-07-18 16:32:26"
    },
    {
        "replenish": false,
        "skus": [
            [
                "SKU-000261A",
                1
            ],
            [
                "SKU-000370C",
                1
            ]
        ],
        "pickTime": "2025-07-19 08:29:49"
    },
    {
        "replenish": false,
        "skus": [
            [
                "SKU-000445D",
                1
            ],
            [
                "SKU-000079B",
                1
            ],
            [
                "SKU-000082B",
                1
            ]
        ],
        "pickTime": "2025-07-19 18:15:40"
    },
    {
        "replenish": false,
        "skus": [
            [
                "SKU-000396A",
                1
            ],
            [
                "SKU-000307B",
                1
            ]
        ],
        "pickTime": "2025-07-19 23:16:22"
    },
    {
        "replenish": false,
        "skus": [
            [
                "SKU-000040D",
                1
            ]
        ],
        "pickTime": "2025-07-20 01:14:18"
    },
    {
        "replenish": false,
        "skus": [
            [
                "SKU-000443C",
                1
            ],
            [
                "SKU-000062D",
                1
            ],
            [
                "SKU-000142B",
                1
            ],
            [
                "SKU-000352B",
                1
            ],
            [
                "SKU-000260A",
                1
            ]
        ],
        "pickTime": "2025-07-20 05:23:02"
    },
    {
        "replenish": false,
        "skus": [
            [
                "SKU-000405D",
                1
            ],
            [
                "SKU-000174B",
                1
            ],
            [
                "SKU-000270D",
                1
            ],
            [
                "SKU-000391B",
                1
            ],
            [
                "SKU-000243A",
                1
            ],
            [
                "SKU-000074D",
                1
            ]
        ],
        "pickTime": "2025-07-21 02:20:21"
    },
    {
        "replenish": false,
        "skus": [
            [
                "SKU-000302C",
                1
            ],
            [
                "SKU-000348D",
                1
            ],
            [
                "SKU-000385D",
                1
            ]
        ],
        "pickTime": "2025-07-21 08:06:31"
    },
    {
        "replenish": false,
        "skus": [
            [
                "SKU-000338B",
                1
            ],
            [
                "SKU-000272A",
                1
            ]
        ],
        "pickTime": "2025-07-21 15:41:01"
    },
    {
        "replenish": false,
        "skus": [
            [
                "SKU-000273B",
                1
            ],
            [
                "SKU-000098D",
                1
            ],
            [
                "SKU-000045D",
                1
            ],
            [
                "SKU-000283C",
                1
            ]
        ],
        "pickTime": "2025-07-21 21:07:22"
    },
    {
        "replenish": false,
        "skus": [
            [
                "SKU-000059B",
                1
            ],
            [
                "SKU-000106A",
                1
            ],
            [
                "SKU-000129C",
                1
            ],
            [
                "SKU-000212C",
                1
            ],
            [
                "SKU-000419C",
                1
            ],
            [
                "SKU-000391B",
                1
            ],
            [
                "SKU-000252C",
                1
            ],
            [
                "SKU-000101B",
                1
            ]
        ],
        "pickTime": "2025-07-22 04:32:48"
    },
    {
        "replenish": false,
        "skus": [
            [
                "SKU-000231C",
                1
            ],
            [
                "SKU-000155C",
                1
            ],
            [
                "SKU-000323C",
                1
            ],
            [
                "SKU-000468C",
                1
            ],
            [
                "SKU-000148B",
                1
            ],
            [
                "SKU-000448D",
                1
            ]
        ],
        "pickTime": "2025-07-22 21:41:57"
    },
    {
        "replenish": false,
        "skus": [
            [
                "SKU-000109A",
                1
            ],
            [
                "SKU-000178C",
                1
            ]
        ],
        "pickTime": "2025-07-23 08:21:11"
    },
    {
        "replenish": false,
        "skus": [
            [
                "SKU-000305B",
                1
            ],
            [
                "SKU-000139C",
                1
            ],
            [
                "SKU-000417A",
                1
            ],
            [
                "SKU-000439C",
                1
            ],
            [
                "SKU-000265D",
                1
            ],
            [
                "SKU-000473B",
                1
            ],
            [
                "SKU-000349B",
                1
            ],
            [
                "SKU-000286D",
                1
            ],
            [
                "SKU-000041B",
                1
            ],
            [
                "SKU-000116D",
                1
            ],
            [
                "SKU-000175B",
                1
            ]
        ],
        "pickTime": "2025-07-24 08:30:42"
    },
    {
        "replenish": false,
        "skus": [
            [
                "SKU-000486D",
                1
            ],
            [
                "SKU-000052C",
                1
            ]
        ],
        "pickTime": "2025-07-24 19:14:15"
    },
    {
        "replenish": false,
        "skus": [
            [
                "SKU-000432B",
                1
            ],
            [
                "SKU-000469D",
                1
            ],
            [
                "SKU-000256A",
                1
            ]
        ],
        "pickTime": "2025-07-24 21:22:24"
    },
    {
        "replenish": false,
        "skus": [
            [
                "SKU-000394B",
                1
            ]
        ],
        "pickTime": "2025-07-25 02:46:43"
    },
    {
        "replenish": false,
        "skus": [
            [
                "SKU-000051C",
                1
            ]
        ],
        "pickTime": "2025-07-25 12:02:09"
    },
    {
        "replenish": false,
        "skus": [
            [
                "SKU-000269D",
                1
            ],
            [
                "SKU-000460B",
                1
            ]
        ],
        "pickTime": "2025-07-25 12:36:29"
    },
    {
        "replenish": false,
        "skus": [
            [
                "SKU-000163B",
                1
            ],
            [
                "SKU-000190B",
                1
            ],
            [
                "SKU-000025D",
                1
            ]
        ],
        "pickTime": "2025-07-26 00:36:17"
    },
    {
        "replenish": false,
        "skus": [
            [
                "SKU-000373B",
                1
            ],
            [
                "SKU-000484A",
                1
            ],
            [
                "SKU-000045C",
                1
            ]
        ],
        "pickTime": "2025-07-26 03:58:12"
    },
    {
        "replenish": false,
        "skus": [
            [
                "SKU-000155A",
                1
            ],
            [
                "SKU-000314B",
                1
            ],
            [
                "SKU-000358C",
                1
            ],
            [
                "SKU-000049A",
                1
            ]
        ],
        "pickTime": "2025-07-26 09:31:10"
    },
    {
        "replenish": false,
        "skus": [
            [
                "SKU-000489A",
                1
            ],
            [
                "SKU-000479B",
                1
            ],
            [
                "SKU-000179A",
                1
            ],
            [
                "SKU-000168C",
                1
            ],
            [
                "SKU-000425C",
                1
            ],
            [
                "SKU-000174B",
                1
            ],
            [
                "SKU-000175B",
                1
            ],
            [
                "SKU-000322D",
                1
            ],
            [
                "SKU-000368C",
                1
            ]
        ],
        "pickTime": "2025-07-26 10:32:49"
    },
    {
        "replenish": false,
        "skus": [
            [
                "SKU-000434C",
                1
            ],
            [
                "SKU-000034C",
                1
            ],
            [
                "SKU-000131A",
                1
            ],
            [
                "SKU-000387A",
                1
            ],
            [
                "SKU-000196A",
                1
            ]
        ],
        "pickTime": "2025-07-26 12:33:39"
    },
    {
        "replenish": false,
        "skus": [
            [
                "SKU-000440D",
                1
            ],
            [
                "SKU-000029A",
                1
            ],
            [
                "SKU-000106D",
                1
            ],
            [
                "SKU-000433A",
                1
            ],
            [
                "SKU-000305B",
                1
            ],
            [
                "SKU-000260C",
                1
            ],
            [
                "SKU-000332B",
                1
            ],
            [
                "SKU-000083D",
                1
            ]
        ],
        "pickTime": "2025-07-26 20:03:34"
    },
    {
        "replenish": false,
        "skus": [
            [
                "SKU-000202A",
                1
            ],
            [
                "SKU-000130D",
                1
            ]
        ],
        "pickTime": "2025-07-27 14:18:21"
    },
    {
        "replenish": false,
        "skus": [
            [
                "SKU-000432B",
                1
            ],
            [
                "SKU-000432B",
                1
            ],
            [
                "SKU-000182A",
                1
            ],
            [
                "SKU-000034C",
                1
            ],
            [
                "SKU-000155C",
                1
            ],
            [
                "SKU-000136D",
                1
            ],
            [
                "SKU-000450B",
                1
            ]
        ],
        "pickTime": "2025-07-27 19:18:26"
    },
    {
        "replenish": false,
        "skus": [
            [
                "SKU-000254C",
                1
            ],
            [
                "SKU-000430D",
                1
            ],
            [
                "SKU-000458D",
                1
            ],
            [
                "SKU-000418D",
                1
            ],
            [
                "SKU-000324D",
                1
            ],
            [
                "SKU-000052A",
                1
            ],
            [
                "SKU-000254C",
                1
            ],
            [
                "SKU-000157A",
                1
            ]
        ],
        "pickTime": "2025-07-28 10:43:51"
    },
    {
        "replenish": false,
        "skus": [
            [
                "SKU-000131C",
                1
            ],
            [
                "SKU-000132D",
                1
            ],
            [
                "SKU-000161D",
                1
            ],
            [
                "SKU-000153B",
                1
            ],
            [
                "SKU-000068B",
                1
            ],
            [
                "SKU-000494B",
                1
            ]
        ],
        "pickTime": "2025-07-28 13:05:46"
    },
    {
        "replenish": false,
        "skus": [
            [
                "SKU-000163C",
                1
            ],
            [
                "SKU-000460B",
                1
            ]
        ],
        "pickTime": "2025-07-28 13:40:23"
    },
    {
        "replenish": false,
        "skus": [
            [
                "SKU-000260C",
                1
            ],
            [
                "SKU-000371C",
                1
            ],
            [
                "SKU-000083D",
                1
            ],
            [
                "SKU-000307A",
                1
            ],
            [
                "SKU-000270D",
                1
            ],
            [
                "SKU-000239B",
                1
            ]
        ],
        "pickTime": "2025-07-28 16:39:03"
    },
    {
        "replenish": false,
        "skus": [
            [
                "SKU-000313A",
                1
            ],
            [
                "SKU-000067A",
                1
            ]
        ],
        "pickTime": "2025-07-28 17:40:29"
    },
    {
        "replenish": false,
        "skus": [
            [
                "SKU-000211A",
                1
            ],
            [
                "SKU-000358B",
                1
            ],
            [
                "SKU-000251D",
                1
            ]
        ],
        "pickTime": "2025-07-29 04:35:26"
    },
    {
        "replenish": false,
        "skus": [
            [
                "SKU-000046A",
                1
            ],
            [
                "SKU-000133C",
                1
            ],
            [
                "SKU-000474A",
                1
            ],
            [
                "SKU-000044C",
                1
            ],
            [
                "SKU-000493D",
                1
            ],
            [
                "SKU-000311C",
                1
            ],
            [
                "SKU-000481C",
                1
            ]
        ],
        "pickTime": "2025-07-29 06:02:55"
    },
    {
        "replenish": false,
        "skus": [
            [
                "SKU-000418A",
                1
            ],
            [
                "SKU-000401D",
                1
            ],
            [
                "SKU-000346A",
                1
            ]
        ],
        "pickTime": "2025-07-29 08:12:08"
    },
    {
        "replenish": false,
        "skus": [
            [
                "SKU-000067A",
                1
            ],
            [
                "SKU-000228C",
                1
            ],
            [
                "SKU-000351D",
                1
            ]
        ],
        "pickTime": "2025-07-29 15:27:41"
    },
    {
        "replenish": false,
        "skus": [
            [
                "SKU-000494D",
                1
            ]
        ],
        "pickTime": "2025-07-29 16:56:39"
    },
    {
        "replenish": false,
        "skus": [
            [
                "SKU-000277D",
                1
            ]
        ],
        "pickTime": "2025-07-30 14:19:16"
    },
    {
        "replenish": false,
        "skus": [
            [
                "SKU-000286B",
                1
            ],
            [
                "SKU-000438D",
                1
            ]
        ],
        "pickTime": "2025-07-30 17:03:11"
    },
    {
        "replenish": false,
        "skus": [
            [
                "SKU-000324D",
                1
            ],
            [
                "SKU-000106D",
                1
            ]
        ],
        "pickTime": "2025-07-30 21:12:32"
    }
]