[
    {
        "replenish": true,
        "skus": [
            [
                "SKU-000252D",
                1
            ],
            [
                "SKU-000136B",
                1
            ]
        ],
        "pickTime": "2025-07-01 14:22:27"
    },
    {
        "replenish": true,
        "skus": [
            [
                "SKU-000191B",
                1
            ],
            [
                "SKU-000346A",
                1
            ],
            [
                "SKU-000202B",
                1
            ],
            [
                "SKU-000056B",
                1
            ],
            [
                "SKU-000217B",
                1
            ],
            [
                "SKU-000230D",
                1
            ],
            [
                "SKU-000053A",
                1
            ],
            [
                "SKU-000090D",
                1
            ],
            [
                "SKU-000255C",
                1
            ],
            [
                "SKU-000299C",
                1
            ]
        ],
        "pickTime": "2025-07-01 19:31:51"
    },
    {
        "replenish": true,
        "skus": [
            [
                "SKU-000346A",
                1
            ],
            [
                "SKU-000275D",
                1
            ],
            [
                "SKU-000062B",
                1
            ],
            [
                "SKU-000243D",
                1
            ],
            [
                "SKU-000116D",
                1
            ],
            [
                "SKU-000484C",
                1
            ],
            [
                "SKU-000071B",
                1
            ],
            [
                "SKU-000429A",
                1
            ],
            [
                "SKU-000412B",
                1
            ],
            [
                "SKU-000281C",
                1
            ],
            [
                "SKU-000331C",
                1
            ],
            [
                "SKU-000354D",
                1
            ],
            [
                "SKU-000074B",
                1
            ],
            [
                "SKU-000311C",
                1
            ],
            [
                "SKU-000240C",
                1
            ],
            [
                "SKU-000185B",
                1
            ],
            [
                "SKU-000439C",
                1
            ],
            [
                "SKU-000067A",
                1
            ],
            [
                "SKU-000129D",
                1
            ],
            [
                "SKU-000127C",
                1
            ]
        ],
        "pickTime": "2025-07-02 15:59:12"
    },
    {
        "replenish": true,
        "skus": [
            [
                "SKU-000265B",
                1
            ]
        ],
        "pickTime": "2025-07-02 19:35:36"
    },
    {
        "replenish": true,
        "skus": [
            [
                "SKU-000262D",
                1
            ],
            [
                "SKU-000034D",
                1
            ],
            [
                "SKU-000074A",
                1
            ],
            [
                "SKU-000410C",
                1
            ],
            [
                "SKU-000156C",
                1
            ],
            [
                "SKU-000116C",
                1
            ]
        ],
        "pickTime": "2025-07-03 18:02:33"
    },
    {
        "replenish": true,
        "skus": [
            [
                "SKU-000077C",
                1
            ],
            [
                "SKU-000106B",
                1
            ],
            [
                "SKU-000065D",
                1
            ],
            [
                "SKU-000192C",
                1
            ],
            [
                "SKU-000001B",
                1
            ]
        ],
        "pickTime": "2025-07-04 02:24:32"
    },
    {
        "replenish": true,
        "skus": [
            [
                "SKU-000116D",
                1
            ],
            [
                "SKU-000240B",
                1
            ],
            [
                "SKU-000464A",
                1
            ],
            [
                "SKU-000333D",
                1
            ],
            [
                "SKU-000054D",
                1
            ],
            [
                "SKU-000189A",
                1
            ],
            [
                "SKU-000448A",
                1
            ],
            [
                "SKU-000041C",
                1
            ]
        ],
        "pickTime": "2025-07-04 04:49:16"
    },
    {
        "replenish": true,
        "skus": [
            [
                "SKU-000283B",
                1
            ],
            [
                "SKU-000429C",
                1
            ],
            [
                "SKU-000260C",
                1
            ],
            [
                "SKU-000055B",
                1
            ],
            [
                "SKU-000315A",
                1
            ],
            [
                "SKU-000116D",
                1
            ],
            [
                "SKU-000448A",
                1
            ],
            [
                "SKU-000311C",
                1
            ],
            [
                "SKU-000036C",
                1
            ],
            [
                "SKU-000125A",
                1
            ],
            [
                "SKU-000210A",
                1
            ],
            [
                "SKU-000247D",
                1
            ]
        ],
        "pickTime": "2025-07-04 14:48:45"
    },
    {
        "replenish": true,
        "skus": [
            [
                "SKU-000444A",
                1
            ],
            [
                "SKU-000022D",
                1
            ],
            [
                "SKU-000183D",
                1
            ],
            [
                "SKU-000360B",
                1
            ],
            [
                "SKU-000265D",
                1
            ],
            [
                "SKU-000299B",
                1
            ],
            [
                "SKU-000164B",
                1
            ],
            [
                "SKU-000404B",
                1
            ],
            [
                "SKU-000287B",
                1
            ]
        ],
        "pickTime": "2025-07-05 03:26:55"
    },
    {
        "replenish": true,
        "skus": [
            [
                "SKU-000321C",
                1
            ],
            [
                "SKU-000331C",
                1
            ],
            [
                "SKU-000262C",
                1
            ]
        ],
        "pickTime": "2025-07-05 12:21:59"
    },
    {
        "replenish": true,
        "skus": [
            [
                "SKU-000412B",
                1
            ],
            [
                "SKU-000051B",
                1
            ],
            [
                "SKU-000470D",
                1
            ],
            [
                "SKU-000491D",
                1
            ]
        ],
        "pickTime": "2025-07-05 13:38:42"
    },
    {
        "replenish": true,
        "skus": [
            [
                "SKU-000346B",
                1
            ]
        ],
        "pickTime": "2025-07-05 13:57:24"
    },
    {
        "replenish": true,
        "skus": [
            [
                "SKU-000466A",
                1
            ]
        ],
        "pickTime": "2025-07-05 20:42:42"
    },
    {
        "replenish": true,
        "skus": [
            [
                "SKU-000267A",
                1
            ],
            [
                "SKU-000391D",
                1
            ],
            [
                "SKU-000286C",
                1
            ],
            [
                "SKU-000168B",
                1
            ],
            [
                "SKU-000400A",
                1
            ],
            [
                "SKU-000028C",
                1
            ],
            [
                "SKU-000320A",
                1
            ],
            [
                "SKU-000225A",
                1
            ],
            [
                "SKU-000487B",
                1
            ]
        ],
        "pickTime": "2025-07-06 13:05:49"
    },
    {
        "replenish": true,
        "skus": [
            [
                "SKU-000117A",
                1
            ],
            [
                "SKU-000254A",
                1
            ],
            [
                "SKU-000469B",
                1
            ],
            [
                "SKU-000077D",
                1
            ],
            [
                "SKU-000160C",
                1
            ],
            [
                "SKU-000116D",
                1
            ]
        ],
        "pickTime": "2025-07-07 03:25:02"
    },
    {
        "replenish": true,
        "skus": [
            [
                "SKU-000231B",
                1
            ],
            [
                "SKU-000403B",
                1
            ],
            [
                "SKU-000199A",
                1
            ],
            [
                "SKU-000264C",
                1
            ],
            [
                "SKU-000384B",
                1
            ]
        ],
        "pickTime": "2025-07-07 08:45:47"
    },
    {
        "replenish": true,
        "skus": [
            [
                "SKU-000315A",
                1
            ],
            [
                "SKU-000359B",
                1
            ]
        ],
        "pickTime": "2025-07-07 09:39:50"
    },
    {
        "replenish": true,
        "skus": [
            [
                "SKU-000007C",
                1
            ],
            [
                "SKU-000161B",
                1
            ],
            [
                "SKU-000453C",
                1
            ],
            [
                "SKU-000287B",
                1
            ],
            [
                "SKU-000495A",
                1
            ]
        ],
        "pickTime": "2025-07-07 16:06:25"
    },
    {
        "replenish": true,
        "skus": [
            [
                "SKU-000386C",
                1
            ],
            [
                "SKU-000057B",
                1
            ],
            [
                "SKU-000207C",
                1
            ],
            [
                "SKU-000200B",
                1
            ],
            [
                "SKU-000081D",
                1
            ],
            [
                "SKU-000218D",
                1
            ]
        ],
        "pickTime": "2025-07-07 18:03:21"
    },
    {
        "replenish": true,
        "skus": [
            [
                "SKU-000434B",
                1
            ],
            [
                "SKU-000355A",
                1
            ],
            [
                "SKU-000199D",
                1
            ],
            [
                "SKU-000151C",
                1
            ],
            [
                "SKU-000188C",
                1
            ],
            [
                "SKU-000414D",
                1
            ],
            [
                "SKU-000142A",
                1
            ],
            [
                "SKU-000246A",
                1
            ],
            [
                "SKU-000099C",
                1
            ],
            [
                "SKU-000135B",
                1
            ],
            [
                "SKU-000143B",
                1
            ],
            [
                "SKU-000108A",
                1
            ],
            [
                "SKU-000090D",
                1
            ],
            [
                "SKU-000048D",
                1
            ]
        ],
        "pickTime": "2025-07-07 19:04:49"
    },
    {
        "replenish": true,
        "skus": [
            [
                "SKU-000394B",
                1
            ],
            [
                "SKU-000331D",
                1
            ],
            [
                "SKU-000411D",
                1
            ]
        ],
        "pickTime": "2025-07-07 21:39:30"
    },
    {
        "replenish": true,
        "skus": [
            [
                "SKU-000164D",
                1
            ],
            [
                "SKU-000215D",
                1
            ],
            [
                "SKU-000421A",
                1
            ],
            [
                "SKU-000035D",
                1
            ],
            [
                "SKU-000086B",
                1
            ],
            [
                "SKU-000433B",
                1
            ]
        ],
        "pickTime": "2025-07-08 10:47:13"
    },
    {
        "replenish": true,
        "skus": [
            [
                "SKU-000299A",
                1
            ],
            [
                "SKU-000476B",
                1
            ],
            [
                "SKU-000373B",
                1
            ],
            [
                "SKU-000311B",
                1
            ],
            [
                "SKU-000487D",
                1
            ],
            [
                "SKU-000440C",
                1
            ],
            [
                "SKU-000028B",
                1
            ],
            [
                "SKU-000477D",
                1
            ],
            [
                "SKU-000182A",
                1
            ]
        ],
        "pickTime": "2025-07-08 13:21:17"
    },
    {
        "replenish": true,
        "skus": [
            [
                "SKU-000466A",
                1
            ],
            [
                "SKU-000284B",
                1
            ],
            [
                "SKU-000372C",
                1
            ],
            [
                "SKU-000168B",
                1
            ],
            [
                "SKU-000383A",
                1
            ]
        ],
        "pickTime": "2025-07-08 20:33:35"
    },
    {
        "replenish": true,
        "skus": [
            [
                "SKU-000370C",
                1
            ],
            [
                "SKU-000341A",
                1
            ],
            [
                "SKU-000199B",
                1
            ]
        ],
        "pickTime": "2025-07-09 16:19:31"
    },
    {
        "replenish": true,
        "skus": [
            [
                "SKU-000172B",
                1
            ],
            [
                "SKU-000370B",
                1
            ],
            [
                "SKU-000254A",
                1
            ]
        ],
        "pickTime": "2025-07-09 19:15:43"
    },
    {
        "replenish": true,
        "skus": [
            [
                "SKU-000311B",
                1
            ],
            [
                "SKU-000271B",
                1
            ],
            [
                "SKU-000023B",
                1
            ],
            [
                "SKU-000160C",
                1
            ],
            [
                "SKU-000270B",
                1
            ],
            [
                "SKU-000391B",
                1
            ],
            [
                "SKU-000093A",
                1
            ],
            [
                "SKU-000195A",
                1
            ],
            [
                "SKU-000176C",
                1
            ],
            [
                "SKU-000372D",
                1
            ],
            [
                "SKU-000207C",
                1
            ],
            [
                "SKU-000164B",
                1
            ]
        ],
        "pickTime": "2025-07-09 19:47:09"
    },
    {
        "replenish": true,
        "skus": [
            [
                "SKU-000394A",
                1
            ],
            [
                "SKU-000419C",
                1
            ],
            [
                "SKU-000088A",
                1
            ],
            [
                "SKU-000228C",
                1
            ],
            [
                "SKU-000227D",
                1
            ],
            [
                "SKU-000358C",
                1
            ],
            [
                "SKU-000473B",
                1
            ],
            [
                "SKU-000031C",
                1
            ],
            [
                "SKU-000176C",
                1
            ],
            [
                "SKU-000067C",
                1
            ],
            [
                "SKU-000224D",
                1
            ],
            [
                "SKU-000035C",
                1
            ],
            [
                "SKU-000043B",
                1
            ],
            [
                "SKU-000274D",
                1
            ]
        ],
        "pickTime": "2025-07-10 02:41:44"
    },
    {
        "replenish": true,
        "skus": [
            [
                "SKU-000114C",
                1
            ],
            [
                "SKU-000090A",
                1
            ],
            [
                "SKU-000260A",
                1
            ],
            [
                "SKU-000448D",
                1
            ],
            [
                "SKU-000256A",
                1
            ],
            [
                "SKU-000186D",
                1
            ],
            [
                "SKU-000031B",
                1
            ]
        ],
        "pickTime": "2025-07-10 04:25:39"
    },
    {
        "replenish": true,
        "skus": [
            [
                "SKU-000145C",
                1
            ],
            [
                "SKU-000496B",
                1
            ],
            [
                "SKU-000048C",
                1
            ],
            [
                "SKU-000370C",
                1
            ],
            [
                "SKU-000040A",
                1
            ],
            [
                "SKU-000432A",
                1
            ],
            [
                "SKU-000162D",
                1
            ]
        ],
        "pickTime": "2025-07-10 21:29:00"
    },
    {
        "replenish": true,
        "skus": [
            [
                "SKU-000368C",
                1
            ]
        ],
        "pickTime": "2025-07-11 07:38:14"
    },
    {
        "replenish": true,
        "skus": [
            [
                "SKU-000308D",
                1
            ],
            [
                "SKU-000281C",
                1
            ],
            [
                "SKU-000489D",
                1
            ],
            [
                "SKU-000143B",
                1
            ],
            [
                "SKU-000342C",
                1
            ]
        ],
        "pickTime": "2025-07-11 08:36:07"
    },
    {
        "replenish": true,
        "skus": [
            [
                "SKU-000486C",
                1
            ]
        ],
        "pickTime": "2025-07-11 08:46:22"
    },
    {
        "replenish": true,
        "skus": [
            [
                "SKU-000206C",
                1
            ],
            [
                "SKU-000241B",
                1
            ],
            [
                "SKU-000131C",
                1
            ],
            [
                "SKU-000167C",
                1
            ],
            [
                "SKU-000439A",
                1
            ],
            [
                "SKU-000216A",
                1
            ]
        ],
        "pickTime": "2025-07-11 11:31:43"
    },
    {
        "replenish": true,
        "skus": [
            [
                "SKU-000313A",
                1
            ],
            [
                "SKU-000162A",
                1
            ]
        ],
        "pickTime": "2025-07-11 16:37:51"
    },
    {
        "replenish": true,
        "skus": [
            [
                "SKU-000495B",
                1
            ],
            [
                "SKU-000213C",
                1
            ],
            [
                "SKU-000494D",
                1
            ]
        ],
        "pickTime": "2025-07-11 19:34:24"
    },
    {
        "replenish": true,
        "skus": [
            [
                "SKU-000221B",
                1
            ],
            [
                "SKU-000265D",
                1
            ]
        ],
        "pickTime": "2025-07-11 22:54:08"
    },
    {
        "replenish": true,
        "skus": [
            [
                "SKU-000498D",
                1
            ]
        ],
        "pickTime": "2025-07-12 14:57:22"
    },
    {
        "replenish": true,
        "skus": [
            [
                "SKU-000114B",
                1
            ],
            [
                "SKU-000351D",
                1
            ],
            [
                "SKU-000287B",
                1
            ],
            [
                "SKU-000255A",
                1
            ],
            [
                "SKU-000355C",
                1
            ],
            [
                "SKU-000026A",
                1
            ],
            [
                "SKU-000481D",
                1
            ],
            [
                "SKU-000038D",
                1
            ],
            [
                "SKU-000311C",
                1
            ]
        ],
        "pickTime": "2025-07-12 15:24:01"
    },
    {
        "replenish": true,
        "skus": [
            [
                "SKU-000473B",
                1
            ],
            [
                "SKU-000472C",
                1
            ],
            [
                "SKU-000247A",
                1
            ],
            [
                "SKU-000402B",
                1
            ],
            [
                "SKU-000348D",
                1
            ],
            [
                "SKU-000067B",
                1
            ],
            [
                "SKU-000499C",
                1
            ],
            [
                "SKU-000302A",
                1
            ],
            [
                "SKU-000366B",
                1
            ],
            [
                "SKU-000391B",
                1
            ],
            [
                "SKU-000188A",
                1
            ]
        ],
        "pickTime": "2025-07-12 21:04:53"
    },
    {
        "replenish": true,
        "skus": [
            [
                "SKU-000482C",
                1
            ],
            [
                "SKU-000031B",
                1
            ],
            [
                "SKU-000443A",
                1
            ],
            [
                "SKU-000429B",
                1
            ],
            [
                "SKU-000426C",
                1
            ],
            [
                "SKU-000266C",
                1
            ],
            [
                "SKU-000142A",
                1
            ]
        ],
        "pickTime": "2025-07-13 05:08:45"
    },
    {
        "replenish": true,
        "skus": [
            [
                "SKU-000208D",
                1
            ],
            [
                "SKU-000319D",
                1
            ]
        ],
        "pickTime": "2025-07-13 13:59:35"
    },
    {
        "replenish": true,
        "skus": [
            [
                "SKU-000155D",
                1
            ]
        ],
        "pickTime": "2025-07-14 01:13:13"
    },
    {
        "replenish": true,
        "skus": [
            [
                "SKU-000480A",
                1
            ],
            [
                "SKU-000430A",
                1
            ],
            [
                "SKU-000070D",
                1
            ],
            [
                "SKU-000348A",
                1
            ],
            [
                "SKU-000079B",
                1
            ],
            [
                "SKU-000203D",
                1
            ],
            [
                "SKU-000191C",
                1
            ],
            [
                "SKU-000374D",
                1
            ],
            [
                "SKU-000285B",
                1
            ],
            [
                "SKU-000404B",
                1
            ],
            [
                "SKU-000172D",
                1
            ],
            [
                "SKU-000203C",
                1
            ],
            [
                "SKU-000082D",
                1
            ],
            [
                "SKU-000215C",
                1
            ],
            [
                "SKU-000477A",
                1
            ],
            [
                "SKU-000432C",
                1
            ],
            [
                "SKU-000031B",
                1
            ],
            [
                "SKU-000434D",
                1
            ],
            [
                "SKU-000188A",
                1
            ],
            [
                "SKU-000355C",
                1
            ],
            [
                "SKU-000413D",
                1
            ]
        ],
        "pickTime": "2025-07-14 08:10:38"
    },
    {
        "replenish": true,
        "skus": [
            [
                "SKU-000001C",
                1
            ],
            [
                "SKU-000461A",
                1
            ],
            [
                "SKU-000168A",
                1
            ],
            [
                "SKU-000260C",
                1
            ],
            [
                "SKU-000229D",
                1
            ],
            [
                "SKU-000286C",
                1
            ],
            [
                "SKU-000217B",
                1
            ],
            [
                "SKU-000107B",
                1
            ],
            [
                "SKU-000265B",
                1
            ]
        ],
        "pickTime": "2025-07-14 12:02:29"
    },
    {
        "replenish": true,
        "skus": [
            [
                "SKU-000246A",
                1
            ],
            [
                "SKU-000331D",
                1
            ],
            [
                "SKU-000259D",
                1
            ],
            [
                "SKU-000113D",
                1
            ],
            [
                "SKU-000351A",
                1
            ],
            [
                "SKU-000256A",
                1
            ]
        ],
        "pickTime": "2025-07-14 17:34:27"
    },
    {
        "replenish": true,
        "skus": [
            [
                "SKU-000464A",
                1
            ],
            [
                "SKU-000426A",
                1
            ],
            [
                "SKU-000331D",
                1
            ]
        ],
        "pickTime": "2025-07-14 23:32:40"
    },
    {
        "replenish": true,
        "skus": [
            [
                "SKU-000162B",
                1
            ],
            [
                "SKU-000333D",
                1
            ],
            [
                "SKU-000060C",
                1
            ],
            [
                "SKU-000248C",
                1
            ],
            [
                "SKU-000408C",
                1
            ],
            [
                "SKU-000221D",
                1
            ],
            [
                "SKU-000464A",
                1
            ],
            [
                "SKU-000217C",
                1
            ],
            [
                "SKU-000482C",
                1
            ]
        ],
        "pickTime": "2025-07-15 06:01:59"
    },
    {
        "replenish": true,
        "skus": [
            [
                "SKU-000331D",
                1
            ],
            [
                "SKU-000355D",
                1
            ],
            [
                "SKU-000199A",
                1
            ],
            [
                "SKU-000331D",
                1
            ],
            [
                "SKU-000331A",
                1
            ],
            [
                "SKU-000060D",
                1
            ],
            [
                "SKU-000305C",
                1
            ],
            [
                "SKU-000443B",
                1
            ],
            [
                "SKU-000077C",
                1
            ]
        ],
        "pickTime": "2025-07-16 01:48:42"
    },
    {
        "replenish": true,
        "skus": [
            [
                "SKU-000452D",
                1
            ],
            [
                "SKU-000471D",
                1
            ],
            [
                "SKU-000085B",
                1
            ],
            [
                "SKU-000286D",
                1
            ],
            [
                "SKU-000185B",
                1
            ],
            [
                "SKU-000258A",
                1
            ]
        ],
        "pickTime": "2025-07-16 08:34:32"
    },
    {
        "replenish": false,
        "skus": [
            [
                "SKU-000391C",
                1
            ],
            [
                "SKU-000492A",
                1
            ],
            [
                "SKU-000242B",
                1
            ],
            [
                "SKU-000089C",
                1
            ],
            [
                "SKU-000413D",
                1
            ],
            [
                "SKU-000192B",
                1
            ],
            [
                "SKU-000231C",
                1
            ],
            [
                "SKU-000005D",
                1
            ]
        ],
        "pickTime": "2025-07-16 13:50:52"
    },
    {
        "replenish": false,
        "skus": [
            [
                "SKU-000186B",
                1
            ],
            [
                "SKU-000047D",
                1
            ]
        ],
        "pickTime": "2025-07-16 14:25:23"
    },
    {
        "replenish": false,
        "skus": [
            [
                "SKU-000188A",
                1
            ],
            [
                "SKU-000039C",
                1
            ]
        ],
        "pickTime": "2025-07-17 01:28:35"
    },
    {
        "replenish": false,
        "skus": [
            [
                "SKU-000340C",
                1
            ],
            [
                "SKU-000494D",
                1
            ],
            [
                "SKU-000018A",
                1
            ],
            [
                "SKU-000091D",
                1
            ],
            [
                "SKU-000278D",
                1
            ],
            [
                "SKU-000240D",
                1
            ],
            [
                "SKU-000196B",
                1
            ],
            [
                "SKU-000130D",
                1
            ],
            [
                "SKU-000147A",
                1
            ],
            [
                "SKU-000464A",
                1
            ]
        ],
        "pickTime": "2025-07-17 19:51:42"
    },
    {
        "replenish": false,
        "skus": [
            [
                "SKU-000101A",
                1
            ],
            [
                "SKU-000238A",
                1
            ]
        ],
        "pickTime": "2025-07-17 22:25:17"
    },
    {
        "replenish": false,
        "skus": [
            [
                "SKU-000431C",
                1
            ],
            [
                "SKU-000102D",
                1
            ],
            [
                "SKU-000067D",
                1
            ],
            [
                "SKU-000406D",
                1
            ],
            [
                "SKU-000404B",
                1
            ],
            [
                "SKU-000443C",
                1
            ],
            [
                "SKU-000176C",
                1
            ],
            [
                "SKU-000152D",
                1
            ],
            [
                "SKU-000042C",
                1
            ]
        ],
        "pickTime": "2025-07-18 01:32:32"
    },
    {
        "replenish": false,
        "skus": [
            [
                "SKU-000050D",
                1
            ],
            [
                "SKU-000498D",
                1
            ],
            [
                "SKU-000357B",
                1
            ],
            [
                "SKU-000256A",
                1
            ],
            [
                "SKU-000454D",
                1
            ]
        ],
        "pickTime": "2025-07-18 08:19:28"
    },
    {
        "replenish": false,
        "skus": [
            [
                "SKU-000114C",
                1
            ],
            [
                "SKU-000299C",
                1
            ],
            [
                "SKU-000098D",
                1
            ],
            [
                "SKU-000107A",
                1
            ]
        ],
        "pickTime": "2025-07-18 16:00:53"
    },
    {
        "replenish": false,
        "skus": [
            [
                "SKU-000035D",
                1
            ],
            [
                "SKU-000120D",
                1
            ],
            [
                "SKU-000372C",
                1
            ]
        ],
        "pickTime": "2025-07-18 17:00:18"
    },
    {
        "replenish": false,
        "skus": [
            [
                "SKU-000172D",
                1
            ],
            [
                "SKU-000406D",
                1
            ],
            [
                "SKU-000215B",
                1
            ],
            [
                "SKU-000039C",
                1
            ]
        ],
        "pickTime": "2025-07-18 20:26:33"
    },
    {
        "replenish": false,
        "skus": [
            [
                "SKU-000417B",
                1
            ],
            [
                "SKU-000005D",
                1
            ]
        ],
        "pickTime": "2025-07-19 01:43:01"
    },
    {
        "replenish": false,
        "skus": [
            [
                "SKU-000417D",
                1
            ],
            [
                "SKU-000039C",
                1
            ]
        ],
        "pickTime": "2025-07-19 03:06:47"
    },
    {
        "replenish": false,
        "skus": [
            [
                "SKU-000281D",
                1
            ],
            [
                "SKU-000453D",
                1
            ],
            [
                "SKU-000300A",
                1
            ]
        ],
        "pickTime": "2025-07-19 16:10:11"
    },
    {
        "replenish": false,
        "skus": [
            [
                "SKU-000110A",
                1
            ],
            [
                "SKU-000386D",
                1
            ],
            [
                "SKU-000331A",
                1
            ],
            [
                "SKU-000286C",
                1
            ],
            [
                "SKU-000056B",
                1
            ],
            [
                "SKU-000285B",
                1
            ]
        ],
        "pickTime": "2025-07-19 18:22:00"
    },
    {
        "replenish": false,
        "skus": [
            [
                "SKU-000052C",
                1
            ],
            [
                "SKU-000352B",
                1
            ]
        ],
        "pickTime": "2025-07-19 21:51:31"
    },
    {
        "replenish": false,
        "skus": [
            [
                "SKU-000404D",
                1
            ],
            [
                "SKU-000030A",
                1
            ]
        ],
        "pickTime": "2025-07-21 07:08:48"
    },
    {
        "replenish": false,
        "skus": [
            [
                "SKU-000443A",
                1
            ],
            [
                "SKU-000038D",
                1
            ]
        ],
        "pickTime": "2025-07-21 10:44:40"
    },
    {
        "replenish": false,
        "skus": [
            [
                "SKU-000092A",
                1
            ],
            [
                "SKU-000281C",
                1
            ]
        ],
        "pickTime": "2025-07-21 14:47:28"
    },
    {
        "replenish": false,
        "skus": [
            [
                "SKU-000374C",
                1
            ],
            [
                "SKU-000466A",
                1
            ],
            [
                "SKU-000037C",
                1
            ],
            [
                "SKU-000048B",
                1
            ],
            [
                "SKU-000429A",
                1
            ]
        ],
        "pickTime": "2025-07-22 00:59:46"
    },
    {
        "replenish": false,
        "skus": [
            [
                "SKU-000102D",
                1
            ],
            [
                "SKU-000102D",
                1
            ]
        ],
        "pickTime": "2025-07-22 04:52:14"
    },
    {
        "replenish": false,
        "skus": [
            [
                "SKU-000222B",
                1
            ],
            [
                "SKU-000131B",
                1
            ]
        ],
        "pickTime": "2025-07-22 11:16:54"
    },
    {
        "replenish": false,
        "skus": [
            [
                "SKU-000434B",
                1
            ],
            [
                "SKU-000039C",
                1
            ],
            [
                "SKU-000109D",
                1
            ],
            [
                "SKU-000498D",
                1
            ],
            [
                "SKU-000183B",
                1
            ],
            [
                "SKU-000226C",
                1
            ]
        ],
        "pickTime": "2025-07-22 16:53:21"
    },
    {
        "replenish": false,
        "skus": [
            [
                "SKU-000106B",
                1
            ],
            [
                "SKU-000225A",
                1
            ],
            [
                "SKU-000368B",
                1
            ]
        ],
        "pickTime": "2025-07-22 21:19:23"
    },
    {
        "replenish": false,
        "skus": [
            [
                "SKU-000353B",
                1
            ]
        ],
        "pickTime": "2025-07-22 23:43:51"
    },
    {
        "replenish": false,
        "skus": [
            [
                "SKU-000153B",
                1
            ],
            [
                "SKU-000187D",
                1
            ],
            [
                "SKU-000496B",
                1
            ],
            [
                "SKU-000466A",
                1
            ]
        ],
        "pickTime": "2025-07-23 17:24:21"
    },
    {
        "replenish": false,
        "skus": [
            [
                "SKU-000257D",
                1
            ],
            [
                "SKU-000274D",
                1
            ],
            [
                "SKU-000402B",
                1
            ]
        ],
        "pickTime": "2025-07-24 02:41:58"
    },
    {
        "replenish": false,
        "skus": [
            [
                "SKU-000121A",
                1
            ],
            [
                "SKU-000319D",
                1
            ],
            [
                "SKU-000172D",
                1
            ],
            [
                "SKU-000221C",
                1
            ],
            [
                "SKU-000402B",
                1
            ],
            [
                "SKU-000305C",
                1
            ],
            [
                "SKU-000333D",
                1
            ],
            [
                "SKU-000496B",
                1
            ],
            [
                "SKU-000088A",
                1
            ],
            [
                "SKU-000346B",
                1
            ],
            [
                "SKU-000099D",
                1
            ]
        ],
        "pickTime": "2025-07-24 05:47:14"
    },
    {
        "replenish": false,
        "skus": [
            [
                "SKU-000036C",
                1
            ]
        ],
        "pickTime": "2025-07-24 06:21:05"
    },
    {
        "replenish": false,
        "skus": [
            [
                "SKU-000291C",
                1
            ]
        ],
        "pickTime": "2025-07-24 11:54:14"
    },
    {
        "replenish": false,
        "skus": [
            [
                "SKU-000107D",
                1
            ],
            [
                "SKU-000385A",
                1
            ],
            [
                "SKU-000120C",
                1
            ],
            [
                "SKU-000026D",
                1
            ],
            [
                "SKU-000414C",
                1
            ],
            [
                "SKU-000415D",
                1
            ],
            [
                "SKU-000289D",
                1
            ]
        ],
        "pickTime": "2025-07-24 19:44:35"
    },
    {
        "replenish": false,
        "skus": [
            [
                "SKU-000323C",
                1
            ]
        ],
        "pickTime": "2025-07-24 20:05:56"
    },
    {
        "replenish": false,
        "skus": [
            [
                "SKU-000322A",
                1
            ]
        ],
        "pickTime": "2025-07-24 23:39:52"
    },
    {
        "replenish": false,
        "skus": [
            [
                "SKU-000129D",
                1
            ],
            [
                "SKU-000070A",
                1
            ]
        ],
        "pickTime": "2025-07-25 00:34:39"
    },
    {
        "replenish": false,
        "skus": [
            [
                "SKU-000341D",
                1
            ],
            [
                "SKU-000355D",
                1
            ],
            [
                "SKU-000194A",
                1
            ]
        ],
        "pickTime": "2025-07-25 02:38:45"
    },
    {
        "replenish": false,
        "skus": [
            [
                "SKU-000343D",
                1
            ],
            [
                "SKU-000247A",
                1
            ],
            [
                "SKU-000161A",
                1
            ],
            [
                "SKU-000240C",
                1
            ],
            [
                "SKU-000164D",
                1
            ],
            [
                "SKU-000030A",
                1
            ]
        ],
        "pickTime": "2025-07-26 02:17:18"
    },
    {
        "replenish": false,
        "skus": [
            [
                "SKU-000146A",
                1
            ],
            [
                "SKU-000371A",
                1
            ],
            [
                "SKU-000221B",
                1
            ],
            [
                "SKU-000131B",
                1
            ],
            [
                "SKU-000225C",
                1
            ],
            [
                "SKU-000365B",
                1
            ],
            [
                "SKU-000008B",
                1
            ],
            [
                "SKU-000480B",
                1
            ],
            [
                "SKU-000139B",
                1
            ]
        ],
        "pickTime": "2025-07-26 09:58:18"
    },
    {
        "replenish": false,
        "skus": [
            [
                "SKU-000242B",
                1
            ],
            [
                "SKU-000400C",
                1
            ]
        ],
        "pickTime": "2025-07-26 13:42:54"
    },
    {
        "replenish": false,
        "skus": [
            [
                "SKU-000331D",
                1
            ],
            [
                "SKU-000340A",
                1
            ],
            [
                "SKU-000435D",
                1
            ],
            [
                "SKU-000081D",
                1
            ],
            [
                "SKU-000299B",
                1
            ],
            [
                "SKU-000114C",
                1
            ]
        ],
        "pickTime": "2025-07-26 13:51:38"
    },
    {
        "replenish": false,
        "skus": [
            [
                "SKU-000372D",
                1
            ]
        ],
        "pickTime": "2025-07-27 00:29:25"
    },
    {
        "replenish": false,
        "skus": [
            [
                "SKU-000176B",
                1
            ],
            [
                "SKU-000265D",
                1
            ],
            [
                "SKU-000095C",
                1
            ],
            [
                "SKU-000286B",
                1
            ],
            [
                "SKU-000278B",
                1
            ]
        ],
        "pickTime": "2025-07-27 02:30:42"
    },
    {
        "replenish": false,
        "skus": [
            [
                "SKU-000274D",
                1
            ]
        ],
        "pickTime": "2025-07-27 03:49:21"
    },
    {
        "replenish": false,
        "skus": [
            [
                "SKU-000097C",
                1
            ]
        ],
        "pickTime": "2025-07-27 16:14:02"
    },
    {
        "replenish": false,
        "skus": [
            [
                "SKU-000469A",
                1
            ]
        ],
        "pickTime": "2025-07-27 16:34:56"
    },
    {
        "replenish": false,
        "skus": [
            [
                "SKU-000411A",
                1
            ],
            [
                "SKU-000153B",
                1
            ],
            [
                "SKU-000232B",
                1
            ],
            [
                "SKU-000374D",
                1
            ]
        ],
        "pickTime": "2025-07-27 20:25:12"
    },
    {
        "replenish": false,
        "skus": [
            [
                "SKU-000448C",
                1
            ],
            [
                "SKU-000256A",
                1
            ]
        ],
        "pickTime": "2025-07-27 21:15:54"
    },
    {
        "replenish": false,
        "skus": [
            [
                "SKU-000140C",
                1
            ]
        ],
        "pickTime": "2025-07-27 23:05:00"
    },
    {
        "replenish": false,
        "skus": [
            [
                "SKU-000209D",
                1
            ]
        ],
        "pickTime": "2025-07-28 10:16:50"
    },
    {
        "replenish": false,
        "skus": [
            [
                "SKU-000049B",
                1
            ],
            [
                "SKU-000035C",
                1
            ],
            [
                "SKU-000308B",
                1
            ],
            [
                "SKU-000059B",
                1
            ],
            [
                "SKU-000206C",
                1
            ],
            [
                "SKU-000202C",
                1
            ],
            [
                "SKU-000226C",
                1
            ],
            [
                "SKU-000173D",
                1
            ],
            [
                "SKU-000007C",
                1
            ],
            [
                "SKU-000417D",
                1
            ],
            [
                "SKU-000173D",
                1
            ],
            [
                "SKU-000384B",
                1
            ],
            [
                "SKU-000471B",
                1
            ],
            [
                "SKU-000366B",
                1
            ],
            [
                "SKU-000274A",
                1
            ],
            [
                "SKU-000463A",
                1
            ]
        ],
        "pickTime": "2025-07-29 16:21:17"
    },
    {
        "replenish": false,
        "skus": [
            [
                "SKU-000390D",
                1
            ],
            [
                "SKU-000184C",
                1
            ],
            [
                "SKU-000232B",
                1
            ],
            [
                "SKU-000225B",
                1
            ],
            [
                "SKU-000344B",
                1
            ],
            [
                "SKU-000313A",
                1
            ]
        ],
        "pickTime": "2025-07-29 19:26:50"
    },
    {
        "replenish": false,
        "skus": [
            [
                "SKU-000193B",
                1
            ],
            [
                "SKU-000242C",
                1
            ]
        ],
        "pickTime": "2025-07-30 13:46:15"
    }
]