[
    {
        "replenish": true,
        "skus": [
            [
                "SKU-000274D",
                1
            ],
            [
                "SKU-000315B",
                1
            ]
        ],
        "pickTime": "2025-07-01 01:26:54"
    },
    {
        "replenish": true,
        "skus": [
            [
                "SKU-000070B",
                1
            ],
            [
                "SKU-000372D",
                1
            ],
            [
                "SKU-000132D",
                1
            ],
            [
                "SKU-000500C",
                1
            ],
            [
                "SKU-000015A",
                1
            ],
            [
                "SKU-000246D",
                1
            ],
            [
                "SKU-000132D",
                1
            ],
            [
                "SKU-000098A",
                1
            ],
            [
                "SKU-000118B",
                1
            ],
            [
                "SKU-000072B",
                1
            ],
            [
                "SKU-000163B",
                1
            ],
            [
                "SKU-000424C",
                1
            ],
            [
                "SKU-000466B",
                1
            ],
            [
                "SKU-000365D",
                1
            ],
            [
                "SKU-000269D",
                1
            ],
            [
                "SKU-000447B",
                1
            ],
            [
                "SKU-000432D",
                1
            ],
            [
                "SKU-000466B",
                1
            ],
            [
                "SKU-000105C",
                1
            ],
            [
                "SKU-000220B",
                1
            ],
            [
                "SKU-000225D",
                1
            ],
            [
                "SKU-000107B",
                1
            ],
            [
                "SKU-000182B",
                1
            ],
            [
                "SKU-000169C",
                1
            ],
            [
                "SKU-000313C",
                1
            ],
            [
                "SKU-000160A",
                1
            ],
            [
                "SKU-000100A",
                1
            ]
        ],
        "pickTime": "2025-07-01 05:26:19"
    },
    {
        "replenish": true,
        "skus": [
            [
                "SKU-000161D",
                1
            ],
            [
                "SKU-000169D",
                1
            ]
        ],
        "pickTime": "2025-07-01 05:29:56"
    },
    {
        "replenish": true,
        "skus": [
            [
                "SKU-000191B",
                1
            ],
            [
                "SKU-000119A",
                1
            ],
            [
                "SKU-000361D",
                1
            ],
            [
                "SKU-000009B",
                1
            ],
            [
                "SKU-000021A",
                1
            ],
            [
                "SKU-000158A",
                1
            ],
            [
                "SKU-000500C",
                1
            ],
            [
                "SKU-000462B",
                1
            ],
            [
                "SKU-000057C",
                1
            ],
            [
                "SKU-000246C",
                1
            ],
            [
                "SKU-000166A",
                1
            ],
            [
                "SKU-000026B",
                1
            ],
            [
                "SKU-000291C",
                1
            ],
            [
                "SKU-000135D",
                1
            ]
        ],
        "pickTime": "2025-07-01 16:37:12"
    },
    {
        "replenish": true,
        "skus": [
            [
                "SKU-000034B",
                1
            ],
            [
                "SKU-000488D",
                1
            ],
            [
                "SKU-000197B",
                1
            ],
            [
                "SKU-000237A",
                1
            ],
            [
                "SKU-000494D",
                1
            ],
            [
                "SKU-000362A",
                1
            ],
            [
                "SKU-000112A",
                1
            ],
            [
                "SKU-000106C",
                1
            ],
            [
                "SKU-000405B",
                1
            ],
            [
                "SKU-000140C",
                1
            ],
            [
                "SKU-000483C",
                1
            ],
            [
                "SKU-000175A",
                1
            ]
        ],
        "pickTime": "2025-07-02 00:40:29"
    },
    {
        "replenish": true,
        "skus": [
            [
                "SKU-000248D",
                1
            ],
            [
                "SKU-000024C",
                1
            ],
            [
                "SKU-000402C",
                1
            ],
            [
                "SKU-000136D",
                1
            ],
            [
                "SKU-000355C",
                1
            ],
            [
                "SKU-000246D",
                1
            ],
            [
                "SKU-000324C",
                1
            ],
            [
                "SKU-000085C",
                1
            ],
            [
                "SKU-000122B",
                1
            ],
            [
                "SKU-000420B",
                1
            ],
            [
                "SKU-000079C",
                1
            ],
            [
                "SKU-000392B",
                1
            ],
            [
                "SKU-000400C",
                1
            ],
            [
                "SKU-000427C",
                1
            ],
            [
                "SKU-000028B",
                1
            ],
            [
                "SKU-000068B",
                1
            ],
            [
                "SKU-000276D",
                1
            ],
            [
                "SKU-000353A",
                1
            ],
            [
                "SKU-000032A",
                1
            ]
        ],
        "pickTime": "2025-07-02 07:37:54"
    },
    {
        "replenish": true,
        "skus": [
            [
                "SKU-000195D",
                1
            ],
            [
                "SKU-000452B",
                1
            ],
            [
                "SKU-000190B",
                1
            ],
            [
                "SKU-000111D",
                1
            ],
            [
                "SKU-000110A",
                1
            ],
            [
                "SKU-000320B",
                1
            ],
            [
                "SKU-000404C",
                1
            ],
            [
                "SKU-000277C",
                1
            ],
            [
                "SKU-000386C",
                1
            ],
            [
                "SKU-000150C",
                1
            ],
            [
                "SKU-000460A",
                1
            ],
            [
                "SKU-000162D",
                1
            ],
            [
                "SKU-000199C",
                1
            ],
            [
                "SKU-000170A",
                1
            ],
            [
                "SKU-000091D",
                1
            ],
            [
                "SKU-000250A",
                1
            ],
            [
                "SKU-000490A",
                1
            ],
            [
                "SKU-000251D",
                1
            ],
            [
                "SKU-000415B",
                1
            ],
            [
                "SKU-000467D",
                1
            ]
        ],
        "pickTime": "2025-07-04 01:40:54"
    },
    {
        "replenish": true,
        "skus": [
            [
                "SKU-000418A",
                1
            ],
            [
                "SKU-000207C",
                1
            ],
            [
                "SKU-000384D",
                1
            ],
            [
                "SKU-000060C",
                1
            ],
            [
                "SKU-000449A",
                1
            ],
            [
                "SKU-000039D",
                1
            ],
            [
                "SKU-000414C",
                1
            ],
            [
                "SKU-000230A",
                1
            ],
            [
                "SKU-000448D",
                1
            ],
            [
                "SKU-000484B",
                1
            ],
            [
                "SKU-000263D",
                1
            ],
            [
                "SKU-000227C",
                1
            ],
            [
                "SKU-000454A",
                1
            ],
            [
                "SKU-000134A",
                1
            ],
            [
                "SKU-000037C",
                1
            ],
            [
                "SKU-000302C",
                1
            ],
            [
                "SKU-000456C",
                1
            ],
            [
                "SKU-000326D",
                1
            ],
            [
                "SKU-000105C",
                1
            ],
            [
                "SKU-000188C",
                1
            ],
            [
                "SKU-000494A",
                1
            ],
            [
                "SKU-000113D",
                1
            ],
            [
                "SKU-000320B",
                1
            ],
            [
                "SKU-000040B",
                1
            ],
            [
                "SKU-000277C",
                1
            ],
            [
                "SKU-000330C",
                1
            ],
            [
                "SKU-000282B",
                1
            ],
            [
                "SKU-000386A",
                1
            ],
            [
                "SKU-000201A",
                1
            ],
            [
                "SKU-000289D",
                1
            ],
            [
                "SKU-000382A",
                1
            ]
        ],
        "pickTime": "2025-07-04 04:02:37"
    },
    {
        "replenish": true,
        "skus": [
            [
                "SKU-000330A",
                1
            ],
            [
                "SKU-000459A",
                1
            ],
            [
                "SKU-000489D",
                1
            ],
            [
                "SKU-000071D",
                1
            ],
            [
                "SKU-000296C",
                1
            ],
            [
                "SKU-000355C",
                1
            ],
            [
                "SKU-000417A",
                1
            ],
            [
                "SKU-000350A",
                1
            ],
            [
                "SKU-000251D",
                1
            ],
            [
                "SKU-000086C",
                1
            ],
            [
                "SKU-000162D",
                1
            ]
        ],
        "pickTime": "2025-07-04 07:20:01"
    },
    {
        "replenish": true,
        "skus": [
            [
                "SKU-000326D",
                1
            ],
            [
                "SKU-000317C",
                1
            ],
            [
                "SKU-000148B",
                1
            ],
            [
                "SKU-000230A",
                1
            ],
            [
                "SKU-000494D",
                1
            ],
            [
                "SKU-000226C",
                1
            ],
            [
                "SKU-000187C",
                1
            ],
            [
                "SKU-000415B",
                1
            ],
            [
                "SKU-000280A",
                1
            ],
            [
                "SKU-000086C",
                1
            ],
            [
                "SKU-000070B",
                1
            ],
            [
                "SKU-000365B",
                1
            ],
            [
                "SKU-000462A",
                1
            ],
            [
                "SKU-000337B",
                1
            ],
            [
                "SKU-000256A",
                1
            ],
            [
                "SKU-000181A",
                1
            ]
        ],
        "pickTime": "2025-07-04 07:45:41"
    },
    {
        "replenish": true,
        "skus": [
            [
                "SKU-000086D",
                1
            ],
            [
                "SKU-000031B",
                1
            ],
            [
                "SKU-000289A",
                1
            ],
            [
                "SKU-000299B",
                1
            ],
            [
                "SKU-000079D",
                1
            ],
            [
                "SKU-000050B",
                1
            ]
        ],
        "pickTime": "2025-07-04 08:29:51"
    },
    {
        "replenish": true,
        "skus": [
            [
                "SKU-000486D",
                1
            ],
            [
                "SKU-000478A",
                1
            ],
            [
                "SKU-000310D",
                1
            ],
            [
                "SKU-000057C",
                1
            ],
            [
                "SKU-000263D",
                1
            ]
        ],
        "pickTime": "2025-07-04 11:11:55"
    },
    {
        "replenish": true,
        "skus": [
            [
                "SKU-000473A",
                1
            ]
        ],
        "pickTime": "2025-07-05 01:21:40"
    },
    {
        "replenish": true,
        "skus": [
            [
                "SKU-000306D",
                1
            ],
            [
                "SKU-000431D",
                1
            ],
            [
                "SKU-000180C",
                1
            ],
            [
                "SKU-000293C",
                1
            ],
            [
                "SKU-000200B",
                1
            ],
            [
                "SKU-000224C",
                1
            ],
            [
                "SKU-000085C",
                1
            ],
            [
                "SKU-000015A",
                1
            ],
            [
                "SKU-000203D",
                1
            ],
            [
                "SKU-000296A",
                1
            ],
            [
                "SKU-000320B",
                1
            ],
            [
                "SKU-000399B",
                1
            ],
            [
                "SKU-000127C",
                1
            ],
            [
                "SKU-000489C",
                1
            ],
            [
                "SKU-000063D",
                1
            ],
            [
                "SKU-000207A",
                1
            ],
            [
                "SKU-000164B",
                1
            ]
        ],
        "pickTime": "2025-07-05 05:36:11"
    },
    {
        "replenish": true,
        "skus": [
            [
                "SKU-000487B",
                1
            ],
            [
                "SKU-000011A",
                1
            ],
            [
                "SKU-000034A",
                1
            ],
            [
                "SKU-000269D",
                1
            ],
            [
                "SKU-000461B",
                1
            ],
            [
                "SKU-000190C",
                1
            ],
            [
                "SKU-000250A",
                1
            ],
            [
                "SKU-000408D",
                1
            ],
            [
                "SKU-000384D",
                1
            ],
            [
                "SKU-000408D",
                1
            ],
            [
                "SKU-000322B",
                1
            ],
            [
                "SKU-000478C",
                1
            ],
            [
                "SKU-000232D",
                1
            ],
            [
                "SKU-000478D",
                1
            ],
            [
                "SKU-000085C",
                1
            ],
            [
                "SKU-000307D",
                1
            ],
            [
                "SKU-000358C",
                1
            ],
            [
                "SKU-000137B",
                1
            ],
            [
                "SKU-000207C",
                1
            ],
            [
                "SKU-000244B",
                1
            ],
            [
                "SKU-000181C",
                1
            ],
            [
                "SKU-000429A",
                1
            ]
        ],
        "pickTime": "2025-07-05 11:19:58"
    },
    {
        "replenish": true,
        "skus": [
            [
                "SKU-000038C",
                1
            ],
            [
                "SKU-000272A",
                1
            ],
            [
                "SKU-000413D",
                1
            ],
            [
                "SKU-000170A",
                1
            ],
            [
                "SKU-000257B",
                1
            ],
            [
                "SKU-000497C",
                1
            ],
            [
                "SKU-000279B",
                1
            ]
        ],
        "pickTime": "2025-07-05 11:49:28"
    },
    {
        "replenish": true,
        "skus": [
            [
                "SKU-000323A",
                1
            ],
            [
                "SKU-000351A",
                1
            ],
            [
                "SKU-000434C",
                1
            ],
            [
                "SKU-000451C",
                1
            ],
            [
                "SKU-000408B",
                1
            ],
            [
                "SKU-000018B",
                1
            ],
            [
                "SKU-000476D",
                1
            ],
            [
                "SKU-000088C",
                1
            ],
            [
                "SKU-000035A",
                1
            ],
            [
                "SKU-000404B",
                1
            ],
            [
                "SKU-000456B",
                1
            ],
            [
                "SKU-000153B",
                1
            ],
            [
                "SKU-000482D",
                1
            ],
            [
                "SKU-000250A",
                1
            ],
            [
                "SKU-000068B",
                1
            ],
            [
                "SKU-000353A",
                1
            ],
            [
                "SKU-000105C",
                1
            ],
            [
                "SKU-000058A",
                1
            ],
            [
                "SKU-000093C",
                1
            ],
            [
                "SKU-000135D",
                1
            ],
            [
                "SKU-000449A",
                1
            ],
            [
                "SKU-000448A",
                1
            ],
            [
                "SKU-000106C",
                1
            ],
            [
                "SKU-000197D",
                1
            ]
        ],
        "pickTime": "2025-07-05 14:01:30"
    },
    {
        "replenish": true,
        "skus": [
            [
                "SKU-000456A",
                1
            ],
            [
                "SKU-000117B",
                1
            ],
            [
                "SKU-000320B",
                1
            ],
            [
                "SKU-000210A",
                1
            ],
            [
                "SKU-000294D",
                1
            ],
            [
                "SKU-000142C",
                1
            ],
            [
                "SKU-000163D",
                1
            ],
            [
                "SKU-000297D",
                1
            ],
            [
                "SKU-000406B",
                1
            ],
            [
                "SKU-000079D",
                1
            ],
            [
                "SKU-000175C",
                1
            ],
            [
                "SKU-000302A",
                1
            ],
            [
                "SKU-000437C",
                1
            ],
            [
                "SKU-000021C",
                1
            ],
            [
                "SKU-000242B",
                1
            ],
            [
                "SKU-000217C",
                1
            ],
            [
                "SKU-000056A",
                1
            ],
            [
                "SKU-000062D",
                1
            ],
            [
                "SKU-000015C",
                1
            ],
            [
                "SKU-000190C",
                1
            ],
            [
                "SKU-000302D",
                1
            ],
            [
                "SKU-000244B",
                1
            ]
        ],
        "pickTime": "2025-07-05 20:00:43"
    },
    {
        "replenish": true,
        "skus": [
            [
                "SKU-000476C",
                1
            ],
            [
                "SKU-000384B",
                1
            ],
            [
                "SKU-000094B",
                1
            ]
        ],
        "pickTime": "2025-07-05 21:33:54"
    },
    {
        "replenish": true,
        "skus": [
            [
                "SKU-000466C",
                1
            ],
            [
                "SKU-000095B",
                1
            ],
            [
                "SKU-000178C",
                1
            ],
            [
                "SKU-000145D",
                1
            ],
            [
                "SKU-000487D",
                1
            ],
            [
                "SKU-000242C",
                1
            ],
            [
                "SKU-000297C",
                1
            ],
            [
                "SKU-000454D",
                1
            ],
            [
                "SKU-000098A",
                1
            ],
            [
                "SKU-000478A",
                1
            ],
            [
                "SKU-000202A",
                1
            ],
            [
                "SKU-000406D",
                1
            ],
            [
                "SKU-000366B",
                1
            ],
            [
                "SKU-000063D",
                1
            ],
            [
                "SKU-000269D",
                1
            ],
            [
                "SKU-000029A",
                1
            ],
            [
                "SKU-000470D",
                1
            ],
            [
                "SKU-000188C",
                1
            ],
            [
                "SKU-000128D",
                1
            ],
            [
                "SKU-000425D",
                1
            ],
            [
                "SKU-000107C",
                1
            ],
            [
                "SKU-000335C",
                1
            ],
            [
                "SKU-000307D",
                1
            ],
            [
                "SKU-000283D",
                1
            ],
            [
                "SKU-000470C",
                1
            ],
            [
                "SKU-000092A",
                1
            ],
            [
                "SKU-000009D",
                1
            ],
            [
                "SKU-000261C",
                1
            ],
            [
                "SKU-000167C",
                1
            ],
            [
                "SKU-000434C",
                1
            ],
            [
                "SKU-000295A",
                1
            ],
            [
                "SKU-000330B",
                1
            ],
            [
                "SKU-000410C",
                1
            ]
        ],
        "pickTime": "2025-07-05 23:49:17"
    },
    {
        "replenish": true,
        "skus": [
            [
                "SKU-000408D",
                1
            ],
            [
                "SKU-000268C",
                1
            ],
            [
                "SKU-000348C",
                1
            ]
        ],
        "pickTime": "2025-07-07 12:31:02"
    },
    {
        "replenish": true,
        "skus": [
            [
                "SKU-000405B",
                1
            ],
            [
                "SKU-000036D",
                1
            ],
            [
                "SKU-000145B",
                1
            ],
            [
                "SKU-000222B",
                1
            ],
            [
                "SKU-000403D",
                1
            ],
            [
                "SKU-000466C",
                1
            ],
            [
                "SKU-000107C",
                1
            ],
            [
                "SKU-000259B",
                1
            ],
            [
                "SKU-000167A",
                1
            ],
            [
                "SKU-000302B",
                1
            ],
            [
                "SKU-000025A",
                1
            ],
            [
                "SKU-000217A",
                1
            ],
            [
                "SKU-000350D",
                1
            ],
            [
                "SKU-000066C",
                1
            ]
        ],
        "pickTime": "2025-07-07 21:32:32"
    },
    {
        "replenish": true,
        "skus": [
            [
                "SKU-000145C",
                1
            ],
            [
                "SKU-000449C",
                1
            ],
            [
                "SKU-000229D",
                1
            ],
            [
                "SKU-000493A",
                1
            ],
            [
                "SKU-000237A",
                1
            ],
            [
                "SKU-000163B",
                1
            ],
            [
                "SKU-000376C",
                1
            ],
            [
                "SKU-000266A",
                1
            ],
            [
                "SKU-000110C",
                1
            ],
            [
                "SKU-000292D",
                1
            ],
            [
                "SKU-000106C",
                1
            ],
            [
                "SKU-000018D",
                1
            ],
            [
                "SKU-000033A",
                1
            ],
            [
                "SKU-000176B",
                1
            ],
            [
                "SKU-000086D",
                1
            ],
            [
                "SKU-000115A",
                1
            ],
            [
                "SKU-000229D",
                1
            ],
            [
                "SKU-000448A",
                1
            ],
            [
                "SKU-000158A",
                1
            ],
            [
                "SKU-000323C",
                1
            ],
            [
                "SKU-000381C",
                1
            ],
            [
                "SKU-000158A",
                1
            ]
        ],
        "pickTime": "2025-07-08 21:24:56"
    },
    {
        "replenish": true,
        "skus": [
            [
                "SKU-000147B",
                1
            ],
            [
                "SKU-000184A",
                1
            ],
            [
                "SKU-000016A",
                1
            ],
            [
                "SKU-000386A",
                1
            ],
            [
                "SKU-000447B",
                1
            ],
            [
                "SKU-000313A",
                1
            ],
            [
                "SKU-000405B",
                1
            ],
            [
                "SKU-000437D",
                1
            ],
            [
                "SKU-000168B",
                1
            ],
            [
                "SKU-000355B",
                1
            ],
            [
                "SKU-000371D",
                1
            ],
            [
                "SKU-000017B",
                1
            ],
            [
                "SKU-000038D",
                1
            ],
            [
                "SKU-000408D",
                1
            ],
            [
                "SKU-000453D",
                1
            ],
            [
                "SKU-000302C",
                1
            ],
            [
                "SKU-000191A",
                1
            ],
            [
                "SKU-000341C",
                1
            ],
            [
                "SKU-000489D",
                1
            ]
        ],
        "pickTime": "2025-07-08 22:03:01"
    },
    {
        "replenish": true,
        "skus": [
            [
                "SKU-000215C",
                1
            ],
            [
                "SKU-000320B",
                1
            ],
            [
                "SKU-000362B",
                1
            ]
        ],
        "pickTime": "2025-07-08 23:41:34"
    },
    {
        "replenish": true,
        "skus": [
            [
                "SKU-000326D",
                1
            ]
        ],
        "pickTime": "2025-07-09 02:57:30"
    },
    {
        "replenish": true,
        "skus": [
            [
                "SKU-000402C",
                1
            ],
            [
                "SKU-000040B",
                1
            ],
            [
                "SKU-000088A",
                1
            ],
            [
                "SKU-000224D",
                1
            ],
            [
                "SKU-000111D",
                1
            ],
            [
                "SKU-000138D",
                1
            ],
            [
                "SKU-000294D",
                1
            ],
            [
                "SKU-000373A",
                1
            ],
            [
                "SKU-000496A",
                1
            ],
            [
                "SKU-000196B",
                1
            ],
            [
                "SKU-000449C",
                1
            ],
            [
                "SKU-000073A",
                1
            ],
            [
                "SKU-000041C",
                1
            ]
        ],
        "pickTime": "2025-07-09 05:00:51"
    },
    {
        "replenish": true,
        "skus": [
            [
                "SKU-000296B",
                1
            ],
            [
                "SKU-000171A",
                1
            ],
            [
                "SKU-000283D",
                1
            ],
            [
                "SKU-000228C",
                1
            ],
            [
                "SKU-000184D",
                1
            ],
            [
                "SKU-000150C",
                1
            ],
            [
                "SKU-000447B",
                1
            ],
            [
                "SKU-000111A",
                1
            ],
            [
                "SKU-000013A",
                1
            ],
            [
                "SKU-000190C",
                1
            ],
            [
                "SKU-000422A",
                1
            ],
            [
                "SKU-000487D",
                1
            ],
            [
                "SKU-000235C",
                1
            ],
            [
                "SKU-000077D",
                1
            ],
            [
                "SKU-000090C",
                1
            ],
            [
                "SKU-000395D",
                1
            ],
            [
                "SKU-000178C",
                1
            ],
            [
                "SKU-000467A",
                1
            ],
            [
                "SKU-000310C",
                1
            ],
            [
                "SKU-000217C",
                1
            ],
            [
                "SKU-000390C",
                1
            ],
            [
                "SKU-000302A",
                1
            ],
            [
                "SKU-000473A",
                1
            ],
            [
                "SKU-000011C",
                1
            ],
            [
                "SKU-000242B",
                1
            ],
            [
                "SKU-000088A",
                1
            ],
            [
                "SKU-000152A",
                1
            ],
            [
                "SKU-000460A",
                1
            ],
            [
                "SKU-000086A",
                1
            ],
            [
                "SKU-000337C",
                1
            ],
            [
                "SKU-000030D",
                1
            ],
            [
                "SKU-000146D",
                1
            ],
            [
                "SKU-000343C",
                1
            ],
            [
                "SKU-000235C",
                1
            ],
            [
                "SKU-000028C",
                1
            ],
            [
                "SKU-000033A",
                1
            ],
            [
                "SKU-000481B",
                1
            ],
            [
                "SKU-000452C",
                1
            ],
            [
                "SKU-000424A",
                1
            ],
            [
                "SKU-000090C",
                1
            ],
            [
                "SKU-000034A",
                1
            ],
            [
                "SKU-000118B",
                1
            ],
            [
                "SKU-000482D",
                1
            ],
            [
                "SKU-000278B",
                1
            ],
            [
                "SKU-000434C",
                1
            ],
            [
                "SKU-000335B",
                1
            ],
            [
                "SKU-000223B",
                1
            ],
            [
                "SKU-000278D",
                1
            ],
            [
                "SKU-000287C",
                1
            ],
            [
                "SKU-000360D",
                1
            ],
            [
                "SKU-000104A",
                1
            ],
            [
                "SKU-000190C",
                1
            ],
            [
                "SKU-000331C",
                1
            ],
            [
                "SKU-000253B",
                1
            ],
            [
                "SKU-000229D",
                1
            ],
            [
                "SKU-000262D",
                1
            ],
            [
                "SKU-000161D",
                1
            ],
            [
                "SKU-000018A",
                1
            ],
            [
                "SKU-000098B",
                1
            ],
            [
                "SKU-000188C",
                1
            ],
            [
                "SKU-000215D",
                1
            ],
            [
                "SKU-000440A",
                1
            ],
            [
                "SKU-000225C",
                1
            ],
            [
                "SKU-000318C",
                1
            ],
            [
                "SKU-000070A",
                1
            ],
            [
                "SKU-000295A",
                1
            ]
        ],
        "pickTime": "2025-07-09 07:01:54"
    },
    {
        "replenish": true,
        "skus": [
            [
                "SKU-000417A",
                1
            ],
            [
                "SKU-000250A",
                1
            ],
            [
                "SKU-000439A",
                1
            ]
        ],
        "pickTime": "2025-07-10 11:25:36"
    },
    {
        "replenish": true,
        "skus": [
            [
                "SKU-000400C",
                1
            ],
            [
                "SKU-000079D",
                1
            ],
            [
                "SKU-000132B",
                1
            ],
            [
                "SKU-000015C",
                1
            ],
            [
                "SKU-000213B",
                1
            ],
            [
                "SKU-000257D",
                1
            ],
            [
                "SKU-000454C",
                1
            ],
            [
                "SKU-000082D",
                1
            ],
            [
                "SKU-000411C",
                1
            ],
            [
                "SKU-000236A",
                1
            ],
            [
                "SKU-000215C",
                1
            ],
            [
                "SKU-000256B",
                1
            ],
            [
                "SKU-000186D",
                1
            ],
            [
                "SKU-000145D",
                1
            ]
        ],
        "pickTime": "2025-07-10 22:42:39"
    },
    {
        "replenish": true,
        "skus": [
            [
                "SKU-000362C",
                1
            ],
            [
                "SKU-000371B",
                1
            ],
            [
                "SKU-000460A",
                1
            ],
            [
                "SKU-000447B",
                1
            ],
            [
                "SKU-000134B",
                1
            ],
            [
                "SKU-000327C",
                1
            ],
            [
                "SKU-000106C",
                1
            ],
            [
                "SKU-000298B",
                1
            ],
            [
                "SKU-000045D",
                1
            ],
            [
                "SKU-000034A",
                1
            ],
            [
                "SKU-000406D",
                1
            ],
            [
                "SKU-000469A",
                1
            ],
            [
                "SKU-000461B",
                1
            ],
            [
                "SKU-000034A",
                1
            ],
            [
                "SKU-000483D",
                1
            ],
            [
                "SKU-000193B",
                1
            ],
            [
                "SKU-000328C",
                1
            ]
        ],
        "pickTime": "2025-07-11 11:56:11"
    },
    {
        "replenish": true,
        "skus": [
            [
                "SKU-000307A",
                1
            ],
            [
                "SKU-000137A",
                1
            ],
            [
                "SKU-000145C",
                1
            ],
            [
                "SKU-000033D",
                1
            ],
            [
                "SKU-000296C",
                1
            ],
            [
                "SKU-000235A",
                1
            ]
        ],
        "pickTime": "2025-07-11 17:23:38"
    },
    {
        "replenish": true,
        "skus": [
            [
                "SKU-000318C",
                1
            ],
            [
                "SKU-000415B",
                1
            ],
            [
                "SKU-000361D",
                1
            ],
            [
                "SKU-000202C",
                1
            ],
            [
                "SKU-000296B",
                1
            ],
            [
                "SKU-000171A",
                1
            ],
            [
                "SKU-000154A",
                1
            ],
            [
                "SKU-000496A",
                1
            ],
            [
                "SKU-000436B",
                1
            ],
            [
                "SKU-000107A",
                1
            ],
            [
                "SKU-000227C",
                1
            ],
            [
                "SKU-000291A",
                1
            ],
            [
                "SKU-000450C",
                1
            ],
            [
                "SKU-000079B",
                1
            ],
            [
                "SKU-000200B",
                1
            ],
            [
                "SKU-000098A",
                1
            ],
            [
                "SKU-000192A",
                1
            ],
            [
                "SKU-000400A",
                1
            ],
            [
                "SKU-000248D",
                1
            ],
            [
                "SKU-000021D",
                1
            ],
            [
                "SKU-000030D",
                1
            ],
            [
                "SKU-000326C",
                1
            ],
            [
                "SKU-000009D",
                1
            ],
            [
                "SKU-000176B",
                1
            ],
            [
                "SKU-000262B",
                1
            ],
            [
                "SKU-000226D",
                1
            ],
            [
                "SKU-000477D",
                1
            ],
            [
                "SKU-000462B",
                1
            ],
            [
                "SKU-000268C",
                1
            ],
            [
                "SKU-000314B",
                1
            ],
            [
                "SKU-000001B",
                1
            ],
            [
                "SKU-000481D",
                1
            ],
            [
                "SKU-000175A",
                1
            ],
            [
                "SKU-000318B",
                1
            ],
            [
                "SKU-000250A",
                1
            ],
            [
                "SKU-000201A",
                1
            ],
            [
                "SKU-000459A",
                1
            ],
            [
                "SKU-000430C",
                1
            ],
            [
                "SKU-000305B",
                1
            ],
            [
                "SKU-000236A",
                1
            ],
            [
                "SKU-000002A",
                1
            ],
            [
                "SKU-000319C",
                1
            ],
            [
                "SKU-000211D",
                1
            ],
            [
                "SKU-000135D",
                1
            ],
            [
                "SKU-000365B",
                1
            ],
            [
                "SKU-000217C",
                1
            ],
            [
                "SKU-000230A",
                1
            ],
            [
                "SKU-000323C",
                1
            ],
            [
                "SKU-000204C",
                1
            ],
            [
                "SKU-000086D",
                1
            ],
            [
                "SKU-000146D",
                1
            ],
            [
                "SKU-000460A",
                1
            ],
            [
                "SKU-000403A",
                1
            ],
            [
                "SKU-000119A",
                1
            ],
            [
                "SKU-000459A",
                1
            ],
            [
                "SKU-000122B",
                1
            ],
            [
                "SKU-000126A",
                1
            ],
            [
                "SKU-000353A",
                1
            ],
            [
                "SKU-000341D",
                1
            ],
            [
                "SKU-000405D",
                1
            ],
            [
                "SKU-000242C",
                1
            ],
            [
                "SKU-000161A",
                1
            ],
            [
                "SKU-000236D",
                1
            ],
            [
                "SKU-000282B",
                1
            ],
            [
                "SKU-000045D",
                1
            ]
        ],
        "pickTime": "2025-07-11 19:47:25"
    },
    {
        "replenish": true,
        "skus": [
            [
                "SKU-000138B",
                1
            ],
            [
                "SKU-000144A",
                1
            ],
            [
                "SKU-000148B",
                1
            ],
            [
                "SKU-000117A",
                1
            ],
            [
                "SKU-000431D",
                1
            ],
            [
                "SKU-000299B",
                1
            ],
            [
                "SKU-000494A",
                1
            ],
            [
                "SKU-000386C",
                1
            ],
            [
                "SKU-000117B",
                1
            ],
            [
                "SKU-000355B",
                1
            ],
            [
                "SKU-000188C",
                1
            ]
        ],
        "pickTime": "2025-07-12 00:54:29"
    },
    {
        "replenish": true,
        "skus": [
            [
                "SKU-000393B",
                1
            ]
        ],
        "pickTime": "2025-07-12 06:56:17"
    },
    {
        "replenish": true,
        "skus": [
            [
                "SKU-000472C",
                1
            ],
            [
                "SKU-000009B",
                1
            ],
            [
                "SKU-000179D",
                1
            ],
            [
                "SKU-000384D",
                1
            ],
            [
                "SKU-000353A",
                1
            ],
            [
                "SKU-000344B",
                1
            ],
            [
                "SKU-000405D",
                1
            ],
            [
                "SKU-000308D",
                1
            ],
            [
                "SKU-000104A",
                1
            ],
            [
                "SKU-000008A",
                1
            ],
            [
                "SKU-000207C",
                1
            ],
            [
                "SKU-000068B",
                1
            ],
            [
                "SKU-000479B",
                1
            ],
            [
                "SKU-000299B",
                1
            ],
            [
                "SKU-000199C",
                1
            ],
            [
                "SKU-000226B",
                1
            ],
            [
                "SKU-000062B",
                1
            ],
            [
                "SKU-000211D",
                1
            ],
            [
                "SKU-000408D",
                1
            ],
            [
                "SKU-000277C",
                1
            ],
            [
                "SKU-000204C",
                1
            ],
            [
                "SKU-000377A",
                1
            ],
            [
                "SKU-000426D",
                1
            ],
            [
                "SKU-000051B",
                1
            ],
            [
                "SKU-000150A",
                1
            ],
            [
                "SKU-000090B",
                1
            ],
            [
                "SKU-000192B",
                1
            ],
            [
                "SKU-000438A",
                1
            ],
            [
                "SKU-000332B",
                1
            ],
            [
                "SKU-000449C",
                1
            ],
            [
                "SKU-000269D",
                1
            ],
            [
                "SKU-000464A",
                1
            ],
            [
                "SKU-000057C",
                1
            ],
            [
                "SKU-000488C",
                1
            ],
            [
                "SKU-000129A",
                1
            ],
            [
                "SKU-000341B",
                1
            ],
            [
                "SKU-000133D",
                1
            ],
            [
                "SKU-000343B",
                1
            ],
            [
                "SKU-000193B",
                1
            ],
            [
                "SKU-000269D",
                1
            ],
            [
                "SKU-000390D",
                1
            ],
            [
                "SKU-000059C",
                1
            ],
            [
                "SKU-000028C",
                1
            ],
            [
                "SKU-000138B",
                1
            ],
            [
                "SKU-000355A",
                1
            ],
            [
                "SKU-000147B",
                1
            ],
            [
                "SKU-000362C",
                1
            ],
            [
                "SKU-000096A",
                1
            ],
            [
                "SKU-000491D",
                1
            ],
            [
                "SKU-000183B",
                1
            ]
        ],
        "pickTime": "2025-07-12 09:45:16"
    },
    {
        "replenish": true,
        "skus": [
            [
                "SKU-000269D",
                1
            ],
            [
                "SKU-000013D",
                1
            ],
            [
                "SKU-000344B",
                1
            ],
            [
                "SKU-000269D",
                1
            ],
            [
                "SKU-000048B",
                1
            ],
            [
                "SKU-000272C",
                1
            ],
            [
                "SKU-000404C",
                1
            ],
            [
                "SKU-000197C",
                1
            ],
            [
                "SKU-000405B",
                1
            ],
            [
                "SKU-000459A",
                1
            ],
            [
                "SKU-000314D",
                1
            ],
            [
                "SKU-000126A",
                1
            ],
            [
                "SKU-000278B",
                1
            ],
            [
                "SKU-000441A",
                1
            ],
            [
                "SKU-000132D",
                1
            ],
            [
                "SKU-000187C",
                1
            ],
            [
                "SKU-000174A",
                1
            ],
            [
                "SKU-000005D",
                1
            ],
            [
                "SKU-000396A",
                1
            ]
        ],
        "pickTime": "2025-07-12 11:12:23"
    },
    {
        "replenish": true,
        "skus": [
            [
                "SKU-000021A",
                1
            ],
            [
                "SKU-000447B",
                1
            ],
            [
                "SKU-000411C",
                1
            ],
            [
                "SKU-000225C",
                1
            ],
            [
                "SKU-000014A",
                1
            ],
            [
                "SKU-000127B",
                1
            ],
            [
                "SKU-000051D",
                1
            ],
            [
                "SKU-000348D",
                1
            ]
        ],
        "pickTime": "2025-07-12 21:52:01"
    },
    {
        "replenish": true,
        "skus": [
            [
                "SKU-000313A",
                1
            ]
        ],
        "pickTime": "2025-07-13 08:11:31"
    },
    {
        "replenish": true,
        "skus": [
            [
                "SKU-000428D",
                1
            ],
            [
                "SKU-000032C",
                1
            ],
            [
                "SKU-000405C",
                1
            ],
            [
                "SKU-000246A",
                1
            ],
            [
                "SKU-000487B",
                1
            ],
            [
                "SKU-000263B",
                1
            ],
            [
                "SKU-000218D",
                1
            ],
            [
                "SKU-000226B",
                1
            ],
            [
                "SKU-000215C",
                1
            ],
            [
                "SKU-000368B",
                1
            ],
            [
                "SKU-000229D",
                1
            ]
        ],
        "pickTime": "2025-07-13 09:17:43"
    },
    {
        "replenish": true,
        "skus": [
            [
                "SKU-000115A",
                1
            ],
            [
                "SKU-000150C",
                1
            ],
            [
                "SKU-000478B",
                1
            ],
            [
                "SKU-000362C",
                1
            ],
            [
                "SKU-000236D",
                1
            ],
            [
                "SKU-000459D",
                1
            ]
        ],
        "pickTime": "2025-07-13 12:45:07"
    },
    {
        "replenish": true,
        "skus": [
            [
                "SKU-000111D",
                1
            ],
            [
                "SKU-000127B",
                1
            ],
            [
                "SKU-000496C",
                1
            ]
        ],
        "pickTime": "2025-07-13 18:04:04"
    },
    {
        "replenish": true,
        "skus": [
            [
                "SKU-000398A",
                1
            ],
            [
                "SKU-000210D",
                1
            ],
            [
                "SKU-000158D",
                1
            ]
        ],
        "pickTime": "2025-07-13 18:41:47"
    },
    {
        "replenish": true,
        "skus": [
            [
                "SKU-000443D",
                1
            ],
            [
                "SKU-000322A",
                1
            ]
        ],
        "pickTime": "2025-07-13 21:02:37"
    },
    {
        "replenish": true,
        "skus": [
            [
                "SKU-000469C",
                1
            ],
            [
                "SKU-000436B",
                1
            ],
            [
                "SKU-000489D",
                1
            ],
            [
                "SKU-000021B",
                1
            ],
            [
                "SKU-000214A",
                1
            ],
            [
                "SKU-000483C",
                1
            ],
            [
                "SKU-000047D",
                1
            ],
            [
                "SKU-000104A",
                1
            ],
            [
                "SKU-000323A",
                1
            ],
            [
                "SKU-000462D",
                1
            ],
            [
                "SKU-000232D",
                1
            ],
            [
                "SKU-000229D",
                1
            ],
            [
                "SKU-000045D",
                1
            ],
            [
                "SKU-000408D",
                1
            ],
            [
                "SKU-000306D",
                1
            ],
            [
                "SKU-000445A",
                1
            ],
            [
                "SKU-000188C",
                1
            ],
            [
                "SKU-000090C",
                1
            ],
            [
                "SKU-000429A",
                1
            ],
            [
                "SKU-000444B",
                1
            ],
            [
                "SKU-000147B",
                1
            ]
        ],
        "pickTime": "2025-07-14 10:59:07"
    },
    {
        "replenish": true,
        "skus": [
            [
                "SKU-000045D",
                1
            ],
            [
                "SKU-000041A",
                1
            ],
            [
                "SKU-000307B",
                1
            ],
            [
                "SKU-000287A",
                1
            ],
            [
                "SKU-000151B",
                1
            ],
            [
                "SKU-000192B",
                1
            ],
            [
                "SKU-000329C",
                1
            ],
            [
                "SKU-000107B",
                1
            ],
            [
                "SKU-000212D",
                1
            ],
            [
                "SKU-000105C",
                1
            ],
            [
                "SKU-000200B",
                1
            ],
            [
                "SKU-000137A",
                1
            ],
            [
                "SKU-000410A",
                1
            ],
            [
                "SKU-000215B",
                1
            ],
            [
                "SKU-000424C",
                1
            ],
            [
                "SKU-000012C",
                1
            ],
            [
                "SKU-000246A",
                1
            ],
            [
                "SKU-000272A",
                1
            ],
            [
                "SKU-000390D",
                1
            ],
            [
                "SKU-000494D",
                1
            ],
            [
                "SKU-000009B",
                1
            ],
            [
                "SKU-000426D",
                1
            ],
            [
                "SKU-000297C",
                1
            ],
            [
                "SKU-000402C",
                1
            ],
            [
                "SKU-000292D",
                1
            ],
            [
                "SKU-000211A",
                1
            ],
            [
                "SKU-000051C",
                1
            ],
            [
                "SKU-000142A",
                1
            ],
            [
                "SKU-000431D",
                1
            ],
            [
                "SKU-000196B",
                1
            ]
        ],
        "pickTime": "2025-07-15 01:03:57"
    },
    {
        "replenish": true,
        "skus": [
            [
                "SKU-000299B",
                1
            ],
            [
                "SKU-000487B",
                1
            ],
            [
                "SKU-000263A",
                1
            ],
            [
                "SKU-000419D",
                1
            ],
            [
                "SKU-000040A",
                1
            ],
            [
                "SKU-000177C",
                1
            ],
            [
                "SKU-000426D",
                1
            ],
            [
                "SKU-000136B",
                1
            ],
            [
                "SKU-000245C",
                1
            ],
            [
                "SKU-000326D",
                1
            ],
            [
                "SKU-000050A",
                1
            ],
            [
                "SKU-000217D",
                1
            ]
        ],
        "pickTime": "2025-07-15 12:11:37"
    },
    {
        "replenish": true,
        "skus": [
            [
                "SKU-000334A",
                1
            ],
            [
                "SKU-000203A",
                1
            ],
            [
                "SKU-000139B",
                1
            ],
            [
                "SKU-000196B",
                1
            ],
            [
                "SKU-000038A",
                1
            ],
            [
                "SKU-000457C",
                1
            ],
            [
                "SKU-000335D",
                1
            ],
            [
                "SKU-000302B",
                1
            ],
            [
                "SKU-000481D",
                1
            ],
            [
                "SKU-000110D",
                1
            ],
            [
                "SKU-000411A",
                1
            ],
            [
                "SKU-000067C",
                1
            ]
        ],
        "pickTime": "2025-07-15 21:39:16"
    },
    {
        "replenish": true,
        "skus": [
            [
                "SKU-000473A",
                1
            ],
            [
                "SKU-000181B",
                1
            ],
            [
                "SKU-000330A",
                1
            ],
            [
                "SKU-000065A",
                1
            ],
            [
                "SKU-000033D",
                1
            ],
            [
                "SKU-000256A",
                1
            ],
            [
                "SKU-000135B",
                1
            ],
            [
                "SKU-000298B",
                1
            ],
            [
                "SKU-000241D",
                1
            ],
            [
                "SKU-000258C",
                1
            ],
            [
                "SKU-000337B",
                1
            ],
            [
                "SKU-000070B",
                1
            ],
            [
                "SKU-000323A",
                1
            ],
            [
                "SKU-000003C",
                1
            ],
            [
                "SKU-000392B",
                1
            ],
            [
                "SKU-000465C",
                1
            ]
        ],
        "pickTime": "2025-07-16 01:45:42"
    },
    {
        "replenish": true,
        "skus": [
            [
                "SKU-000486D",
                1
            ],
            [
                "SKU-000011C",
                1
            ],
            [
                "SKU-000249A",
                1
            ],
            [
                "SKU-000449A",
                1
            ],
            [
                "SKU-000036C",
                1
            ],
            [
                "SKU-000201D",
                1
            ],
            [
                "SKU-000314D",
                1
            ],
            [
                "SKU-000175A",
                1
            ],
            [
                "SKU-000424C",
                1
            ],
            [
                "SKU-000127C",
                1
            ],
            [
                "SKU-000408D",
                1
            ],
            [
                "SKU-000445B",
                1
            ],
            [
                "SKU-000390B",
                1
            ],
            [
                "SKU-000417C",
                1
            ],
            [
                "SKU-000449D",
                1
            ],
            [
                "SKU-000272C",
                1
            ],
            [
                "SKU-000455B",
                1
            ],
            [
                "SKU-000043D",
                1
            ],
            [
                "SKU-000482B",
                1
            ],
            [
                "SKU-000162A",
                1
            ],
            [
                "SKU-000310B",
                1
            ],
            [
                "SKU-000245C",
                1
            ],
            [
                "SKU-000449B",
                1
            ],
            [
                "SKU-000374D",
                1
            ],
            [
                "SKU-000229D",
                1
            ],
            [
                "SKU-000163D",
                1
            ],
            [
                "SKU-000200A",
                1
            ],
            [
                "SKU-000123A",
                1
            ],
            [
                "SKU-000188C",
                1
            ],
            [
                "SKU-000161A",
                1
            ],
            [
                "SKU-000028A",
                1
            ],
            [
                "SKU-000261B",
                1
            ],
            [
                "SKU-000436D",
                1
            ],
            [
                "SKU-000015B",
                1
            ],
            [
                "SKU-000297D",
                1
            ],
            [
                "SKU-000225C",
                1
            ],
            [
                "SKU-000449C",
                1
            ],
            [
                "SKU-000021D",
                1
            ],
            [
                "SKU-000321A",
                1
            ],
            [
                "SKU-000367C",
                1
            ],
            [
                "SKU-000213B",
                1
            ]
        ],
        "pickTime": "2025-07-16 06:46:10"
    },
    {
        "replenish": false,
        "skus": [
            [
                "SKU-000131D",
                1
            ],
            [
                "SKU-000051B",
                1
            ],
            [
                "SKU-000395D",
                1
            ],
            [
                "SKU-000461B",
                1
            ],
            [
                "SKU-000388C",
                1
            ],
            [
                "SKU-000193B",
                1
            ],
            [
                "SKU-000178C",
                1
            ],
            [
                "SKU-000035A",
                1
            ],
            [
                "SKU-000478A",
                1
            ],
            [
                "SKU-000086D",
                1
            ],
            [
                "SKU-000082B",
                1
            ],
            [
                "SKU-000327B",
                1
            ],
            [
                "SKU-000481D",
                1
            ]
        ],
        "pickTime": "2025-07-16 07:29:12"
    },
    {
        "replenish": false,
        "skus": [
            [
                "SKU-000300D",
                1
            ]
        ],
        "pickTime": "2025-07-17 01:00:47"
    },
    {
        "replenish": false,
        "skus": [
            [
                "SKU-000027C",
                1
            ],
            [
                "SKU-000240C",
                1
            ],
            [
                "SKU-000362C",
                1
            ],
            [
                "SKU-000418A",
                1
            ]
        ],
        "pickTime": "2025-07-17 03:27:57"
    },
    {
        "replenish": false,
        "skus": [
            [
                "SKU-000116C",
                1
            ]
        ],
        "pickTime": "2025-07-17 17:37:10"
    },
    {
        "replenish": false,
        "skus": [
            [
                "SKU-000277C",
                1
            ],
            [
                "SKU-000449D",
                1
            ],
            [
                "SKU-000438A",
                1
            ],
            [
                "SKU-000063C",
                1
            ],
            [
                "SKU-000285D",
                1
            ],
            [
                "SKU-000373B",
                1
            ],
            [
                "SKU-000258B",
                1
            ],
            [
                "SKU-000246D",
                1
            ],
            [
                "SKU-000397D",
                1
            ],
            [
                "SKU-000065C",
                1
            ],
            [
                "SKU-000473A",
                1
            ],
            [
                "SKU-000032C",
                1
            ],
            [
                "SKU-000158D",
                1
            ],
            [
                "SKU-000355C",
                1
            ],
            [
                "SKU-000158A",
                1
            ],
            [
                "SKU-000269D",
                1
            ],
            [
                "SKU-000237A",
                1
            ],
            [
                "SKU-000126A",
                1
            ]
        ],
        "pickTime": "2025-07-18 01:34:29"
    },
    {
        "replenish": false,
        "skus": [
            [
                "SKU-000417C",
                1
            ]
        ],
        "pickTime": "2025-07-18 14:19:59"
    },
    {
        "replenish": false,
        "skus": [
            [
                "SKU-000257C",
                1
            ],
            [
                "SKU-000443D",
                1
            ],
            [
                "SKU-000043C",
                1
            ]
        ],
        "pickTime": "2025-07-19 00:39:48"
    },
    {
        "replenish": false,
        "skus": [
            [
                "SKU-000334A",
                1
            ],
            [
                "SKU-000173D",
                1
            ],
            [
                "SKU-000246A",
                1
            ],
            [
                "SKU-000346B",
                1
            ],
            [
                "SKU-000307D",
                1
            ],
            [
                "SKU-000403B",
                1
            ],
            [
                "SKU-000134B",
                1
            ],
            [
                "SKU-000402C",
                1
            ],
            [
                "SKU-000079A",
                1
            ],
            [
                "SKU-000452B",
                1
            ],
            [
                "SKU-000382B",
                1
            ],
            [
                "SKU-000098A",
                1
            ],
            [
                "SKU-000109B",
                1
            ],
            [
                "SKU-000296C",
                1
            ],
            [
                "SKU-000307D",
                1
            ],
            [
                "SKU-000337C",
                1
            ],
            [
                "SKU-000343D",
                1
            ],
            [
                "SKU-000371A",
                1
            ],
            [
                "SKU-000214C",
                1
            ]
        ],
        "pickTime": "2025-07-19 22:31:53"
    },
    {
        "replenish": false,
        "skus": [
            [
                "SKU-000278B",
                1
            ],
            [
                "SKU-000420D",
                1
            ],
            [
                "SKU-000292D",
                1
            ]
        ],
        "pickTime": "2025-07-19 23:37:47"
    },
    {
        "replenish": false,
        "skus": [
            [
                "SKU-000106C",
                1
            ],
            [
                "SKU-000144C",
                1
            ],
            [
                "SKU-000173D",
                1
            ],
            [
                "SKU-000436D",
                1
            ],
            [
                "SKU-000355C",
                1
            ],
            [
                "SKU-000415B",
                1
            ],
            [
                "SKU-000460B",
                1
            ]
        ],
        "pickTime": "2025-07-19 23:57:57"
    },
    {
        "replenish": false,
        "skus": [
            [
                "SKU-000131A",
                1
            ],
            [
                "SKU-000050A",
                1
            ],
            [
                "SKU-000499B",
                1
            ],
            [
                "SKU-000362A",
                1
            ],
            [
                "SKU-000349A",
                1
            ],
            [
                "SKU-000268B",
                1
            ],
            [
                "SKU-000115D",
                1
            ],
            [
                "SKU-000274D",
                1
            ],
            [
                "SKU-000230A",
                1
            ],
            [
                "SKU-000254A",
                1
            ],
            [
                "SKU-000482D",
                1
            ],
            [
                "SKU-000280A",
                1
            ],
            [
                "SKU-000197B",
                1
            ],
            [
                "SKU-000246C",
                1
            ],
            [
                "SKU-000341B",
                1
            ],
            [
                "SKU-000138A",
                1
            ],
            [
                "SKU-000002D",
                1
            ],
            [
                "SKU-000162A",
                1
            ],
            [
                "SKU-000115A",
                1
            ],
            [
                "SKU-000094C",
                1
            ],
            [
                "SKU-000388C",
                1
            ],
            [
                "SKU-000108C",
                1
            ],
            [
                "SKU-000283D",
                1
            ],
            [
                "SKU-000073B",
                1
            ],
            [
                "SKU-000249A",
                1
            ],
            [
                "SKU-000284B",
                1
            ],
            [
                "SKU-000462C",
                1
            ]
        ],
        "pickTime": "2025-07-20 07:46:49"
    },
    {
        "replenish": false,
        "skus": [
            [
                "SKU-000320A",
                1
            ],
            [
                "SKU-000484D",
                1
            ],
            [
                "SKU-000118B",
                1
            ],
            [
                "SKU-000223B",
                1
            ],
            [
                "SKU-000488C",
                1
            ],
            [
                "SKU-000014A",
                1
            ],
            [
                "SKU-000047D",
                1
            ],
            [
                "SKU-000321C",
                1
            ],
            [
                "SKU-000480A",
                1
            ],
            [
                "SKU-000021D",
                1
            ],
            [
                "SKU-000341D",
                1
            ],
            [
                "SKU-000317C",
                1
            ],
            [
                "SKU-000009B",
                1
            ],
            [
                "SKU-000358C",
                1
            ],
            [
                "SKU-000086D",
                1
            ],
            [
                "SKU-000306D",
                1
            ],
            [
                "SKU-000025A",
                1
            ],
            [
                "SKU-000151A",
                1
            ]
        ],
        "pickTime": "2025-07-20 08:52:23"
    },
    {
        "replenish": false,
        "skus": [
            [
                "SKU-000001B",
                1
            ],
            [
                "SKU-000428B",
                1
            ],
            [
                "SKU-000396A",
                1
            ],
            [
                "SKU-000278B",
                1
            ],
            [
                "SKU-000245C",
                1
            ]
        ],
        "pickTime": "2025-07-20 18:49:46"
    },
    {
        "replenish": false,
        "skus": [
            [
                "SKU-000091D",
                1
            ],
            [
                "SKU-000155C",
                1
            ],
            [
                "SKU-000049A",
                1
            ]
        ],
        "pickTime": "2025-07-21 00:19:39"
    },
    {
        "replenish": false,
        "skus": [
            [
                "SKU-000496C",
                1
            ],
            [
                "SKU-000161A",
                1
            ],
            [
                "SKU-000441A",
                1
            ]
        ],
        "pickTime": "2025-07-21 10:26:23"
    },
    {
        "replenish": false,
        "skus": [
            [
                "SKU-000110D",
                1
            ],
            [
                "SKU-000258C",
                1
            ],
            [
                "SKU-000300D",
                1
            ],
            [
                "SKU-000002B",
                1
            ],
            [
                "SKU-000228C",
                1
            ]
        ],
        "pickTime": "2025-07-21 21:58:31"
    },
    {
        "replenish": false,
        "skus": [
            [
                "SKU-000214C",
                1
            ],
            [
                "SKU-000110A",
                1
            ],
            [
                "SKU-000141D",
                1
            ],
            [
                "SKU-000190D",
                1
            ],
            [
                "SKU-000047D",
                1
            ],
            [
                "SKU-000176D",
                1
            ],
            [
                "SKU-000324B",
                1
            ],
            [
                "SKU-000444A",
                1
            ],
            [
                "SKU-000355C",
                1
            ],
            [
                "SKU-000081C",
                1
            ]
        ],
        "pickTime": "2025-07-22 02:16:55"
    },
    {
        "replenish": false,
        "skus": [
            [
                "SKU-000317C",
                1
            ],
            [
                "SKU-000176B",
                1
            ]
        ],
        "pickTime": "2025-07-22 02:25:05"
    },
    {
        "replenish": false,
        "skus": [
            [
                "SKU-000230A",
                1
            ]
        ],
        "pickTime": "2025-07-22 03:50:35"
    },
    {
        "replenish": false,
        "skus": [
            [
                "SKU-000178C",
                1
            ],
            [
                "SKU-000476D",
                1
            ]
        ],
        "pickTime": "2025-07-22 22:56:17"
    },
    {
        "replenish": false,
        "skus": [
            [
                "SKU-000344B",
                1
            ],
            [
                "SKU-000054C",
                1
            ],
            [
                "SKU-000070A",
                1
            ],
            [
                "SKU-000099C",
                1
            ],
            [
                "SKU-000326D",
                1
            ],
            [
                "SKU-000118B",
                1
            ]
        ],
        "pickTime": "2025-07-23 01:52:22"
    },
    {
        "replenish": false,
        "skus": [
            [
                "SKU-000040D",
                1
            ],
            [
                "SKU-000302C",
                1
            ],
            [
                "SKU-000001B",
                1
            ],
            [
                "SKU-000405B",
                1
            ],
            [
                "SKU-000373A",
                1
            ],
            [
                "SKU-000429C",
                1
            ],
            [
                "SKU-000499B",
                1
            ],
            [
                "SKU-000163B",
                1
            ],
            [
                "SKU-000240D",
                1
            ],
            [
                "SKU-000132B",
                1
            ],
            [
                "SKU-000068B",
                1
            ],
            [
                "SKU-000431D",
                1
            ],
            [
                "SKU-000173D",
                1
            ],
            [
                "SKU-000139B",
                1
            ],
            [
                "SKU-000288A",
                1
            ],
            [
                "SKU-000209B",
                1
            ]
        ],
        "pickTime": "2025-07-23 03:19:58"
    },
    {
        "replenish": false,
        "skus": [
            [
                "SKU-000141D",
                1
            ],
            [
                "SKU-000177C",
                1
            ]
        ],
        "pickTime": "2025-07-23 13:43:59"
    },
    {
        "replenish": false,
        "skus": [
            [
                "SKU-000404C",
                1
            ],
            [
                "SKU-000038C",
                1
            ]
        ],
        "pickTime": "2025-07-23 17:42:05"
    },
    {
        "replenish": false,
        "skus": [
            [
                "SKU-000482D",
                1
            ],
            [
                "SKU-000090C",
                1
            ],
            [
                "SKU-000390A",
                1
            ],
            [
                "SKU-000120D",
                1
            ],
            [
                "SKU-000002A",
                1
            ]
        ],
        "pickTime": "2025-07-23 19:03:33"
    },
    {
        "replenish": false,
        "skus": [
            [
                "SKU-000470C",
                1
            ],
            [
                "SKU-000213C",
                1
            ]
        ],
        "pickTime": "2025-07-24 05:16:39"
    },
    {
        "replenish": false,
        "skus": [
            [
                "SKU-000211D",
                1
            ],
            [
                "SKU-000137A",
                1
            ],
            [
                "SKU-000499A",
                1
            ],
            [
                "SKU-000318A",
                1
            ],
            [
                "SKU-000285B",
                1
            ],
            [
                "SKU-000008A",
                1
            ],
            [
                "SKU-000021C",
                1
            ],
            [
                "SKU-000200B",
                1
            ]
        ],
        "pickTime": "2025-07-24 07:52:50"
    },
    {
        "replenish": false,
        "skus": [
            [
                "SKU-000027C",
                1
            ]
        ],
        "pickTime": "2025-07-24 08:41:34"
    },
    {
        "replenish": false,
        "skus": [
            [
                "SKU-000447B",
                1
            ],
            [
                "SKU-000302A",
                1
            ]
        ],
        "pickTime": "2025-07-24 15:31:57"
    },
    {
        "replenish": false,
        "skus": [
            [
                "SKU-000199B",
                1
            ],
            [
                "SKU-000131B",
                1
            ],
            [
                "SKU-000127C",
                1
            ],
            [
                "SKU-000491A",
                1
            ],
            [
                "SKU-000114C",
                1
            ],
            [
                "SKU-000444B",
                1
            ],
            [
                "SKU-000104A",
                1
            ],
            [
                "SKU-000030D",
                1
            ],
            [
                "SKU-000287D",
                1
            ],
            [
                "SKU-000139D",
                1
            ],
            [
                "SKU-000496A",
                1
            ],
            [
                "SKU-000247D",
                1
            ],
            [
                "SKU-000068B",
                1
            ],
            [
                "SKU-000278B",
                1
            ],
            [
                "SKU-000169C",
                1
            ],
            [
                "SKU-000065A",
                1
            ],
            [
                "SKU-000029C",
                1
            ],
            [
                "SKU-000024C",
                1
            ],
            [
                "SKU-000310C",
                1
            ],
            [
                "SKU-000064B",
                1
            ]
        ],
        "pickTime": "2025-07-25 12:27:03"
    },
    {
        "replenish": false,
        "skus": [
            [
                "SKU-000285C",
                1
            ],
            [
                "SKU-000153C",
                1
            ]
        ],
        "pickTime": "2025-07-25 12:40:22"
    },
    {
        "replenish": false,
        "skus": [
            [
                "SKU-000395D",
                1
            ]
        ],
        "pickTime": "2025-07-25 23:31:24"
    },
    {
        "replenish": false,
        "skus": [
            [
                "SKU-000246C",
                1
            ],
            [
                "SKU-000376A",
                1
            ],
            [
                "SKU-000355A",
                1
            ],
            [
                "SKU-000350D",
                1
            ],
            [
                "SKU-000105C",
                1
            ],
            [
                "SKU-000449C",
                1
            ],
            [
                "SKU-000437C",
                1
            ],
            [
                "SKU-000341C",
                1
            ],
            [
                "SKU-000099D",
                1
            ],
            [
                "SKU-000261A",
                1
            ],
            [
                "SKU-000278B",
                1
            ],
            [
                "SKU-000302A",
                1
            ],
            [
                "SKU-000460C",
                1
            ],
            [
                "SKU-000060C",
                1
            ],
            [
                "SKU-000358B",
                1
            ],
            [
                "SKU-000129D",
                1
            ],
            [
                "SKU-000404C",
                1
            ],
            [
                "SKU-000316A",
                1
            ],
            [
                "SKU-000449A",
                1
            ],
            [
                "SKU-000279B",
                1
            ],
            [
                "SKU-000422B",
                1
            ]
        ],
        "pickTime": "2025-07-26 01:09:58"
    },
    {
        "replenish": false,
        "skus": [
            [
                "SKU-000443C",
                1
            ],
            [
                "SKU-000448D",
                1
            ],
            [
                "SKU-000496C",
                1
            ],
            [
                "SKU-000151A",
                1
            ],
            [
                "SKU-000242C",
                1
            ],
            [
                "SKU-000070B",
                1
            ],
            [
                "SKU-000315A",
                1
            ],
            [
                "SKU-000217C",
                1
            ],
            [
                "SKU-000005A",
                1
            ],
            [
                "SKU-000019A",
                1
            ],
            [
                "SKU-000257C",
                1
            ],
            [
                "SKU-000377C",
                1
            ],
            [
                "SKU-000138D",
                1
            ],
            [
                "SKU-000018A",
                1
            ],
            [
                "SKU-000324B",
                1
            ],
            [
                "SKU-000104A",
                1
            ],
            [
                "SKU-000090A",
                1
            ],
            [
                "SKU-000190C",
                1
            ]
        ],
        "pickTime": "2025-07-26 06:21:36"
    },
    {
        "replenish": false,
        "skus": [
            [
                "SKU-000137A",
                1
            ],
            [
                "SKU-000256B",
                1
            ],
            [
                "SKU-000432D",
                1
            ]
        ],
        "pickTime": "2025-07-26 07:31:15"
    },
    {
        "replenish": false,
        "skus": [
            [
                "SKU-000391D",
                1
            ]
        ],
        "pickTime": "2025-07-26 12:23:53"
    },
    {
        "replenish": false,
        "skus": [
            [
                "SKU-000409B",
                1
            ],
            [
                "SKU-000297C",
                1
            ],
            [
                "SKU-000381C",
                1
            ],
            [
                "SKU-000188C",
                1
            ],
            [
                "SKU-000268C",
                1
            ]
        ],
        "pickTime": "2025-07-26 13:10:15"
    },
    {
        "replenish": false,
        "skus": [
            [
                "SKU-000207A",
                1
            ],
            [
                "SKU-000040B",
                1
            ],
            [
                "SKU-000484C",
                1
            ],
            [
                "SKU-000058C",
                1
            ],
            [
                "SKU-000009B",
                1
            ],
            [
                "SKU-000358C",
                1
            ],
            [
                "SKU-000293C",
                1
            ]
        ],
        "pickTime": "2025-07-27 11:47:23"
    },
    {
        "replenish": false,
        "skus": [
            [
                "SKU-000108C",
                1
            ],
            [
                "SKU-000065A",
                1
            ],
            [
                "SKU-000077B",
                1
            ],
            [
                "SKU-000195A",
                1
            ],
            [
                "SKU-000093C",
                1
            ]
        ],
        "pickTime": "2025-07-27 16:50:30"
    },
    {
        "replenish": false,
        "skus": [
            [
                "SKU-000151A",
                1
            ],
            [
                "SKU-000145C",
                1
            ],
            [
                "SKU-000200B",
                1
            ]
        ],
        "pickTime": "2025-07-28 07:14:06"
    },
    {
        "replenish": false,
        "skus": [
            [
                "SKU-000352B",
                1
            ]
        ],
        "pickTime": "2025-07-28 22:25:36"
    },
    {
        "replenish": false,
        "skus": [
            [
                "SKU-000211D",
                1
            ]
        ],
        "pickTime": "2025-07-28 22:39:12"
    },
    {
        "replenish": false,
        "skus": [
            [
                "SKU-000013A",
                1
            ],
            [
                "SKU-000204C",
                1
            ],
            [
                "SKU-000128D",
                1
            ],
            [
                "SKU-000326D",
                1
            ],
            [
                "SKU-000459C",
                1
            ],
            [
                "SKU-000057D",
                1
            ],
            [
                "SKU-000182C",
                1
            ],
            [
                "SKU-000167C",
                1
            ],
            [
                "SKU-000340A",
                1
            ],
            [
                "SKU-000405C",
                1
            ]
        ],
        "pickTime": "2025-07-29 03:31:02"
    },
    {
        "replenish": false,
        "skus": [
            [
                "SKU-000069A",
                1
            ],
            [
                "SKU-000188C",
                1
            ],
            [
                "SKU-000268B",
                1
            ],
            [
                "SKU-000162C",
                1
            ],
            [
                "SKU-000392D",
                1
            ],
            [
                "SKU-000135D",
                1
            ],
            [
                "SKU-000259C",
                1
            ]
        ],
        "pickTime": "2025-07-29 04:00:23"
    },
    {
        "replenish": false,
        "skus": [
            [
                "SKU-000136B",
                1
            ],
            [
                "SKU-000188C",
                1
            ],
            [
                "SKU-000363A",
                1
            ]
        ],
        "pickTime": "2025-07-29 05:55:38"
    },
    {
        "replenish": false,
        "skus": [
            [
                "SKU-000184D",
                1
            ],
            [
                "SKU-000362A",
                1
            ]
        ],
        "pickTime": "2025-07-29 14:23:52"
    },
    {
        "replenish": false,
        "skus": [
            [
                "SKU-000284C",
                1
            ],
            [
                "SKU-000302B",
                1
            ],
            [
                "SKU-000095B",
                1
            ],
            [
                "SKU-000173D",
                1
            ],
            [
                "SKU-000406D",
                1
            ]
        ],
        "pickTime": "2025-07-29 21:41:29"
    },
    {
        "replenish": false,
        "skus": [
            [
                "SKU-000432C",
                1
            ],
            [
                "SKU-000355B",
                1
            ],
            [
                "SKU-000258B",
                1
            ],
            [
                "SKU-000295A",
                1
            ]
        ],
        "pickTime": "2025-07-30 06:18:17"
    },
    {
        "replenish": false,
        "skus": [
            [
                "SKU-000411A",
                1
            ],
            [
                "SKU-000254B",
                1
            ],
            [
                "SKU-000258C",
                1
            ],
            [
                "SKU-000302A",
                1
            ],
            [
                "SKU-000018A",
                1
            ],
            [
                "SKU-000392B",
                1
            ],
            [
                "SKU-000063C",
                1
            ],
            [
                "SKU-000045D",
                1
            ],
            [
                "SKU-000147D",
                1
            ],
            [
                "SKU-000057C",
                1
            ],
            [
                "SKU-000296C",
                1
            ],
            [
                "SKU-000360B",
                1
            ],
            [
                "SKU-000138C",
                1
            ],
            [
                "SKU-000261C",
                1
            ],
            [
                "SKU-000450A",
                1
            ],
            [
                "SKU-000452C",
                1
            ],
            [
                "SKU-000313C",
                1
            ],
            [
                "SKU-000144C",
                1
            ],
            [
                "SKU-000476D",
                1
            ],
            [
                "SKU-000340B",
                1
            ],
            [
                "SKU-000152A",
                1
            ],
            [
                "SKU-000292D",
                1
            ],
            [
                "SKU-000384D",
                1
            ],
            [
                "SKU-000482D",
                1
            ],
            [
                "SKU-000013D",
                1
            ],
            [
                "SKU-000363A",
                1
            ]
        ],
        "pickTime": "2025-07-30 09:07:49"
    },
    {
        "replenish": false,
        "skus": [
            [
                "SKU-000329B",
                1
            ],
            [
                "SKU-000322B",
                1
            ],
            [
                "SKU-000345A",
                1
            ],
            [
                "SKU-000195D",
                1
            ],
            [
                "SKU-000398D",
                1
            ],
            [
                "SKU-000443D",
                1
            ],
            [
                "SKU-000155C",
                1
            ],
            [
                "SKU-000064B",
                1
            ]
        ],
        "pickTime": "2025-07-30 14:07:20"
    }
]