[
    {
        "replenish": true,
        "skus": [
            [
                "SKU-000383C",
                1
            ],
            [
                "SKU-000172C",
                1
            ],
            [
                "SKU-000441A",
                1
            ],
            [
                "SKU-000009A",
                1
            ]
        ],
        "pickTime": "2025-07-01 17:58:04"
    },
    {
        "replenish": true,
        "skus": [
            [
                "SKU-000121B",
                1
            ],
            [
                "SKU-000184B",
                1
            ],
            [
                "SKU-000498D",
                1
            ],
            [
                "SKU-000432A",
                1
            ],
            [
                "SKU-000046A",
                1
            ],
            [
                "SKU-000220B",
                1
            ],
            [
                "SKU-000484C",
                1
            ],
            [
                "SKU-000174B",
                1
            ],
            [
                "SKU-000151B",
                1
            ],
            [
                "SKU-000241B",
                1
            ],
            [
                "SKU-000389D",
                1
            ],
            [
                "SKU-000443A",
                1
            ],
            [
                "SKU-000243B",
                1
            ]
        ],
        "pickTime": "2025-07-01 18:41:12"
    },
    {
        "replenish": true,
        "skus": [
            [
                "SKU-000448D",
                1
            ],
            [
                "SKU-000014D",
                1
            ],
            [
                "SKU-000296A",
                1
            ],
            [
                "SKU-000001C",
                1
            ],
            [
                "SKU-000125A",
                1
            ],
            [
                "SKU-000289D",
                1
            ],
            [
                "SKU-000383C",
                1
            ],
            [
                "SKU-000421A",
                1
            ],
            [
                "SKU-000108C",
                1
            ],
            [
                "SKU-000256B",
                1
            ],
            [
                "SKU-000217D",
                1
            ],
            [
                "SKU-000208D",
                1
            ],
            [
                "SKU-000301A",
                1
            ],
            [
                "SKU-000095B",
                1
            ],
            [
                "SKU-000296C",
                1
            ],
            [
                "SKU-000040A",
                1
            ],
            [
                "SKU-000296D",
                1
            ],
            [
                "SKU-000239C",
                1
            ],
            [
                "SKU-000067C",
                1
            ],
            [
                "SKU-000059B",
                1
            ],
            [
                "SKU-000208D",
                1
            ],
            [
                "SKU-000208D",
                1
            ],
            [
                "SKU-000429B",
                1
            ],
            [
                "SKU-000059B",
                1
            ],
            [
                "SKU-000014D",
                1
            ],
            [
                "SKU-000067B",
                1
            ],
            [
                "SKU-000080C",
                1
            ],
            [
                "SKU-000455B",
                1
            ],
            [
                "SKU-000289D",
                1
            ],
            [
                "SKU-000042C",
                1
            ],
            [
                "SKU-000420B",
                1
            ],
            [
                "SKU-000291A",
                1
            ],
            [
                "SKU-000048B",
                1
            ],
            [
                "SKU-000071D",
                1
            ],
            [
                "SKU-000161A",
                1
            ],
            [
                "SKU-000407B",
                1
            ],
            [
                "SKU-000070D",
                1
            ],
            [
                "SKU-000450A",
                1
            ],
            [
                "SKU-000329B",
                1
            ],
            [
                "SKU-000098D",
                1
            ],
            [
                "SKU-000026A",
                1
            ],
            [
                "SKU-000227C",
                1
            ],
            [
                "SKU-000015A",
                1
            ],
            [
                "SKU-000422B",
                1
            ],
            [
                "SKU-000238D",
                1
            ],
            [
                "SKU-000126D",
                1
            ]
        ],
        "pickTime": "2025-07-01 20:49:28"
    },
    {
        "replenish": true,
        "skus": [
            [
                "SKU-000434C",
                1
            ],
            [
                "SKU-000450B",
                1
            ],
            [
                "SKU-000017C",
                1
            ],
            [
                "SKU-000481B",
                1
            ],
            [
                "SKU-000425C",
                1
            ],
            [
                "SKU-000300C",
                1
            ],
            [
                "SKU-000013D",
                1
            ],
            [
                "SKU-000062D",
                1
            ],
            [
                "SKU-000352B",
                1
            ],
            [
                "SKU-000081C",
                1
            ],
            [
                "SKU-000388A",
                1
            ],
            [
                "SKU-000330B",
                1
            ],
            [
                "SKU-000246D",
                1
            ],
            [
                "SKU-000445D",
                1
            ],
            [
                "SKU-000121A",
                1
            ],
            [
                "SKU-000253B",
                1
            ],
            [
                "SKU-000324D",
                1
            ],
            [
                "SKU-000042A",
                1
            ],
            [
                "SKU-000040D",
                1
            ],
            [
                "SKU-000168C",
                1
            ],
            [
                "SKU-000156D",
                1
            ],
            [
                "SKU-000398D",
                1
            ],
            [
                "SKU-000371B",
                1
            ],
            [
                "SKU-000394B",
                1
            ],
            [
                "SKU-000003A",
                1
            ],
            [
                "SKU-000167C",
                1
            ],
            [
                "SKU-000004D",
                1
            ],
            [
                "SKU-000296D",
                1
            ],
            [
                "SKU-000500A",
                1
            ],
            [
                "SKU-000219A",
                1
            ],
            [
                "SKU-000072B",
                1
            ],
            [
                "SKU-000443D",
                1
            ],
            [
                "SKU-000020B",
                1
            ],
            [
                "SKU-000431D",
                1
            ],
            [
                "SKU-000335B",
                1
            ],
            [
                "SKU-000114B",
                1
            ],
            [
                "SKU-000296C",
                1
            ],
            [
                "SKU-000093B",
                1
            ],
            [
                "SKU-000458B",
                1
            ],
            [
                "SKU-000114B",
                1
            ],
            [
                "SKU-000042C",
                1
            ],
            [
                "SKU-000335D",
                1
            ],
            [
                "SKU-000227C",
                1
            ],
            [
                "SKU-000139C",
                1
            ],
            [
                "SKU-000194D",
                1
            ],
            [
                "SKU-000034C",
                1
            ],
            [
                "SKU-000094C",
                1
            ],
            [
                "SKU-000280A",
                1
            ],
            [
                "SKU-000414C",
                1
            ],
            [
                "SKU-000076A",
                1
            ],
            [
                "SKU-000206A",
                1
            ],
            [
                "SKU-000008A",
                1
            ]
        ],
        "pickTime": "2025-07-02 08:17:47"
    },
    {
        "replenish": true,
        "skus": [
            [
                "SKU-000090B",
                1
            ],
            [
                "SKU-000398A",
                1
            ],
            [
                "SKU-000482B",
                1
            ],
            [
                "SKU-000029C",
                1
            ],
            [
                "SKU-000237A",
                1
            ]
        ],
        "pickTime": "2025-07-02 09:29:51"
    },
    {
        "replenish": true,
        "skus": [
            [
                "SKU-000335C",
                1
            ],
            [
                "SKU-000441B",
                1
            ],
            [
                "SKU-000033A",
                1
            ],
            [
                "SKU-000376B",
                1
            ],
            [
                "SKU-000499B",
                1
            ],
            [
                "SKU-000187D",
                1
            ],
            [
                "SKU-000308B",
                1
            ],
            [
                "SKU-000009A",
                1
            ],
            [
                "SKU-000136D",
                1
            ],
            [
                "SKU-000271B",
                1
            ],
            [
                "SKU-000332B",
                1
            ],
            [
                "SKU-000192B",
                1
            ],
            [
                "SKU-000324D",
                1
            ],
            [
                "SKU-000050D",
                1
            ],
            [
                "SKU-000497A",
                1
            ],
            [
                "SKU-000034D",
                1
            ],
            [
                "SKU-000063D",
                1
            ],
            [
                "SKU-000371A",
                1
            ],
            [
                "SKU-000460B",
                1
            ],
            [
                "SKU-000500B",
                1
            ],
            [
                "SKU-000253C",
                1
            ],
            [
                "SKU-000123B",
                1
            ],
            [
                "SKU-000147A",
                1
            ],
            [
                "SKU-000410D",
                1
            ],
            [
                "SKU-000305D",
                1
            ],
            [
                "SKU-000074B",
                1
            ],
            [
                "SKU-000442C",
                1
            ],
            [
                "SKU-000393B",
                1
            ],
            [
                "SKU-000434A",
                1
            ]
        ],
        "pickTime": "2025-07-02 11:35:58"
    },
    {
        "replenish": true,
        "skus": [
            [
                "SKU-000453C",
                1
            ]
        ],
        "pickTime": "2025-07-02 12:17:45"
    },
    {
        "replenish": true,
        "skus": [
            [
                "SKU-000413A",
                1
            ],
            [
                "SKU-000470A",
                1
            ],
            [
                "SKU-000202B",
                1
            ],
            [
                "SKU-000235C",
                1
            ],
            [
                "SKU-000134B",
                1
            ],
            [
                "SKU-000287A",
                1
            ],
            [
                "SKU-000147A",
                1
            ],
            [
                "SKU-000352B",
                1
            ]
        ],
        "pickTime": "2025-07-02 15:51:07"
    },
    {
        "replenish": true,
        "skus": [
            [
                "SKU-000254C",
                1
            ],
            [
                "SKU-000358B",
                1
            ],
            [
                "SKU-000144C",
                1
            ],
            [
                "SKU-000476B",
                1
            ],
            [
                "SKU-000250A",
                1
            ],
            [
                "SKU-000488D",
                1
            ],
            [
                "SKU-000241B",
                1
            ],
            [
                "SKU-000389D",
                1
            ],
            [
                "SKU-000320A",
                1
            ],
            [
                "SKU-000431B",
                1
            ],
            [
                "SKU-000450B",
                1
            ],
            [
                "SKU-000437B",
                1
            ],
            [
                "SKU-000105D",
                1
            ],
            [
                "SKU-000208A",
                1
            ],
            [
                "SKU-000254C",
                1
            ],
            [
                "SKU-000288A",
                1
            ],
            [
                "SKU-000324D",
                1
            ],
            [
                "SKU-000127B",
                1
            ],
            [
                "SKU-000114B",
                1
            ],
            [
                "SKU-000015B",
                1
            ],
            [
                "SKU-000254D",
                1
            ],
            [
                "SKU-000335D",
                1
            ],
            [
                "SKU-000225D",
                1
            ],
            [
                "SKU-000044D",
                1
            ],
            [
                "SKU-000360A",
                1
            ],
            [
                "SKU-000119A",
                1
            ],
            [
                "SKU-000167A",
                1
            ],
            [
                "SKU-000369B",
                1
            ]
        ],
        "pickTime": "2025-07-02 17:26:43"
    },
    {
        "replenish": true,
        "skus": [
            [
                "SKU-000426C",
                1
            ],
            [
                "SKU-000458C",
                1
            ],
            [
                "SKU-000305B",
                1
            ],
            [
                "SKU-000259C",
                1
            ],
            [
                "SKU-000248D",
                1
            ]
        ],
        "pickTime": "2025-07-02 20:36:49"
    },
    {
        "replenish": true,
        "skus": [
            [
                "SKU-000231C",
                1
            ],
            [
                "SKU-000261A",
                1
            ],
            [
                "SKU-000202B",
                1
            ],
            [
                "SKU-000315B",
                1
            ],
            [
                "SKU-000038C",
                1
            ],
            [
                "SKU-000434A",
                1
            ],
            [
                "SKU-000096C",
                1
            ],
            [
                "SKU-000348D",
                1
            ]
        ],
        "pickTime": "2025-07-03 11:18:21"
    },
    {
        "replenish": true,
        "skus": [
            [
                "SKU-000118B",
                1
            ],
            [
                "SKU-000097C",
                1
            ],
            [
                "SKU-000329B",
                1
            ],
            [
                "SKU-000400A",
                1
            ],
            [
                "SKU-000061C",
                1
            ]
        ],
        "pickTime": "2025-07-04 04:37:09"
    },
    {
        "replenish": true,
        "skus": [
            [
                "SKU-000090B",
                1
            ],
            [
                "SKU-000101D",
                1
            ],
            [
                "SKU-000018D",
                1
            ],
            [
                "SKU-000281B",
                1
            ],
            [
                "SKU-000305B",
                1
            ],
            [
                "SKU-000327C",
                1
            ]
        ],
        "pickTime": "2025-07-04 07:09:34"
    },
    {
        "replenish": true,
        "skus": [
            [
                "SKU-000351A",
                1
            ],
            [
                "SKU-000155D",
                1
            ],
            [
                "SKU-000136C",
                1
            ],
            [
                "SKU-000038D",
                1
            ],
            [
                "SKU-000277C",
                1
            ],
            [
                "SKU-000002A",
                1
            ],
            [
                "SKU-000457A",
                1
            ],
            [
                "SKU-000448C",
                1
            ],
            [
                "SKU-000323C",
                1
            ],
            [
                "SKU-000074B",
                1
            ],
            [
                "SKU-000350A",
                1
            ],
            [
                "SKU-000318D",
                1
            ],
            [
                "SKU-000383D",
                1
            ],
            [
                "SKU-000390A",
                1
            ],
            [
                "SKU-000481B",
                1
            ],
            [
                "SKU-000233A",
                1
            ]
        ],
        "pickTime": "2025-07-05 01:21:24"
    },
    {
        "replenish": true,
        "skus": [
            [
                "SKU-000425D",
                1
            ]
        ],
        "pickTime": "2025-07-05 14:40:35"
    },
    {
        "replenish": true,
        "skus": [
            [
                "SKU-000163C",
                1
            ],
            [
                "SKU-000270A",
                1
            ],
            [
                "SKU-000103C",
                1
            ],
            [
                "SKU-000219A",
                1
            ],
            [
                "SKU-000460C",
                1
            ],
            [
                "SKU-000041A",
                1
            ],
            [
                "SKU-000311D",
                1
            ],
            [
                "SKU-000247D",
                1
            ],
            [
                "SKU-000102D",
                1
            ],
            [
                "SKU-000175D",
                1
            ],
            [
                "SKU-000340B",
                1
            ],
            [
                "SKU-000048B",
                1
            ],
            [
                "SKU-000415D",
                1
            ],
            [
                "SKU-000119A",
                1
            ],
            [
                "SKU-000489D",
                1
            ],
            [
                "SKU-000014D",
                1
            ],
            [
                "SKU-000350A",
                1
            ],
            [
                "SKU-000391B",
                1
            ],
            [
                "SKU-000149C",
                1
            ],
            [
                "SKU-000376C",
                1
            ],
            [
                "SKU-000492C",
                1
            ],
            [
                "SKU-000387A",
                1
            ],
            [
                "SKU-000252B",
                1
            ]
        ],
        "pickTime": "2025-07-06 02:41:41"
    },
    {
        "replenish": true,
        "skus": [
            [
                "SKU-000134B",
                1
            ],
            [
                "SKU-000444A",
                1
            ],
            [
                "SKU-000270B",
                1
            ],
            [
                "SKU-000113C",
                1
            ],
            [
                "SKU-000390A",
                1
            ],
            [
                "SKU-000009D",
                1
            ],
            [
                "SKU-000134B",
                1
            ],
            [
                "SKU-000009D",
                1
            ],
            [
                "SKU-000315A",
                1
            ],
            [
                "SKU-000450A",
                1
            ],
            [
                "SKU-000078A",
                1
            ],
            [
                "SKU-000078A",
                1
            ],
            [
                "SKU-000474A",
                1
            ],
            [
                "SKU-000287A",
                1
            ],
            [
                "SKU-000242C",
                1
            ],
            [
                "SKU-000165C",
                1
            ],
            [
                "SKU-000062C",
                1
            ],
            [
                "SKU-000424A",
                1
            ],
            [
                "SKU-000181C",
                1
            ],
            [
                "SKU-000384D",
                1
            ],
            [
                "SKU-000185C",
                1
            ],
            [
                "SKU-000215D",
                1
            ],
            [
                "SKU-000254A",
                1
            ],
            [
                "SKU-000021A",
                1
            ],
            [
                "SKU-000208A",
                1
            ],
            [
                "SKU-000142D",
                1
            ],
            [
                "SKU-000445B",
                1
            ],
            [
                "SKU-000105B",
                1
            ]
        ],
        "pickTime": "2025-07-06 04:11:27"
    },
    {
        "replenish": true,
        "skus": [
            [
                "SKU-000199A",
                1
            ]
        ],
        "pickTime": "2025-07-06 10:45:33"
    },
    {
        "replenish": true,
        "skus": [
            [
                "SKU-000139A",
                1
            ],
            [
                "SKU-000123A",
                1
            ],
            [
                "SKU-000014D",
                1
            ],
            [
                "SKU-000406C",
                1
            ],
            [
                "SKU-000214C",
                1
            ],
            [
                "SKU-000029C",
                1
            ],
            [
                "SKU-000072B",
                1
            ],
            [
                "SKU-000030C",
                1
            ],
            [
                "SKU-000143B",
                1
            ],
            [
                "SKU-000458D",
                1
            ],
            [
                "SKU-000144C",
                1
            ],
            [
                "SKU-000428A",
                1
            ],
            [
                "SKU-000216C",
                1
            ],
            [
                "SKU-000480A",
                1
            ],
            [
                "SKU-000492C",
                1
            ]
        ],
        "pickTime": "2025-07-07 03:05:58"
    },
    {
        "replenish": true,
        "skus": [
            [
                "SKU-000248C",
                1
            ],
            [
                "SKU-000199A",
                1
            ],
            [
                "SKU-000324D",
                1
            ],
            [
                "SKU-000445A",
                1
            ],
            [
                "SKU-000144A",
                1
            ],
            [
                "SKU-000285D",
                1
            ],
            [
                "SKU-000434C",
                1
            ],
            [
                "SKU-000352B",
                1
            ],
            [
                "SKU-000422D",
                1
            ],
            [
                "SKU-000391A",
                1
            ],
            [
                "SKU-000191D",
                1
            ],
            [
                "SKU-000208A",
                1
            ],
            [
                "SKU-000453D",
                1
            ],
            [
                "SKU-000469A",
                1
            ],
            [
                "SKU-000322A",
                1
            ],
            [
                "SKU-000460B",
                1
            ],
            [
                "SKU-000209A",
                1
            ],
            [
                "SKU-000392B",
                1
            ],
            [
                "SKU-000319A",
                1
            ],
            [
                "SKU-000217B",
                1
            ],
            [
                "SKU-000262D",
                1
            ],
            [
                "SKU-000274D",
                1
            ],
            [
                "SKU-000285A",
                1
            ],
            [
                "SKU-000149C",
                1
            ],
            [
                "SKU-000471C",
                1
            ],
            [
                "SKU-000476B",
                1
            ],
            [
                "SKU-000406C",
                1
            ],
            [
                "SKU-000380B",
                1
            ],
            [
                "SKU-000330B",
                1
            ],
            [
                "SKU-000432A",
                1
            ],
            [
                "SKU-000031A",
                1
            ],
            [
                "SKU-000006C",
                1
            ],
            [
                "SKU-000246C",
                1
            ],
            [
                "SKU-000426C",
                1
            ],
            [
                "SKU-000236A",
                1
            ],
            [
                "SKU-000245C",
                1
            ],
            [
                "SKU-000115C",
                1
            ]
        ],
        "pickTime": "2025-07-07 07:16:51"
    },
    {
        "replenish": true,
        "skus": [
            [
                "SKU-000253C",
                1
            ],
            [
                "SKU-000460A",
                1
            ],
            [
                "SKU-000486C",
                1
            ],
            [
                "SKU-000315B",
                1
            ],
            [
                "SKU-000481C",
                1
            ],
            [
                "SKU-000456C",
                1
            ],
            [
                "SKU-000293D",
                1
            ],
            [
                "SKU-000033A",
                1
            ],
            [
                "SKU-000009A",
                1
            ],
            [
                "SKU-000074B",
                1
            ],
            [
                "SKU-000093B",
                1
            ],
            [
                "SKU-000460B",
                1
            ],
            [
                "SKU-000486C",
                1
            ],
            [
                "SKU-000324C",
                1
            ],
            [
                "SKU-000336B",
                1
            ],
            [
                "SKU-000323B",
                1
            ]
        ],
        "pickTime": "2025-07-07 17:10:24"
    },
    {
        "replenish": true,
        "skus": [
            [
                "SKU-000270B",
                1
            ],
            [
                "SKU-000055D",
                1
            ],
            [
                "SKU-000484D",
                1
            ],
            [
                "SKU-000139C",
                1
            ]
        ],
        "pickTime": "2025-07-07 18:23:22"
    },
    {
        "replenish": true,
        "skus": [
            [
                "SKU-000253C",
                1
            ],
            [
                "SKU-000104D",
                1
            ],
            [
                "SKU-000484C",
                1
            ],
            [
                "SKU-000480B",
                1
            ],
            [
                "SKU-000115A",
                1
            ],
            [
                "SKU-000303A",
                1
            ],
            [
                "SKU-000386A",
                1
            ],
            [
                "SKU-000322D",
                1
            ],
            [
                "SKU-000153A",
                1
            ],
            [
                "SKU-000400A",
                1
            ],
            [
                "SKU-000182B",
                1
            ],
            [
                "SKU-000296C",
                1
            ],
            [
                "SKU-000045C",
                1
            ],
            [
                "SKU-000055B",
                1
            ],
            [
                "SKU-000285D",
                1
            ],
            [
                "SKU-000311D",
                1
            ],
            [
                "SKU-000091C",
                1
            ],
            [
                "SKU-000277D",
                1
            ],
            [
                "SKU-000470D",
                1
            ],
            [
                "SKU-000007C",
                1
            ],
            [
                "SKU-000335B",
                1
            ],
            [
                "SKU-000129A",
                1
            ],
            [
                "SKU-000384D",
                1
            ],
            [
                "SKU-000175D",
                1
            ],
            [
                "SKU-000232B",
                1
            ],
            [
                "SKU-000327C",
                1
            ],
            [
                "SKU-000379C",
                1
            ],
            [
                "SKU-000091C",
                1
            ],
            [
                "SKU-000318C",
                1
            ],
            [
                "SKU-000018D",
                1
            ],
            [
                "SKU-000261B",
                1
            ],
            [
                "SKU-000431B",
                1
            ],
            [
                "SKU-000291A",
                1
            ],
            [
                "SKU-000487B",
                1
            ],
            [
                "SKU-000143B",
                1
            ],
            [
                "SKU-000267C",
                1
            ],
            [
                "SKU-000083A",
                1
            ],
            [
                "SKU-000369B",
                1
            ]
        ],
        "pickTime": "2025-07-08 10:57:21"
    },
    {
        "replenish": true,
        "skus": [
            [
                "SKU-000458C",
                1
            ],
            [
                "SKU-000361A",
                1
            ],
            [
                "SKU-000151B",
                1
            ],
            [
                "SKU-000039B",
                1
            ],
            [
                "SKU-000144D",
                1
            ],
            [
                "SKU-000400A",
                1
            ],
            [
                "SKU-000074D",
                1
            ],
            [
                "SKU-000445A",
                1
            ],
            [
                "SKU-000191C",
                1
            ],
            [
                "SKU-000208A",
                1
            ],
            [
                "SKU-000031B",
                1
            ],
            [
                "SKU-000232B",
                1
            ],
            [
                "SKU-000481B",
                1
            ],
            [
                "SKU-000048C",
                1
            ],
            [
                "SKU-000015C",
                1
            ],
            [
                "SKU-000048C",
                1
            ],
            [
                "SKU-000102D",
                1
            ],
            [
                "SKU-000196B",
                1
            ],
            [
                "SKU-000163D",
                1
            ],
            [
                "SKU-000096A",
                1
            ],
            [
                "SKU-000434A",
                1
            ],
            [
                "SKU-000132D",
                1
            ],
            [
                "SKU-000443A",
                1
            ],
            [
                "SKU-000054C",
                1
            ],
            [
                "SKU-000435C",
                1
            ],
            [
                "SKU-000434C",
                1
            ],
            [
                "SKU-000015A",
                1
            ],
            [
                "SKU-000484D",
                1
            ]
        ],
        "pickTime": "2025-07-08 12:02:46"
    },
    {
        "replenish": true,
        "skus": [
            [
                "SKU-000217B",
                1
            ],
            [
                "SKU-000040B",
                1
            ],
            [
                "SKU-000390A",
                1
            ],
            [
                "SKU-000385A",
                1
            ],
            [
                "SKU-000083D",
                1
            ],
            [
                "SKU-000003A",
                1
            ],
            [
                "SKU-000169C",
                1
            ],
            [
                "SKU-000335D",
                1
            ],
            [
                "SKU-000273C",
                1
            ],
            [
                "SKU-000386A",
                1
            ],
            [
                "SKU-000169C",
                1
            ],
            [
                "SKU-000320B",
                1
            ],
            [
                "SKU-000458B",
                1
            ],
            [
                "SKU-000001D",
                1
            ],
            [
                "SKU-000484C",
                1
            ]
        ],
        "pickTime": "2025-07-08 15:16:29"
    },
    {
        "replenish": true,
        "skus": [
            [
                "SKU-000259D",
                1
            ],
            [
                "SKU-000296A",
                1
            ],
            [
                "SKU-000323A",
                1
            ],
            [
                "SKU-000492C",
                1
            ],
            [
                "SKU-000480A",
                1
            ],
            [
                "SKU-000073A",
                1
            ],
            [
                "SKU-000076A",
                1
            ],
            [
                "SKU-000172C",
                1
            ],
            [
                "SKU-000089D",
                1
            ],
            [
                "SKU-000440C",
                1
            ],
            [
                "SKU-000388B",
                1
            ],
            [
                "SKU-000461B",
                1
            ],
            [
                "SKU-000453B",
                1
            ],
            [
                "SKU-000152A",
                1
            ],
            [
                "SKU-000417B",
                1
            ],
            [
                "SKU-000336D",
                1
            ],
            [
                "SKU-000327C",
                1
            ],
            [
                "SKU-000219A",
                1
            ],
            [
                "SKU-000073D",
                1
            ],
            [
                "SKU-000221D",
                1
            ],
            [
                "SKU-000388B",
                1
            ],
            [
                "SKU-000313A",
                1
            ],
            [
                "SKU-000123B",
                1
            ],
            [
                "SKU-000460D",
                1
            ],
            [
                "SKU-000133D",
                1
            ],
            [
                "SKU-000150A",
                1
            ]
        ],
        "pickTime": "2025-07-08 23:29:11"
    },
    {
        "replenish": true,
        "skus": [
            [
                "SKU-000199A",
                1
            ],
            [
                "SKU-000437C",
                1
            ]
        ],
        "pickTime": "2025-07-09 03:26:35"
    },
    {
        "replenish": true,
        "skus": [
            [
                "SKU-000500C",
                1
            ],
            [
                "SKU-000160A",
                1
            ],
            [
                "SKU-000462C",
                1
            ]
        ],
        "pickTime": "2025-07-09 08:38:12"
    },
    {
        "replenish": true,
        "skus": [
            [
                "SKU-000076A",
                1
            ]
        ],
        "pickTime": "2025-07-09 10:05:55"
    },
    {
        "replenish": true,
        "skus": [
            [
                "SKU-000291D",
                1
            ],
            [
                "SKU-000296C",
                1
            ]
        ],
        "pickTime": "2025-07-09 16:28:15"
    },
    {
        "replenish": true,
        "skus": [
            [
                "SKU-000323C",
                1
            ],
            [
                "SKU-000237D",
                1
            ],
            [
                "SKU-000145D",
                1
            ],
            [
                "SKU-000282A",
                1
            ],
            [
                "SKU-000226D",
                1
            ]
        ],
        "pickTime": "2025-07-10 07:38:08"
    },
    {
        "replenish": true,
        "skus": [
            [
                "SKU-000110C",
                1
            ],
            [
                "SKU-000412B",
                1
            ],
            [
                "SKU-000078D",
                1
            ],
            [
                "SKU-000191C",
                1
            ],
            [
                "SKU-000050B",
                1
            ],
            [
                "SKU-000144C",
                1
            ],
            [
                "SKU-000182D",
                1
            ],
            [
                "SKU-000330B",
                1
            ]
        ],
        "pickTime": "2025-07-10 09:13:42"
    },
    {
        "replenish": true,
        "skus": [
            [
                "SKU-000363A",
                1
            ],
            [
                "SKU-000243D",
                1
            ],
            [
                "SKU-000446C",
                1
            ],
            [
                "SKU-000346B",
                1
            ],
            [
                "SKU-000236A",
                1
            ],
            [
                "SKU-000244C",
                1
            ],
            [
                "SKU-000187D",
                1
            ],
            [
                "SKU-000369B",
                1
            ],
            [
                "SKU-000267C",
                1
            ]
        ],
        "pickTime": "2025-07-10 09:44:26"
    },
    {
        "replenish": true,
        "skus": [
            [
                "SKU-000486C",
                1
            ],
            [
                "SKU-000302A",
                1
            ],
            [
                "SKU-000175B",
                1
            ],
            [
                "SKU-000363A",
                1
            ]
        ],
        "pickTime": "2025-07-10 17:55:35"
    },
    {
        "replenish": true,
        "skus": [
            [
                "SKU-000190B",
                1
            ],
            [
                "SKU-000002C",
                1
            ],
            [
                "SKU-000371C",
                1
            ]
        ],
        "pickTime": "2025-07-10 20:58:03"
    },
    {
        "replenish": true,
        "skus": [
            [
                "SKU-000254C",
                1
            ]
        ],
        "pickTime": "2025-07-10 22:54:04"
    },
    {
        "replenish": true,
        "skus": [
            [
                "SKU-000259C",
                1
            ],
            [
                "SKU-000381B",
                1
            ],
            [
                "SKU-000111A",
                1
            ],
            [
                "SKU-000062C",
                1
            ],
            [
                "SKU-000325C",
                1
            ]
        ],
        "pickTime": "2025-07-11 10:04:48"
    },
    {
        "replenish": true,
        "skus": [
            [
                "SKU-000153A",
                1
            ],
            [
                "SKU-000490D",
                1
            ],
            [
                "SKU-000121B",
                1
            ],
            [
                "SKU-000323A",
                1
            ],
            [
                "SKU-000077D",
                1
            ],
            [
                "SKU-000458C",
                1
            ],
            [
                "SKU-000073D",
                1
            ],
            [
                "SKU-000054C",
                1
            ],
            [
                "SKU-000212B",
                1
            ],
            [
                "SKU-000488D",
                1
            ],
            [
                "SKU-000110A",
                1
            ],
            [
                "SKU-000153A",
                1
            ],
            [
                "SKU-000229C",
                1
            ],
            [
                "SKU-000357D",
                1
            ],
            [
                "SKU-000266A",
                1
            ],
            [
                "SKU-000078D",
                1
            ],
            [
                "SKU-000052A",
                1
            ],
            [
                "SKU-000096C",
                1
            ],
            [
                "SKU-000438A",
                1
            ],
            [
                "SKU-000440C",
                1
            ]
        ],
        "pickTime": "2025-07-11 16:04:03"
    },
    {
        "replenish": true,
        "skus": [
            [
                "SKU-000383C",
                1
            ],
            [
                "SKU-000300A",
                1
            ],
            [
                "SKU-000333D",
                1
            ],
            [
                "SKU-000442C",
                1
            ],
            [
                "SKU-000015A",
                1
            ],
            [
                "SKU-000167A",
                1
            ]
        ],
        "pickTime": "2025-07-12 10:29:58"
    },
    {
        "replenish": true,
        "skus": [
            [
                "SKU-000489C",
                1
            ],
            [
                "SKU-000403D",
                1
            ],
            [
                "SKU-000111A",
                1
            ],
            [
                "SKU-000395C",
                1
            ],
            [
                "SKU-000153A",
                1
            ],
            [
                "SKU-000152A",
                1
            ],
            [
                "SKU-000080A",
                1
            ]
        ],
        "pickTime": "2025-07-12 11:29:34"
    },
    {
        "replenish": true,
        "skus": [
            [
                "SKU-000001A",
                1
            ],
            [
                "SKU-000351A",
                1
            ],
            [
                "SKU-000454C",
                1
            ],
            [
                "SKU-000102D",
                1
            ],
            [
                "SKU-000142D",
                1
            ],
            [
                "SKU-000277D",
                1
            ],
            [
                "SKU-000013D",
                1
            ],
            [
                "SKU-000442A",
                1
            ],
            [
                "SKU-000104B",
                1
            ],
            [
                "SKU-000085C",
                1
            ],
            [
                "SKU-000096C",
                1
            ],
            [
                "SKU-000191C",
                1
            ],
            [
                "SKU-000040D",
                1
            ],
            [
                "SKU-000370C",
                1
            ],
            [
                "SKU-000500A",
                1
            ],
            [
                "SKU-000037B",
                1
            ],
            [
                "SKU-000028C",
                1
            ],
            [
                "SKU-000487B",
                1
            ],
            [
                "SKU-000315B",
                1
            ]
        ],
        "pickTime": "2025-07-12 13:45:47"
    },
    {
        "replenish": true,
        "skus": [
            [
                "SKU-000438A",
                1
            ],
            [
                "SKU-000090B",
                1
            ],
            [
                "SKU-000431D",
                1
            ],
            [
                "SKU-000256A",
                1
            ],
            [
                "SKU-000258C",
                1
            ],
            [
                "SKU-000007C",
                1
            ],
            [
                "SKU-000450B",
                1
            ],
            [
                "SKU-000461C",
                1
            ],
            [
                "SKU-000046A",
                1
            ],
            [
                "SKU-000167A",
                1
            ],
            [
                "SKU-000086A",
                1
            ]
        ],
        "pickTime": "2025-07-12 14:04:42"
    },
    {
        "replenish": true,
        "skus": [
            [
                "SKU-000106D",
                1
            ],
            [
                "SKU-000062C",
                1
            ],
            [
                "SKU-000090B",
                1
            ],
            [
                "SKU-000302A",
                1
            ],
            [
                "SKU-000460C",
                1
            ],
            [
                "SKU-000470A",
                1
            ],
            [
                "SKU-000415B",
                1
            ],
            [
                "SKU-000007B",
                1
            ],
            [
                "SKU-000323C",
                1
            ],
            [
                "SKU-000059B",
                1
            ],
            [
                "SKU-000323B",
                1
            ],
            [
                "SKU-000163B",
                1
            ],
            [
                "SKU-000228C",
                1
            ],
            [
                "SKU-000300C",
                1
            ],
            [
                "SKU-000426C",
                1
            ],
            [
                "SKU-000252A",
                1
            ],
            [
                "SKU-000151D",
                1
            ],
            [
                "SKU-000426C",
                1
            ],
            [
                "SKU-000297B",
                1
            ],
            [
                "SKU-000032C",
                1
            ],
            [
                "SKU-000459A",
                1
            ],
            [
                "SKU-000063D",
                1
            ],
            [
                "SKU-000095A",
                1
            ],
            [
                "SKU-000163C",
                1
            ],
            [
                "SKU-000428A",
                1
            ],
            [
                "SKU-000108D",
                1
            ],
            [
                "SKU-000399B",
                1
            ],
            [
                "SKU-000017C",
                1
            ],
            [
                "SKU-000127D",
                1
            ],
            [
                "SKU-000226B",
                1
            ],
            [
                "SKU-000489B",
                1
            ],
            [
                "SKU-000324D",
                1
            ],
            [
                "SKU-000297B",
                1
            ],
            [
                "SKU-000320A",
                1
            ],
            [
                "SKU-000389D",
                1
            ],
            [
                "SKU-000308B",
                1
            ],
            [
                "SKU-000415D",
                1
            ],
            [
                "SKU-000126D",
                1
            ],
            [
                "SKU-000014D",
                1
            ],
            [
                "SKU-000081A",
                1
            ],
            [
                "SKU-000238A",
                1
            ],
            [
                "SKU-000103D",
                1
            ],
            [
                "SKU-000407B",
                1
            ],
            [
                "SKU-000167C",
                1
            ],
            [
                "SKU-000086B",
                1
            ],
            [
                "SKU-000269D",
                1
            ],
            [
                "SKU-000002A",
                1
            ],
            [
                "SKU-000077B",
                1
            ],
            [
                "SKU-000352B",
                1
            ],
            [
                "SKU-000115D",
                1
            ],
            [
                "SKU-000344B",
                1
            ],
            [
                "SKU-000316A",
                1
            ],
            [
                "SKU-000458B",
                1
            ]
        ],
        "pickTime": "2025-07-12 15:16:03"
    },
    {
        "replenish": true,
        "skus": [
            [
                "SKU-000372A",
                1
            ],
            [
                "SKU-000231C",
                1
            ],
            [
                "SKU-000367A",
                1
            ]
        ],
        "pickTime": "2025-07-13 03:01:33"
    },
    {
        "replenish": true,
        "skus": [
            [
                "SKU-000493A",
                1
            ],
            [
                "SKU-000167A",
                1
            ],
            [
                "SKU-000483A",
                1
            ],
            [
                "SKU-000285A",
                1
            ],
            [
                "SKU-000356C",
                1
            ],
            [
                "SKU-000271B",
                1
            ],
            [
                "SKU-000001A",
                1
            ],
            [
                "SKU-000125A",
                1
            ],
            [
                "SKU-000280A",
                1
            ],
            [
                "SKU-000442C",
                1
            ],
            [
                "SKU-000119C",
                1
            ]
        ],
        "pickTime": "2025-07-13 23:55:50"
    },
    {
        "replenish": true,
        "skus": [
            [
                "SKU-000413D",
                1
            ],
            [
                "SKU-000385A",
                1
            ],
            [
                "SKU-000460B",
                1
            ],
            [
                "SKU-000441B",
                1
            ],
            [
                "SKU-000231C",
                1
            ],
            [
                "SKU-000038D",
                1
            ]
        ],
        "pickTime": "2025-07-14 07:59:22"
    },
    {
        "replenish": true,
        "skus": [
            [
                "SKU-000155C",
                1
            ],
            [
                "SKU-000245D",
                1
            ],
            [
                "SKU-000142C",
                1
            ],
            [
                "SKU-000147B",
                1
            ],
            [
                "SKU-000105D",
                1
            ],
            [
                "SKU-000420D",
                1
            ],
            [
                "SKU-000034B",
                1
            ],
            [
                "SKU-000442C",
                1
            ],
            [
                "SKU-000239C",
                1
            ],
            [
                "SKU-000142D",
                1
            ],
            [
                "SKU-000488A",
                1
            ],
            [
                "SKU-000231D",
                1
            ],
            [
                "SKU-000239B",
                1
            ],
            [
                "SKU-000349A",
                1
            ],
            [
                "SKU-000367C",
                1
            ],
            [
                "SKU-000067C",
                1
            ],
            [
                "SKU-000490A",
                1
            ],
            [
                "SKU-000007C",
                1
            ],
            [
                "SKU-000324D",
                1
            ],
            [
                "SKU-000039C",
                1
            ],
            [
                "SKU-000466A",
                1
            ],
            [
                "SKU-000487D",
                1
            ],
            [
                "SKU-000399B",
                1
            ],
            [
                "SKU-000216D",
                1
            ],
            [
                "SKU-000155D",
                1
            ]
        ],
        "pickTime": "2025-07-14 10:03:48"
    },
    {
        "replenish": true,
        "skus": [
            [
                "SKU-000484A",
                1
            ],
            [
                "SKU-000007B",
                1
            ],
            [
                "SKU-000434A",
                1
            ],
            [
                "SKU-000061C",
                1
            ],
            [
                "SKU-000457C",
                1
            ],
            [
                "SKU-000163C",
                1
            ],
            [
                "SKU-000296C",
                1
            ],
            [
                "SKU-000312D",
                1
            ],
            [
                "SKU-000486C",
                1
            ],
            [
                "SKU-000196B",
                1
            ],
            [
                "SKU-000448D",
                1
            ],
            [
                "SKU-000434A",
                1
            ],
            [
                "SKU-000467D",
                1
            ],
            [
                "SKU-000277D",
                1
            ],
            [
                "SKU-000284B",
                1
            ],
            [
                "SKU-000065D",
                1
            ],
            [
                "SKU-000383C",
                1
            ],
            [
                "SKU-000043B",
                1
            ],
            [
                "SKU-000450A",
                1
            ],
            [
                "SKU-000116A",
                1
            ],
            [
                "SKU-000271B",
                1
            ]
        ],
        "pickTime": "2025-07-14 11:33:23"
    },
    {
        "replenish": true,
        "skus": [
            [
                "SKU-000106B",
                1
            ],
            [
                "SKU-000442C",
                1
            ],
            [
                "SKU-000168C",
                1
            ]
        ],
        "pickTime": "2025-07-14 11:38:27"
    },
    {
        "replenish": true,
        "skus": [
            [
                "SKU-000121B",
                1
            ],
            [
                "SKU-000067C",
                1
            ],
            [
                "SKU-000393B",
                1
            ],
            [
                "SKU-000460B",
                1
            ],
            [
                "SKU-000147A",
                1
            ],
            [
                "SKU-000397B",
                1
            ],
            [
                "SKU-000004D",
                1
            ],
            [
                "SKU-000377D",
                1
            ],
            [
                "SKU-000471C",
                1
            ],
            [
                "SKU-000488A",
                1
            ],
            [
                "SKU-000062C",
                1
            ],
            [
                "SKU-000163B",
                1
            ],
            [
                "SKU-000038D",
                1
            ],
            [
                "SKU-000350C",
                1
            ],
            [
                "SKU-000236A",
                1
            ],
            [
                "SKU-000165B",
                1
            ],
            [
                "SKU-000450C",
                1
            ],
            [
                "SKU-000225C",
                1
            ],
            [
                "SKU-000432A",
                1
            ],
            [
                "SKU-000334A",
                1
            ]
        ],
        "pickTime": "2025-07-14 15:56:21"
    },
    {
        "replenish": false,
        "skus": [
            [
                "SKU-000401D",
                1
            ],
            [
                "SKU-000294B",
                1
            ],
            [
                "SKU-000073D",
                1
            ],
            [
                "SKU-000050B",
                1
            ],
            [
                "SKU-000273C",
                1
            ]
        ],
        "pickTime": "2025-07-14 18:24:07"
    },
    {
        "replenish": false,
        "skus": [
            [
                "SKU-000274D",
                1
            ],
            [
                "SKU-000322B",
                1
            ],
            [
                "SKU-000471A",
                1
            ],
            [
                "SKU-000163B",
                1
            ],
            [
                "SKU-000231D",
                1
            ]
        ],
        "pickTime": "2025-07-15 11:13:30"
    },
    {
        "replenish": false,
        "skus": [
            [
                "SKU-000029C",
                1
            ],
            [
                "SKU-000421C",
                1
            ],
            [
                "SKU-000287D",
                1
            ],
            [
                "SKU-000376C",
                1
            ],
            [
                "SKU-000305B",
                1
            ],
            [
                "SKU-000025D",
                1
            ],
            [
                "SKU-000417B",
                1
            ],
            [
                "SKU-000025A",
                1
            ],
            [
                "SKU-000462B",
                1
            ],
            [
                "SKU-000146A",
                1
            ],
            [
                "SKU-000174A",
                1
            ],
            [
                "SKU-000301A",
                1
            ],
            [
                "SKU-000141D",
                1
            ],
            [
                "SKU-000089D",
                1
            ],
            [
                "SKU-000492C",
                1
            ],
            [
                "SKU-000030D",
                1
            ],
            [
                "SKU-000316A",
                1
            ],
            [
                "SKU-000039B",
                1
            ],
            [
                "SKU-000377A",
                1
            ],
            [
                "SKU-000041D",
                1
            ],
            [
                "SKU-000484A",
                1
            ]
        ],
        "pickTime": "2025-07-15 15:26:52"
    },
    {
        "replenish": false,
        "skus": [
            [
                "SKU-000470A",
                1
            ],
            [
                "SKU-000282A",
                1
            ],
            [
                "SKU-000287C",
                1
            ],
            [
                "SKU-000218D",
                1
            ]
        ],
        "pickTime": "2025-07-15 16:42:02"
    },
    {
        "replenish": false,
        "skus": [
            [
                "SKU-000477D",
                1
            ],
            [
                "SKU-000401D",
                1
            ],
            [
                "SKU-000163C",
                1
            ],
            [
                "SKU-000363A",
                1
            ]
        ],
        "pickTime": "2025-07-15 16:57:55"
    },
    {
        "replenish": false,
        "skus": [
            [
                "SKU-000325B",
                1
            ],
            [
                "SKU-000303D",
                1
            ],
            [
                "SKU-000231C",
                1
            ],
            [
                "SKU-000322B",
                1
            ],
            [
                "SKU-000453B",
                1
            ],
            [
                "SKU-000123A",
                1
            ],
            [
                "SKU-000319A",
                1
            ],
            [
                "SKU-000225D",
                1
            ],
            [
                "SKU-000284B",
                1
            ],
            [
                "SKU-000341B",
                1
            ],
            [
                "SKU-000206A",
                1
            ]
        ],
        "pickTime": "2025-07-15 22:30:24"
    },
    {
        "replenish": false,
        "skus": [
            [
                "SKU-000123B",
                1
            ],
            [
                "SKU-000258A",
                1
            ],
            [
                "SKU-000095B",
                1
            ]
        ],
        "pickTime": "2025-07-16 00:43:14"
    },
    {
        "replenish": false,
        "skus": [
            [
                "SKU-000384B",
                1
            ],
            [
                "SKU-000434C",
                1
            ]
        ],
        "pickTime": "2025-07-16 02:01:41"
    },
    {
        "replenish": false,
        "skus": [
            [
                "SKU-000109B",
                1
            ],
            [
                "SKU-000222A",
                1
            ],
            [
                "SKU-000074D",
                1
            ],
            [
                "SKU-000441B",
                1
            ],
            [
                "SKU-000132D",
                1
            ],
            [
                "SKU-000217B",
                1
            ],
            [
                "SKU-000286A",
                1
            ],
            [
                "SKU-000209C",
                1
            ],
            [
                "SKU-000332B",
                1
            ]
        ],
        "pickTime": "2025-07-16 04:01:17"
    },
    {
        "replenish": false,
        "skus": [
            [
                "SKU-000144D",
                1
            ],
            [
                "SKU-000491A",
                1
            ],
            [
                "SKU-000136C",
                1
            ],
            [
                "SKU-000399B",
                1
            ]
        ],
        "pickTime": "2025-07-16 21:19:06"
    },
    {
        "replenish": false,
        "skus": [
            [
                "SKU-000073B",
                1
            ],
            [
                "SKU-000007B",
                1
            ]
        ],
        "pickTime": "2025-07-17 10:42:23"
    },
    {
        "replenish": false,
        "skus": [
            [
                "SKU-000191B",
                1
            ]
        ],
        "pickTime": "2025-07-17 21:16:30"
    },
    {
        "replenish": false,
        "skus": [
            [
                "SKU-000424A",
                1
            ],
            [
                "SKU-000391D",
                1
            ],
            [
                "SKU-000492B",
                1
            ],
            [
                "SKU-000349A",
                1
            ],
            [
                "SKU-000015C",
                1
            ],
            [
                "SKU-000234C",
                1
            ],
            [
                "SKU-000004D",
                1
            ],
            [
                "SKU-000007C",
                1
            ],
            [
                "SKU-000372A",
                1
            ],
            [
                "SKU-000225B",
                1
            ],
            [
                "SKU-000334A",
                1
            ],
            [
                "SKU-000362A",
                1
            ],
            [
                "SKU-000390D",
                1
            ],
            [
                "SKU-000495A",
                1
            ]
        ],
        "pickTime": "2025-07-18 02:33:15"
    },
    {
        "replenish": false,
        "skus": [
            [
                "SKU-000350D",
                1
            ],
            [
                "SKU-000224B",
                1
            ],
            [
                "SKU-000341B",
                1
            ],
            [
                "SKU-000005B",
                1
            ],
            [
                "SKU-000417D",
                1
            ],
            [
                "SKU-000015B",
                1
            ],
            [
                "SKU-000087A",
                1
            ],
            [
                "SKU-000127B",
                1
            ],
            [
                "SKU-000460D",
                1
            ],
            [
                "SKU-000400A",
                1
            ],
            [
                "SKU-000190C",
                1
            ],
            [
                "SKU-000355B",
                1
            ],
            [
                "SKU-000324D",
                1
            ],
            [
                "SKU-000029A",
                1
            ],
            [
                "SKU-000334A",
                1
            ],
            [
                "SKU-000111A",
                1
            ],
            [
                "SKU-000385D",
                1
            ],
            [
                "SKU-000036C",
                1
            ],
            [
                "SKU-000474B",
                1
            ],
            [
                "SKU-000100A",
                1
            ],
            [
                "SKU-000045D",
                1
            ],
            [
                "SKU-000490D",
                1
            ]
        ],
        "pickTime": "2025-07-18 10:42:16"
    },
    {
        "replenish": false,
        "skus": [
            [
                "SKU-000128D",
                1
            ],
            [
                "SKU-000169C",
                1
            ],
            [
                "SKU-000376B",
                1
            ],
            [
                "SKU-000243B",
                1
            ]
        ],
        "pickTime": "2025-07-18 17:27:25"
    },
    {
        "replenish": false,
        "skus": [
            [
                "SKU-000498D",
                1
            ],
            [
                "SKU-000305B",
                1
            ],
            [
                "SKU-000035C",
                1
            ],
            [
                "SKU-000296D",
                1
            ],
            [
                "SKU-000410A",
                1
            ],
            [
                "SKU-000161A",
                1
            ],
            [
                "SKU-000183D",
                1
            ],
            [
                "SKU-000460A",
                1
            ],
            [
                "SKU-000334A",
                1
            ],
            [
                "SKU-000025A",
                1
            ]
        ],
        "pickTime": "2025-07-19 15:39:31"
    },
    {
        "replenish": false,
        "skus": [
            [
                "SKU-000238A",
                1
            ],
            [
                "SKU-000071A",
                1
            ],
            [
                "SKU-000489D",
                1
            ],
            [
                "SKU-000308D",
                1
            ]
        ],
        "pickTime": "2025-07-20 03:54:32"
    },
    {
        "replenish": false,
        "skus": [
            [
                "SKU-000395C",
                1
            ],
            [
                "SKU-000199D",
                1
            ],
            [
                "SKU-000041D",
                1
            ],
            [
                "SKU-000371C",
                1
            ],
            [
                "SKU-000484C",
                1
            ],
            [
                "SKU-000391C",
                1
            ],
            [
                "SKU-000341B",
                1
            ],
            [
                "SKU-000496C",
                1
            ],
            [
                "SKU-000435D",
                1
            ],
            [
                "SKU-000328C",
                1
            ],
            [
                "SKU-000282A",
                1
            ],
            [
                "SKU-000024C",
                1
            ],
            [
                "SKU-000392A",
                1
            ],
            [
                "SKU-000330B",
                1
            ],
            [
                "SKU-000009A",
                1
            ],
            [
                "SKU-000300D",
                1
            ],
            [
                "SKU-000025A",
                1
            ],
            [
                "SKU-000017C",
                1
            ]
        ],
        "pickTime": "2025-07-20 17:47:37"
    },
    {
        "replenish": false,
        "skus": [
            [
                "SKU-000208D",
                1
            ],
            [
                "SKU-000484C",
                1
            ],
            [
                "SKU-000385A",
                1
            ],
            [
                "SKU-000027A",
                1
            ],
            [
                "SKU-000105B",
                1
            ],
            [
                "SKU-000202B",
                1
            ],
            [
                "SKU-000152A",
                1
            ],
            [
                "SKU-000242C",
                1
            ],
            [
                "SKU-000152A",
                1
            ]
        ],
        "pickTime": "2025-07-20 21:21:08"
    },
    {
        "replenish": false,
        "skus": [
            [
                "SKU-000287A",
                1
            ],
            [
                "SKU-000191C",
                1
            ],
            [
                "SKU-000248D",
                1
            ],
            [
                "SKU-000342C",
                1
            ],
            [
                "SKU-000428D",
                1
            ]
        ],
        "pickTime": "2025-07-21 08:46:25"
    },
    {
        "replenish": false,
        "skus": [
            [
                "SKU-000168A",
                1
            ],
            [
                "SKU-000453B",
                1
            ],
            [
                "SKU-000431D",
                1
            ]
        ],
        "pickTime": "2025-07-22 00:34:57"
    },
    {
        "replenish": false,
        "skus": [
            [
                "SKU-000008A",
                1
            ],
            [
                "SKU-000395D",
                1
            ],
            [
                "SKU-000232D",
                1
            ],
            [
                "SKU-000028C",
                1
            ],
            [
                "SKU-000136B",
                1
            ],
            [
                "SKU-000094A",
                1
            ]
        ],
        "pickTime": "2025-07-22 04:31:17"
    },
    {
        "replenish": false,
        "skus": [
            [
                "SKU-000395C",
                1
            ],
            [
                "SKU-000388C",
                1
            ]
        ],
        "pickTime": "2025-07-22 14:50:16"
    },
    {
        "replenish": false,
        "skus": [
            [
                "SKU-000260C",
                1
            ]
        ],
        "pickTime": "2025-07-23 11:06:37"
    },
    {
        "replenish": false,
        "skus": [
            [
                "SKU-000016C",
                1
            ],
            [
                "SKU-000245C",
                1
            ],
            [
                "SKU-000124C",
                1
            ],
            [
                "SKU-000334B",
                1
            ],
            [
                "SKU-000106C",
                1
            ],
            [
                "SKU-000411C",
                1
            ],
            [
                "SKU-000462A",
                1
            ],
            [
                "SKU-000324C",
                1
            ],
            [
                "SKU-000204C",
                1
            ],
            [
                "SKU-000370A",
                1
            ],
            [
                "SKU-000096A",
                1
            ]
        ],
        "pickTime": "2025-07-23 16:04:52"
    },
    {
        "replenish": false,
        "skus": [
            [
                "SKU-000474C",
                1
            ],
            [
                "SKU-000111A",
                1
            ],
            [
                "SKU-000045D",
                1
            ],
            [
                "SKU-000477D",
                1
            ]
        ],
        "pickTime": "2025-07-23 16:36:49"
    },
    {
        "replenish": false,
        "skus": [
            [
                "SKU-000352B",
                1
            ]
        ],
        "pickTime": "2025-07-23 21:33:31"
    },
    {
        "replenish": false,
        "skus": [
            [
                "SKU-000070D",
                1
            ],
            [
                "SKU-000071A",
                1
            ],
            [
                "SKU-000437B",
                1
            ],
            [
                "SKU-000227B",
                1
            ]
        ],
        "pickTime": "2025-07-23 23:27:28"
    },
    {
        "replenish": false,
        "skus": [
            [
                "SKU-000208C",
                1
            ]
        ],
        "pickTime": "2025-07-24 05:21:12"
    },
    {
        "replenish": false,
        "skus": [
            [
                "SKU-000067C",
                1
            ],
            [
                "SKU-000453A",
                1
            ],
            [
                "SKU-000127B",
                1
            ],
            [
                "SKU-000404D",
                1
            ],
            [
                "SKU-000231C",
                1
            ],
            [
                "SKU-000305B",
                1
            ]
        ],
        "pickTime": "2025-07-24 19:48:03"
    },
    {
        "replenish": false,
        "skus": [
            [
                "SKU-000202B",
                1
            ],
            [
                "SKU-000202B",
                1
            ],
            [
                "SKU-000450B",
                1
            ],
            [
                "SKU-000148C",
                1
            ],
            [
                "SKU-000487B",
                1
            ],
            [
                "SKU-000450B",
                1
            ],
            [
                "SKU-000119C",
                1
            ],
            [
                "SKU-000287C",
                1
            ],
            [
                "SKU-000388A",
                1
            ],
            [
                "SKU-000445B",
                1
            ],
            [
                "SKU-000191C",
                1
            ],
            [
                "SKU-000149B",
                1
            ],
            [
                "SKU-000046A",
                1
            ],
            [
                "SKU-000437A",
                1
            ],
            [
                "SKU-000041C",
                1
            ],
            [
                "SKU-000085B",
                1
            ],
            [
                "SKU-000471B",
                1
            ],
            [
                "SKU-000033C",
                1
            ],
            [
                "SKU-000009A",
                1
            ]
        ],
        "pickTime": "2025-07-24 23:29:09"
    },
    {
        "replenish": false,
        "skus": [
            [
                "SKU-000448D",
                1
            ]
        ],
        "pickTime": "2025-07-25 00:37:54"
    },
    {
        "replenish": false,
        "skus": [
            [
                "SKU-000240C",
                1
            ],
            [
                "SKU-000118B",
                1
            ],
            [
                "SKU-000253B",
                1
            ],
            [
                "SKU-000116C",
                1
            ],
            [
                "SKU-000036D",
                1
            ],
            [
                "SKU-000469D",
                1
            ],
            [
                "SKU-000031A",
                1
            ],
            [
                "SKU-000254A",
                1
            ],
            [
                "SKU-000048D",
                1
            ],
            [
                "SKU-000301A",
                1
            ]
        ],
        "pickTime": "2025-07-26 01:41:34"
    },
    {
        "replenish": false,
        "skus": [
            [
                "SKU-000461B",
                1
            ],
            [
                "SKU-000034D",
                1
            ],
            [
                "SKU-000156D",
                1
            ],
            [
                "SKU-000045B",
                1
            ],
            [
                "SKU-000466B",
                1
            ],
            [
                "SKU-000162A",
                1
            ],
            [
                "SKU-000370C",
                1
            ],
            [
                "SKU-000013D",
                1
            ],
            [
                "SKU-000481B",
                1
            ],
            [
                "SKU-000433B",
                1
            ],
            [
                "SKU-000380B",
                1
            ],
            [
                "SKU-000121B",
                1
            ],
            [
                "SKU-000175D",
                1
            ],
            [
                "SKU-000248D",
                1
            ]
        ],
        "pickTime": "2025-07-26 02:47:20"
    },
    {
        "replenish": false,
        "skus": [
            [
                "SKU-000016C",
                1
            ],
            [
                "SKU-000147A",
                1
            ],
            [
                "SKU-000143B",
                1
            ],
            [
                "SKU-000090C",
                1
            ],
            [
                "SKU-000002C",
                1
            ],
            [
                "SKU-000189B",
                1
            ],
            [
                "SKU-000488A",
                1
            ],
            [
                "SKU-000202C",
                1
            ],
            [
                "SKU-000491D",
                1
            ],
            [
                "SKU-000002B",
                1
            ],
            [
                "SKU-000349B",
                1
            ],
            [
                "SKU-000389D",
                1
            ],
            [
                "SKU-000005B",
                1
            ]
        ],
        "pickTime": "2025-07-26 06:18:39"
    },
    {
        "replenish": false,
        "skus": [
            [
                "SKU-000282B",
                1
            ],
            [
                "SKU-000113A",
                1
            ],
            [
                "SKU-000388C",
                1
            ],
            [
                "SKU-000428A",
                1
            ],
            [
                "SKU-000234C",
                1
            ]
        ],
        "pickTime": "2025-07-26 17:25:00"
    },
    {
        "replenish": false,
        "skus": [
            [
                "SKU-000014D",
                1
            ],
            [
                "SKU-000383C",
                1
            ],
            [
                "SKU-000432B",
                1
            ],
            [
                "SKU-000323C",
                1
            ]
        ],
        "pickTime": "2025-07-27 08:19:58"
    },
    {
        "replenish": false,
        "skus": [
            [
                "SKU-000441B",
                1
            ],
            [
                "SKU-000090B",
                1
            ],
            [
                "SKU-000441B",
                1
            ],
            [
                "SKU-000128A",
                1
            ],
            [
                "SKU-000168C",
                1
            ],
            [
                "SKU-000226B",
                1
            ],
            [
                "SKU-000425B",
                1
            ]
        ],
        "pickTime": "2025-07-27 16:43:20"
    },
    {
        "replenish": false,
        "skus": [
            [
                "SKU-000095B",
                1
            ],
            [
                "SKU-000322A",
                1
            ],
            [
                "SKU-000248D",
                1
            ],
            [
                "SKU-000055D",
                1
            ],
            [
                "SKU-000162A",
                1
            ],
            [
                "SKU-000281C",
                1
            ],
            [
                "SKU-000163B",
                1
            ],
            [
                "SKU-000442C",
                1
            ],
            [
                "SKU-000048C",
                1
            ],
            [
                "SKU-000208A",
                1
            ],
            [
                "SKU-000327C",
                1
            ],
            [
                "SKU-000422B",
                1
            ],
            [
                "SKU-000481B",
                1
            ],
            [
                "SKU-000326C",
                1
            ],
            [
                "SKU-000086C",
                1
            ],
            [
                "SKU-000484B",
                1
            ],
            [
                "SKU-000111A",
                1
            ],
            [
                "SKU-000188C",
                1
            ]
        ],
        "pickTime": "2025-07-28 16:07:35"
    },
    {
        "replenish": false,
        "skus": [
            [
                "SKU-000121A",
                1
            ],
            [
                "SKU-000440D",
                1
            ],
            [
                "SKU-000098D",
                1
            ],
            [
                "SKU-000348C",
                1
            ],
            [
                "SKU-000432D",
                1
            ],
            [
                "SKU-000322A",
                1
            ],
            [
                "SKU-000045C",
                1
            ],
            [
                "SKU-000007B",
                1
            ]
        ],
        "pickTime": "2025-07-29 13:14:37"
    },
    {
        "replenish": false,
        "skus": [
            [
                "SKU-000203C",
                1
            ],
            [
                "SKU-000245C",
                1
            ],
            [
                "SKU-000083D",
                1
            ]
        ],
        "pickTime": "2025-07-29 19:14:05"
    },
    {
        "replenish": false,
        "skus": [
            [
                "SKU-000044C",
                1
            ],
            [
                "SKU-000261B",
                1
            ],
            [
                "SKU-000456D",
                1
            ],
            [
                "SKU-000305B",
                1
            ]
        ],
        "pickTime": "2025-07-29 20:04:06"
    },
    {
        "replenish": false,
        "skus": [
            [
                "SKU-000174A",
                1
            ],
            [
                "SKU-000015A",
                1
            ],
            [
                "SKU-000486C",
                1
            ],
            [
                "SKU-000046A",
                1
            ],
            [
                "SKU-000205A",
                1
            ],
            [
                "SKU-000480A",
                1
            ],
            [
                "SKU-000139C",
                1
            ],
            [
                "SKU-000123B",
                1
            ]
        ],
        "pickTime": "2025-07-30 00:35:41"
    },
    {
        "replenish": false,
        "skus": [
            [
                "SKU-000422B",
                1
            ],
            [
                "SKU-000386A",
                1
            ]
        ],
        "pickTime": "2025-07-30 01:19:38"
    },
    {
        "replenish": false,
        "skus": [
            [
                "SKU-000111A",
                1
            ],
            [
                "SKU-000191C",
                1
            ],
            [
                "SKU-000450B",
                1
            ]
        ],
        "pickTime": "2025-07-30 04:53:58"
    },
    {
        "replenish": false,
        "skus": [
            [
                "SKU-000043B",
                1
            ]
        ],
        "pickTime": "2025-07-30 05:34:14"
    },
    {
        "replenish": false,
        "skus": [
            [
                "SKU-000400A",
                1
            ]
        ],
        "pickTime": "2025-07-30 10:27:55"
    },
    {
        "replenish": false,
        "skus": [
            [
                "SKU-000273C",
                1
            ]
        ],
        "pickTime": "2025-07-30 15:54:48"
    },
    {
        "replenish": false,
        "skus": [
            [
                "SKU-000038D",
                1
            ],
            [
                "SKU-000083D",
                1
            ],
            [
                "SKU-000287C",
                1
            ],
            [
                "SKU-000446D",
                1
            ],
            [
                "SKU-000141D",
                1
            ],
            [
                "SKU-000282B",
                1
            ],
            [
                "SKU-000402D",
                1
            ],
            [
                "SKU-000190C",
                1
            ],
            [
                "SKU-000202B",
                1
            ],
            [
                "SKU-000151B",
                1
            ],
            [
                "SKU-000488C",
                1
            ],
            [
                "SKU-000093A",
                1
            ],
            [
                "SKU-000335B",
                1
            ],
            [
                "SKU-000380B",
                1
            ],
            [
                "SKU-000167C",
                1
            ],
            [
                "SKU-000168C",
                1
            ],
            [
                "SKU-000072B",
                1
            ],
            [
                "SKU-000021A",
                1
            ],
            [
                "SKU-000345A",
                1
            ],
            [
                "SKU-000030C",
                1
            ],
            [
                "SKU-000127B",
                1
            ],
            [
                "SKU-000350A",
                1
            ],
            [
                "SKU-000034C",
                1
            ],
            [
                "SKU-000483A",
                1
            ],
            [
                "SKU-000201D",
                1
            ],
            [
                "SKU-000217D",
                1
            ],
            [
                "SKU-000014D",
                1
            ],
            [
                "SKU-000186C",
                1
            ],
            [
                "SKU-000373D",
                1
            ],
            [
                "SKU-000229C",
                1
            ],
            [
                "SKU-000300C",
                1
            ],
            [
                "SKU-000435C",
                1
            ]
        ],
        "pickTime": "2025-07-30 21:43:35"
    },
    {
        "replenish": false,
        "skus": [
            [
                "SKU-000073D",
                1
            ],
            [
                "SKU-000324D",
                1
            ],
            [
                "SKU-000296A",
                1
            ],
            [
                "SKU-000086C",
                1
            ]
        ],
        "pickTime": "2025-07-30 23:28:07"
    }
]