[
    {
        "replenish": true,
        "skus": [
            [
                "SKU-000299C",
                1
            ],
            [
                "SKU-000384D",
                1
            ],
            [
                "SKU-000210A",
                1
            ],
            [
                "SKU-000095D",
                1
            ],
            [
                "SKU-000034C",
                1
            ],
            [
                "SKU-000182D",
                1
            ],
            [
                "SKU-000460B",
                1
            ],
            [
                "SKU-000084C",
                1
            ],
            [
                "SKU-000190D",
                1
            ],
            [
                "SKU-000291A",
                1
            ],
            [
                "SKU-000288A",
                1
            ],
            [
                "SKU-000229C",
                1
            ],
            [
                "SKU-000158D",
                1
            ],
            [
                "SKU-000417A",
                1
            ],
            [
                "SKU-000297B",
                1
            ],
            [
                "SKU-000016C",
                1
            ],
            [
                "SKU-000405D",
                1
            ],
            [
                "SKU-000149B",
                1
            ],
            [
                "SKU-000477C",
                1
            ],
            [
                "SKU-000040D",
                1
            ],
            [
                "SKU-000291A",
                1
            ],
            [
                "SKU-000053A",
                1
            ],
            [
                "SKU-000242B",
                1
            ],
            [
                "SKU-000259D",
                1
            ],
            [
                "SKU-000101B",
                1
            ],
            [
                "SKU-000488C",
                1
            ]
        ],
        "pickTime": "2025-07-01 04:32:24"
    },
    {
        "replenish": true,
        "skus": [
            [
                "SKU-000439A",
                1
            ],
            [
                "SKU-000459C",
                1
            ],
            [
                "SKU-000270A",
                1
            ],
            [
                "SKU-000422A",
                1
            ]
        ],
        "pickTime": "2025-07-01 14:27:01"
    },
    {
        "replenish": true,
        "skus": [
            [
                "SKU-000210A",
                1
            ],
            [
                "SKU-000456B",
                1
            ],
            [
                "SKU-000142D",
                1
            ],
            [
                "SKU-000173C",
                1
            ],
            [
                "SKU-000279D",
                1
            ],
            [
                "SKU-000009A",
                1
            ],
            [
                "SKU-000136D",
                1
            ],
            [
                "SKU-000278B",
                1
            ],
            [
                "SKU-000258D",
                1
            ],
            [
                "SKU-000112A",
                1
            ],
            [
                "SKU-000285D",
                1
            ],
            [
                "SKU-000445C",
                1
            ],
            [
                "SKU-000143B",
                1
            ],
            [
                "SKU-000498B",
                1
            ],
            [
                "SKU-000415B",
                1
            ],
            [
                "SKU-000064A",
                1
            ],
            [
                "SKU-000481D",
                1
            ]
        ],
        "pickTime": "2025-07-01 15:08:48"
    },
    {
        "replenish": true,
        "skus": [
            [
                "SKU-000013A",
                1
            ],
            [
                "SKU-000278D",
                1
            ],
            [
                "SKU-000277D",
                1
            ],
            [
                "SKU-000411D",
                1
            ],
            [
                "SKU-000364C",
                1
            ],
            [
                "SKU-000144D",
                1
            ],
            [
                "SKU-000330C",
                1
            ],
            [
                "SKU-000356C",
                1
            ],
            [
                "SKU-000174B",
                1
            ],
            [
                "SKU-000120C",
                1
            ],
            [
                "SKU-000269D",
                1
            ],
            [
                "SKU-000133D",
                1
            ],
            [
                "SKU-000314D",
                1
            ],
            [
                "SKU-000435D",
                1
            ],
            [
                "SKU-000362C",
                1
            ],
            [
                "SKU-000080C",
                1
            ],
            [
                "SKU-000254C",
                1
            ],
            [
                "SKU-000196B",
                1
            ]
        ],
        "pickTime": "2025-07-01 20:35:15"
    },
    {
        "replenish": true,
        "skus": [
            [
                "SKU-000305C",
                1
            ],
            [
                "SKU-000234C",
                1
            ]
        ],
        "pickTime": "2025-07-02 15:44:29"
    },
    {
        "replenish": true,
        "skus": [
            [
                "SKU-000172D",
                1
            ],
            [
                "SKU-000423D",
                1
            ],
            [
                "SKU-000178C",
                1
            ],
            [
                "SKU-000021C",
                1
            ],
            [
                "SKU-000394B",
                1
            ],
            [
                "SKU-000125D",
                1
            ],
            [
                "SKU-000442B",
                1
            ],
            [
                "SKU-000079B",
                1
            ],
            [
                "SKU-000353B",
                1
            ],
            [
                "SKU-000188A",
                1
            ]
        ],
        "pickTime": "2025-07-02 16:41:02"
    },
    {
        "replenish": true,
        "skus": [
            [
                "SKU-000372A",
                1
            ],
            [
                "SKU-000219B",
                1
            ],
            [
                "SKU-000154A",
                1
            ],
            [
                "SKU-000051A",
                1
            ],
            [
                "SKU-000060C",
                1
            ],
            [
                "SKU-000131A",
                1
            ],
            [
                "SKU-000107D",
                1
            ],
            [
                "SKU-000440D",
                1
            ],
            [
                "SKU-000325B",
                1
            ],
            [
                "SKU-000096B",
                1
            ],
            [
                "SKU-000200B",
                1
            ],
            [
                "SKU-000203B",
                1
            ],
            [
                "SKU-000246C",
                1
            ],
            [
                "SKU-000229C",
                1
            ],
            [
                "SKU-000211A",
                1
            ],
            [
                "SKU-000394D",
                1
            ],
            [
                "SKU-000392B",
                1
            ],
            [
                "SKU-000129C",
                1
            ],
            [
                "SKU-000242B",
                1
            ],
            [
                "SKU-000298B",
                1
            ],
            [
                "SKU-000144A",
                1
            ],
            [
                "SKU-000326D",
                1
            ],
            [
                "SKU-000134B",
                1
            ],
            [
                "SKU-000412B",
                1
            ],
            [
                "SKU-000416C",
                1
            ],
            [
                "SKU-000472C",
                1
            ],
            [
                "SKU-000319D",
                1
            ],
            [
                "SKU-000438A",
                1
            ],
            [
                "SKU-000298B",
                1
            ],
            [
                "SKU-000077D",
                1
            ],
            [
                "SKU-000027A",
                1
            ],
            [
                "SKU-000362C",
                1
            ],
            [
                "SKU-000156D",
                1
            ],
            [
                "SKU-000373B",
                1
            ]
        ],
        "pickTime": "2025-07-02 22:41:13"
    },
    {
        "replenish": true,
        "skus": [
            [
                "SKU-000367D",
                1
            ],
            [
                "SKU-000086C",
                1
            ],
            [
                "SKU-000004B",
                1
            ],
            [
                "SKU-000350D",
                1
            ]
        ],
        "pickTime": "2025-07-03 04:18:06"
    },
    {
        "replenish": true,
        "skus": [
            [
                "SKU-000021C",
                1
            ],
            [
                "SKU-000024A",
                1
            ],
            [
                "SKU-000210A",
                1
            ],
            [
                "SKU-000024B",
                1
            ],
            [
                "SKU-000004D",
                1
            ],
            [
                "SKU-000311B",
                1
            ],
            [
                "SKU-000048D",
                1
            ],
            [
                "SKU-000464C",
                1
            ],
            [
                "SKU-000265C",
                1
            ],
            [
                "SKU-000243D",
                1
            ]
        ],
        "pickTime": "2025-07-03 23:08:27"
    },
    {
        "replenish": true,
        "skus": [
            [
                "SKU-000286C",
                1
            ],
            [
                "SKU-000433A",
                1
            ],
            [
                "SKU-000492A",
                1
            ],
            [
                "SKU-000137B",
                1
            ],
            [
                "SKU-000425B",
                1
            ],
            [
                "SKU-000290A",
                1
            ],
            [
                "SKU-000168B",
                1
            ],
            [
                "SKU-000233A",
                1
            ],
            [
                "SKU-000348B",
                1
            ],
            [
                "SKU-000247A",
                1
            ],
            [
                "SKU-000195D",
                1
            ],
            [
                "SKU-000422A",
                1
            ],
            [
                "SKU-000242B",
                1
            ]
        ],
        "pickTime": "2025-07-04 15:22:17"
    },
    {
        "replenish": true,
        "skus": [
            [
                "SKU-000444B",
                1
            ],
            [
                "SKU-000225D",
                1
            ],
            [
                "SKU-000098D",
                1
            ],
            [
                "SKU-000465D",
                1
            ]
        ],
        "pickTime": "2025-07-04 20:25:00"
    },
    {
        "replenish": true,
        "skus": [
            [
                "SKU-000425D",
                1
            ],
            [
                "SKU-000150A",
                1
            ],
            [
                "SKU-000491D",
                1
            ],
            [
                "SKU-000412B",
                1
            ],
            [
                "SKU-000324C",
                1
            ],
            [
                "SKU-000265A",
                1
            ],
            [
                "SKU-000487C",
                1
            ]
        ],
        "pickTime": "2025-07-04 22:12:59"
    },
    {
        "replenish": true,
        "skus": [
            [
                "SKU-000114C",
                1
            ],
            [
                "SKU-000415D",
                1
            ],
            [
                "SKU-000482D",
                1
            ],
            [
                "SKU-000361D",
                1
            ],
            [
                "SKU-000137A",
                1
            ],
            [
                "SKU-000038A",
                1
            ],
            [
                "SKU-000483D",
                1
            ],
            [
                "SKU-000415B",
                1
            ],
            [
                "SKU-000071A",
                1
            ],
            [
                "SKU-000153D",
                1
            ],
            [
                "SKU-000264C",
                1
            ],
            [
                "SKU-000106A",
                1
            ],
            [
                "SKU-000459A",
                1
            ],
            [
                "SKU-000030D",
                1
            ],
            [
                "SKU-000208D",
                1
            ],
            [
                "SKU-000246D",
                1
            ],
            [
                "SKU-000412B",
                1
            ],
            [
                "SKU-000175B",
                1
            ],
            [
                "SKU-000085C",
                1
            ],
            [
                "SKU-000152D",
                1
            ],
            [
                "SKU-000135D",
                1
            ],
            [
                "SKU-000499B",
                1
            ],
            [
                "SKU-000260C",
                1
            ],
            [
                "SKU-000257D",
                1
            ],
            [
                "SKU-000126C",
                1
            ],
            [
                "SKU-000182D",
                1
            ],
            [
                "SKU-000280D",
                1
            ],
            [
                "SKU-000086C",
                1
            ],
            [
                "SKU-000285D",
                1
            ],
            [
                "SKU-000193A",
                1
            ],
            [
                "SKU-000417D",
                1
            ]
        ],
        "pickTime": "2025-07-04 23:23:06"
    },
    {
        "replenish": true,
        "skus": [
            [
                "SKU-000293C",
                1
            ],
            [
                "SKU-000132B",
                1
            ],
            [
                "SKU-000275D",
                1
            ],
            [
                "SKU-000299D",
                1
            ],
            [
                "SKU-000065A",
                1
            ],
            [
                "SKU-000457A",
                1
            ],
            [
                "SKU-000448D",
                1
            ]
        ],
        "pickTime": "2025-07-05 01:55:01"
    },
    {
        "replenish": true,
        "skus": [
            [
                "SKU-000457C",
                1
            ],
            [
                "SKU-000411C",
                1
            ],
            [
                "SKU-000360D",
                1
            ],
            [
                "SKU-000369B",
                1
            ],
            [
                "SKU-000229A",
                1
            ],
            [
                "SKU-000499B",
                1
            ],
            [
                "SKU-000087D",
                1
            ],
            [
                "SKU-000223D",
                1
            ],
            [
                "SKU-000343C",
                1
            ],
            [
                "SKU-000204D",
                1
            ],
            [
                "SKU-000271B",
                1
            ],
            [
                "SKU-000162B",
                1
            ],
            [
                "SKU-000384D",
                1
            ],
            [
                "SKU-000005A",
                1
            ],
            [
                "SKU-000054C",
                1
            ],
            [
                "SKU-000063D",
                1
            ],
            [
                "SKU-000158A",
                1
            ],
            [
                "SKU-000018D",
                1
            ],
            [
                "SKU-000175D",
                1
            ],
            [
                "SKU-000133D",
                1
            ],
            [
                "SKU-000219C",
                1
            ],
            [
                "SKU-000476B",
                1
            ],
            [
                "SKU-000107D",
                1
            ],
            [
                "SKU-000258A",
                1
            ],
            [
                "SKU-000123B",
                1
            ],
            [
                "SKU-000426D",
                1
            ],
            [
                "SKU-000093C",
                1
            ],
            [
                "SKU-000456B",
                1
            ],
            [
                "SKU-000132B",
                1
            ],
            [
                "SKU-000278C",
                1
            ],
            [
                "SKU-000209C",
                1
            ],
            [
                "SKU-000215B",
                1
            ],
            [
                "SKU-000162B",
                1
            ],
            [
                "SKU-000045D",
                1
            ],
            [
                "SKU-000336B",
                1
            ],
            [
                "SKU-000358C",
                1
            ],
            [
                "SKU-000262B",
                1
            ]
        ],
        "pickTime": "2025-07-05 04:13:07"
    },
    {
        "replenish": true,
        "skus": [
            [
                "SKU-000448A",
                1
            ]
        ],
        "pickTime": "2025-07-05 09:30:46"
    },
    {
        "replenish": true,
        "skus": [
            [
                "SKU-000415B",
                1
            ],
            [
                "SKU-000232B",
                1
            ],
            [
                "SKU-000007B",
                1
            ],
            [
                "SKU-000103A",
                1
            ],
            [
                "SKU-000103D",
                1
            ]
        ],
        "pickTime": "2025-07-06 05:58:21"
    },
    {
        "replenish": true,
        "skus": [
            [
                "SKU-000444D",
                1
            ],
            [
                "SKU-000128D",
                1
            ],
            [
                "SKU-000465D",
                1
            ],
            [
                "SKU-000184A",
                1
            ],
            [
                "SKU-000123B",
                1
            ],
            [
                "SKU-000088A",
                1
            ],
            [
                "SKU-000157D",
                1
            ],
            [
                "SKU-000151D",
                1
            ],
            [
                "SKU-000500B",
                1
            ],
            [
                "SKU-000343A",
                1
            ],
            [
                "SKU-000153D",
                1
            ],
            [
                "SKU-000477C",
                1
            ],
            [
                "SKU-000174A",
                1
            ],
            [
                "SKU-000137B",
                1
            ],
            [
                "SKU-000152D",
                1
            ],
            [
                "SKU-000412B",
                1
            ],
            [
                "SKU-000183D",
                1
            ],
            [
                "SKU-000074D",
                1
            ],
            [
                "SKU-000428A",
                1
            ],
            [
                "SKU-000017C",
                1
            ],
            [
                "SKU-000341A",
                1
            ],
            [
                "SKU-000298B",
                1
            ],
            [
                "SKU-000095A",
                1
            ],
            [
                "SKU-000154A",
                1
            ],
            [
                "SKU-000233C",
                1
            ],
            [
                "SKU-000172D",
                1
            ],
            [
                "SKU-000289C",
                1
            ],
            [
                "SKU-000126D",
                1
            ]
        ],
        "pickTime": "2025-07-06 08:46:54"
    },
    {
        "replenish": true,
        "skus": [
            [
                "SKU-000392B",
                1
            ],
            [
                "SKU-000461A",
                1
            ],
            [
                "SKU-000338D",
                1
            ],
            [
                "SKU-000301A",
                1
            ],
            [
                "SKU-000026B",
                1
            ],
            [
                "SKU-000444B",
                1
            ],
            [
                "SKU-000084D",
                1
            ],
            [
                "SKU-000040B",
                1
            ],
            [
                "SKU-000095D",
                1
            ],
            [
                "SKU-000191A",
                1
            ],
            [
                "SKU-000373B",
                1
            ],
            [
                "SKU-000261C",
                1
            ],
            [
                "SKU-000107D",
                1
            ],
            [
                "SKU-000121A",
                1
            ],
            [
                "SKU-000083D",
                1
            ],
            [
                "SKU-000136D",
                1
            ]
        ],
        "pickTime": "2025-07-06 15:30:26"
    },
    {
        "replenish": true,
        "skus": [
            [
                "SKU-000400A",
                1
            ],
            [
                "SKU-000373B",
                1
            ],
            [
                "SKU-000176D",
                1
            ],
            [
                "SKU-000451B",
                1
            ],
            [
                "SKU-000185C",
                1
            ],
            [
                "SKU-000126C",
                1
            ],
            [
                "SKU-000168B",
                1
            ],
            [
                "SKU-000242C",
                1
            ],
            [
                "SKU-000421A",
                1
            ],
            [
                "SKU-000355D",
                1
            ],
            [
                "SKU-000064A",
                1
            ],
            [
                "SKU-000135D",
                1
            ]
        ],
        "pickTime": "2025-07-06 15:52:30"
    },
    {
        "replenish": true,
        "skus": [
            [
                "SKU-000050D",
                1
            ],
            [
                "SKU-000086C",
                1
            ],
            [
                "SKU-000092A",
                1
            ],
            [
                "SKU-000101D",
                1
            ],
            [
                "SKU-000476D",
                1
            ],
            [
                "SKU-000050A",
                1
            ],
            [
                "SKU-000127B",
                1
            ],
            [
                "SKU-000024A",
                1
            ],
            [
                "SKU-000044C",
                1
            ]
        ],
        "pickTime": "2025-07-07 04:00:13"
    },
    {
        "replenish": true,
        "skus": [
            [
                "SKU-000207A",
                1
            ],
            [
                "SKU-000144A",
                1
            ],
            [
                "SKU-000210A",
                1
            ],
            [
                "SKU-000271C",
                1
            ],
            [
                "SKU-000108D",
                1
            ],
            [
                "SKU-000500B",
                1
            ],
            [
                "SKU-000330B",
                1
            ],
            [
                "SKU-000155A",
                1
            ],
            [
                "SKU-000109A",
                1
            ],
            [
                "SKU-000020B",
                1
            ],
            [
                "SKU-000305C",
                1
            ],
            [
                "SKU-000017C",
                1
            ],
            [
                "SKU-000281B",
                1
            ],
            [
                "SKU-000493C",
                1
            ],
            [
                "SKU-000379A",
                1
            ],
            [
                "SKU-000382A",
                1
            ],
            [
                "SKU-000337A",
                1
            ]
        ],
        "pickTime": "2025-07-07 06:21:03"
    },
    {
        "replenish": true,
        "skus": [
            [
                "SKU-000322A",
                1
            ],
            [
                "SKU-000402D",
                1
            ],
            [
                "SKU-000480A",
                1
            ],
            [
                "SKU-000048D",
                1
            ],
            [
                "SKU-000231C",
                1
            ],
            [
                "SKU-000392D",
                1
            ],
            [
                "SKU-000114B",
                1
            ]
        ],
        "pickTime": "2025-07-07 08:40:43"
    },
    {
        "replenish": true,
        "skus": [
            [
                "SKU-000172D",
                1
            ],
            [
                "SKU-000243B",
                1
            ],
            [
                "SKU-000356C",
                1
            ],
            [
                "SKU-000482B",
                1
            ],
            [
                "SKU-000230D",
                1
            ],
            [
                "SKU-000392A",
                1
            ],
            [
                "SKU-000208A",
                1
            ],
            [
                "SKU-000080C",
                1
            ],
            [
                "SKU-000053D",
                1
            ],
            [
                "SKU-000050D",
                1
            ],
            [
                "SKU-000392A",
                1
            ],
            [
                "SKU-000274D",
                1
            ],
            [
                "SKU-000422D",
                1
            ],
            [
                "SKU-000080A",
                1
            ],
            [
                "SKU-000056B",
                1
            ],
            [
                "SKU-000030C",
                1
            ]
        ],
        "pickTime": "2025-07-07 19:20:25"
    },
    {
        "replenish": true,
        "skus": [
            [
                "SKU-000351A",
                1
            ],
            [
                "SKU-000456B",
                1
            ],
            [
                "SKU-000129C",
                1
            ],
            [
                "SKU-000391C",
                1
            ],
            [
                "SKU-000367C",
                1
            ]
        ],
        "pickTime": "2025-07-07 19:54:49"
    },
    {
        "replenish": true,
        "skus": [
            [
                "SKU-000482D",
                1
            ],
            [
                "SKU-000403A",
                1
            ],
            [
                "SKU-000137B",
                1
            ],
            [
                "SKU-000417D",
                1
            ],
            [
                "SKU-000006B",
                1
            ],
            [
                "SKU-000033A",
                1
            ],
            [
                "SKU-000194D",
                1
            ],
            [
                "SKU-000479D",
                1
            ]
        ],
        "pickTime": "2025-07-08 05:27:42"
    },
    {
        "replenish": true,
        "skus": [
            [
                "SKU-000350D",
                1
            ]
        ],
        "pickTime": "2025-07-08 07:16:37"
    },
    {
        "replenish": true,
        "skus": [
            [
                "SKU-000318C",
                1
            ],
            [
                "SKU-000137A",
                1
            ],
            [
                "SKU-000289A",
                1
            ],
            [
                "SKU-000158D",
                1
            ],
            [
                "SKU-000285D",
                1
            ],
            [
                "SKU-000041B",
                1
            ],
            [
                "SKU-000469B",
                1
            ]
        ],
        "pickTime": "2025-07-08 23:54:44"
    },
    {
        "replenish": true,
        "skus": [
            [
                "SKU-000257B",
                1
            ],
            [
                "SKU-000459A",
                1
            ],
            [
                "SKU-000182D",
                1
            ],
            [
                "SKU-000086C",
                1
            ],
            [
                "SKU-000151C",
                1
            ],
            [
                "SKU-000209C",
                1
            ],
            [
                "SKU-000258D",
                1
            ],
            [
                "SKU-000158A",
                1
            ],
            [
                "SKU-000480B",
                1
            ],
            [
                "SKU-000209B",
                1
            ],
            [
                "SKU-000098B",
                1
            ],
            [
                "SKU-000257B",
                1
            ],
            [
                "SKU-000145B",
                1
            ],
            [
                "SKU-000212D",
                1
            ]
        ],
        "pickTime": "2025-07-09 04:55:46"
    },
    {
        "replenish": true,
        "skus": [
            [
                "SKU-000295B",
                1
            ]
        ],
        "pickTime": "2025-07-09 14:15:33"
    },
    {
        "replenish": true,
        "skus": [
            [
                "SKU-000074D",
                1
            ],
            [
                "SKU-000395C",
                1
            ],
            [
                "SKU-000137B",
                1
            ],
            [
                "SKU-000093B",
                1
            ],
            [
                "SKU-000125B",
                1
            ],
            [
                "SKU-000274A",
                1
            ],
            [
                "SKU-000242B",
                1
            ],
            [
                "SKU-000440D",
                1
            ],
            [
                "SKU-000100C",
                1
            ],
            [
                "SKU-000100A",
                1
            ],
            [
                "SKU-000178C",
                1
            ],
            [
                "SKU-000058C",
                1
            ],
            [
                "SKU-000307C",
                1
            ]
        ],
        "pickTime": "2025-07-09 17:01:30"
    },
    {
        "replenish": true,
        "skus": [
            [
                "SKU-000355D",
                1
            ],
            [
                "SKU-000191B",
                1
            ]
        ],
        "pickTime": "2025-07-09 20:24:35"
    },
    {
        "replenish": true,
        "skus": [
            [
                "SKU-000127C",
                1
            ],
            [
                "SKU-000457A",
                1
            ],
            [
                "SKU-000127D",
                1
            ],
            [
                "SKU-000412B",
                1
            ],
            [
                "SKU-000346A",
                1
            ],
            [
                "SKU-000071B",
                1
            ],
            [
                "SKU-000037C",
                1
            ],
            [
                "SKU-000426C",
                1
            ],
            [
                "SKU-000484B",
                1
            ],
            [
                "SKU-000246C",
                1
            ],
            [
                "SKU-000090B",
                1
            ],
            [
                "SKU-000247A",
                1
            ],
            [
                "SKU-000380C",
                1
            ],
            [
                "SKU-000075C",
                1
            ],
            [
                "SKU-000039B",
                1
            ],
            [
                "SKU-000349A",
                1
            ],
            [
                "SKU-000386D",
                1
            ],
            [
                "SKU-000011A",
                1
            ],
            [
                "SKU-000176B",
                1
            ],
            [
                "SKU-000106A",
                1
            ],
            [
                "SKU-000370C",
                1
            ],
            [
                "SKU-000201C",
                1
            ],
            [
                "SKU-000450B",
                1
            ],
            [
                "SKU-000413C",
                1
            ],
            [
                "SKU-000331C",
                1
            ],
            [
                "SKU-000172B",
                1
            ],
            [
                "SKU-000301D",
                1
            ],
            [
                "SKU-000243D",
                1
            ],
            [
                "SKU-000412B",
                1
            ],
            [
                "SKU-000082A",
                1
            ],
            [
                "SKU-000104A",
                1
            ],
            [
                "SKU-000129A",
                1
            ],
            [
                "SKU-000058C",
                1
            ],
            [
                "SKU-000442A",
                1
            ],
            [
                "SKU-000415B",
                1
            ],
            [
                "SKU-000228C",
                1
            ],
            [
                "SKU-000457A",
                1
            ],
            [
                "SKU-000063D",
                1
            ],
            [
                "SKU-000182D",
                1
            ],
            [
                "SKU-000227D",
                1
            ]
        ],
        "pickTime": "2025-07-10 10:25:23"
    },
    {
        "replenish": true,
        "skus": [
            [
                "SKU-000425D",
                1
            ],
            [
                "SKU-000039B",
                1
            ],
            [
                "SKU-000411D",
                1
            ],
            [
                "SKU-000357B",
                1
            ],
            [
                "SKU-000195D",
                1
            ],
            [
                "SKU-000085B",
                1
            ],
            [
                "SKU-000234B",
                1
            ]
        ],
        "pickTime": "2025-07-10 18:56:52"
    },
    {
        "replenish": true,
        "skus": [
            [
                "SKU-000088D",
                1
            ]
        ],
        "pickTime": "2025-07-10 20:01:51"
    },
    {
        "replenish": true,
        "skus": [
            [
                "SKU-000123B",
                1
            ],
            [
                "SKU-000499B",
                1
            ],
            [
                "SKU-000212D",
                1
            ],
            [
                "SKU-000021C",
                1
            ],
            [
                "SKU-000488D",
                1
            ],
            [
                "SKU-000201D",
                1
            ],
            [
                "SKU-000441B",
                1
            ],
            [
                "SKU-000270D",
                1
            ],
            [
                "SKU-000077B",
                1
            ],
            [
                "SKU-000399A",
                1
            ],
            [
                "SKU-000018D",
                1
            ],
            [
                "SKU-000064B",
                1
            ],
            [
                "SKU-000293D",
                1
            ],
            [
                "SKU-000086A",
                1
            ],
            [
                "SKU-000081D",
                1
            ],
            [
                "SKU-000101A",
                1
            ],
            [
                "SKU-000265B",
                1
            ],
            [
                "SKU-000285D",
                1
            ],
            [
                "SKU-000301B",
                1
            ],
            [
                "SKU-000395C",
                1
            ]
        ],
        "pickTime": "2025-07-11 06:33:01"
    },
    {
        "replenish": true,
        "skus": [
            [
                "SKU-000040B",
                1
            ],
            [
                "SKU-000496C",
                1
            ],
            [
                "SKU-000255A",
                1
            ],
            [
                "SKU-000373B",
                1
            ],
            [
                "SKU-000297B",
                1
            ],
            [
                "SKU-000178A",
                1
            ],
            [
                "SKU-000354D",
                1
            ],
            [
                "SKU-000302A",
                1
            ],
            [
                "SKU-000434A",
                1
            ],
            [
                "SKU-000443C",
                1
            ],
            [
                "SKU-000174B",
                1
            ],
            [
                "SKU-000318B",
                1
            ],
            [
                "SKU-000088D",
                1
            ],
            [
                "SKU-000432B",
                1
            ],
            [
                "SKU-000129A",
                1
            ],
            [
                "SKU-000456A",
                1
            ],
            [
                "SKU-000297C",
                1
            ],
            [
                "SKU-000443D",
                1
            ],
            [
                "SKU-000050A",
                1
            ],
            [
                "SKU-000082B",
                1
            ],
            [
                "SKU-000423D",
                1
            ],
            [
                "SKU-000471C",
                1
            ]
        ],
        "pickTime": "2025-07-11 22:36:24"
    },
    {
        "replenish": true,
        "skus": [
            [
                "SKU-000416B",
                1
            ],
            [
                "SKU-000116B",
                1
            ],
            [
                "SKU-000269D",
                1
            ],
            [
                "SKU-000301A",
                1
            ],
            [
                "SKU-000109A",
                1
            ],
            [
                "SKU-000031C",
                1
            ],
            [
                "SKU-000067D",
                1
            ],
            [
                "SKU-000086C",
                1
            ],
            [
                "SKU-000077C",
                1
            ],
            [
                "SKU-000229D",
                1
            ]
        ],
        "pickTime": "2025-07-12 01:15:09"
    },
    {
        "replenish": true,
        "skus": [
            [
                "SKU-000411C",
                1
            ],
            [
                "SKU-000397D",
                1
            ],
            [
                "SKU-000361D",
                1
            ],
            [
                "SKU-000030D",
                1
            ],
            [
                "SKU-000041B",
                1
            ],
            [
                "SKU-000022D",
                1
            ]
        ],
        "pickTime": "2025-07-12 05:31:28"
    },
    {
        "replenish": true,
        "skus": [
            [
                "SKU-000258B",
                1
            ],
            [
                "SKU-000181B",
                1
            ],
            [
                "SKU-000490A",
                1
            ],
            [
                "SKU-000412C",
                1
            ],
            [
                "SKU-000310D",
                1
            ]
        ],
        "pickTime": "2025-07-12 12:09:43"
    },
    {
        "replenish": true,
        "skus": [
            [
                "SKU-000293D",
                1
            ],
            [
                "SKU-000201B",
                1
            ],
            [
                "SKU-000434B",
                1
            ],
            [
                "SKU-000283D",
                1
            ],
            [
                "SKU-000499B",
                1
            ],
            [
                "SKU-000044D",
                1
            ],
            [
                "SKU-000137B",
                1
            ],
            [
                "SKU-000164D",
                1
            ],
            [
                "SKU-000174A",
                1
            ],
            [
                "SKU-000413D",
                1
            ],
            [
                "SKU-000088A",
                1
            ],
            [
                "SKU-000270D",
                1
            ],
            [
                "SKU-000057B",
                1
            ],
            [
                "SKU-000414C",
                1
            ],
            [
                "SKU-000238A",
                1
            ],
            [
                "SKU-000093C",
                1
            ],
            [
                "SKU-000252C",
                1
            ],
            [
                "SKU-000300C",
                1
            ],
            [
                "SKU-000065A",
                1
            ],
            [
                "SKU-000438D",
                1
            ],
            [
                "SKU-000221C",
                1
            ],
            [
                "SKU-000377A",
                1
            ],
            [
                "SKU-000318B",
                1
            ],
            [
                "SKU-000122A",
                1
            ],
            [
                "SKU-000048B",
                1
            ],
            [
                "SKU-000212D",
                1
            ],
            [
                "SKU-000283C",
                1
            ],
            [
                "SKU-000191A",
                1
            ],
            [
                "SKU-000257A",
                1
            ],
            [
                "SKU-000208D",
                1
            ],
            [
                "SKU-000137B",
                1
            ],
            [
                "SKU-000310D",
                1
            ],
            [
                "SKU-000473A",
                1
            ],
            [
                "SKU-000475A",
                1
            ],
            [
                "SKU-000297B",
                1
            ]
        ],
        "pickTime": "2025-07-13 00:39:55"
    },
    {
        "replenish": true,
        "skus": [
            [
                "SKU-000226C",
                1
            ],
            [
                "SKU-000145B",
                1
            ],
            [
                "SKU-000459A",
                1
            ],
            [
                "SKU-000133C",
                1
            ],
            [
                "SKU-000303A",
                1
            ],
            [
                "SKU-000395C",
                1
            ],
            [
                "SKU-000380B",
                1
            ],
            [
                "SKU-000127B",
                1
            ],
            [
                "SKU-000492A",
                1
            ],
            [
                "SKU-000158A",
                1
            ],
            [
                "SKU-000246C",
                1
            ],
            [
                "SKU-000465D",
                1
            ]
        ],
        "pickTime": "2025-07-13 02:39:12"
    },
    {
        "replenish": true,
        "skus": [
            [
                "SKU-000480B",
                1
            ],
            [
                "SKU-000431C",
                1
            ],
            [
                "SKU-000120C",
                1
            ],
            [
                "SKU-000196B",
                1
            ],
            [
                "SKU-000441B",
                1
            ],
            [
                "SKU-000017C",
                1
            ],
            [
                "SKU-000086C",
                1
            ],
            [
                "SKU-000420C",
                1
            ],
            [
                "SKU-000181C",
                1
            ],
            [
                "SKU-000307D",
                1
            ],
            [
                "SKU-000147D",
                1
            ],
            [
                "SKU-000065A",
                1
            ],
            [
                "SKU-000211B",
                1
            ],
            [
                "SKU-000455B",
                1
            ],
            [
                "SKU-000350C",
                1
            ],
            [
                "SKU-000415B",
                1
            ],
            [
                "SKU-000133D",
                1
            ],
            [
                "SKU-000269D",
                1
            ],
            [
                "SKU-000267C",
                1
            ],
            [
                "SKU-000267C",
                1
            ],
            [
                "SKU-000212A",
                1
            ],
            [
                "SKU-000311B",
                1
            ],
            [
                "SKU-000427C",
                1
            ],
            [
                "SKU-000129C",
                1
            ],
            [
                "SKU-000041B",
                1
            ],
            [
                "SKU-000499B",
                1
            ],
            [
                "SKU-000111B",
                1
            ],
            [
                "SKU-000038C",
                1
            ],
            [
                "SKU-000242B",
                1
            ]
        ],
        "pickTime": "2025-07-13 12:57:42"
    },
    {
        "replenish": true,
        "skus": [
            [
                "SKU-000360D",
                1
            ],
            [
                "SKU-000498B",
                1
            ],
            [
                "SKU-000457A",
                1
            ],
            [
                "SKU-000413C",
                1
            ],
            [
                "SKU-000204D",
                1
            ],
            [
                "SKU-000320A",
                1
            ],
            [
                "SKU-000077C",
                1
            ],
            [
                "SKU-000026B",
                1
            ],
            [
                "SKU-000278C",
                1
            ],
            [
                "SKU-000406C",
                1
            ],
            [
                "SKU-000050B",
                1
            ],
            [
                "SKU-000054C",
                1
            ],
            [
                "SKU-000252C",
                1
            ],
            [
                "SKU-000009D",
                1
            ],
            [
                "SKU-000476B",
                1
            ],
            [
                "SKU-000127B",
                1
            ],
            [
                "SKU-000421C",
                1
            ],
            [
                "SKU-000044D",
                1
            ],
            [
                "SKU-000177C",
                1
            ],
            [
                "SKU-000439C",
                1
            ],
            [
                "SKU-000098D",
                1
            ],
            [
                "SKU-000329C",
                1
            ],
            [
                "SKU-000406C",
                1
            ],
            [
                "SKU-000259B",
                1
            ],
            [
                "SKU-000100A",
                1
            ],
            [
                "SKU-000399A",
                1
            ],
            [
                "SKU-000326D",
                1
            ],
            [
                "SKU-000177D",
                1
            ],
            [
                "SKU-000373B",
                1
            ],
            [
                "SKU-000260A",
                1
            ],
            [
                "SKU-000474B",
                1
            ],
            [
                "SKU-000170A",
                1
            ],
            [
                "SKU-000373B",
                1
            ],
            [
                "SKU-000434A",
                1
            ]
        ],
        "pickTime": "2025-07-13 23:39:13"
    },
    {
        "replenish": true,
        "skus": [
            [
                "SKU-000144A",
                1
            ],
            [
                "SKU-000111B",
                1
            ],
            [
                "SKU-000451B",
                1
            ],
            [
                "SKU-000087B",
                1
            ],
            [
                "SKU-000388B",
                1
            ],
            [
                "SKU-000272C",
                1
            ],
            [
                "SKU-000490B",
                1
            ],
            [
                "SKU-000191D",
                1
            ],
            [
                "SKU-000013A",
                1
            ],
            [
                "SKU-000356C",
                1
            ],
            [
                "SKU-000382A",
                1
            ],
            [
                "SKU-000407B",
                1
            ],
            [
                "SKU-000138C",
                1
            ],
            [
                "SKU-000251D",
                1
            ],
            [
                "SKU-000494B",
                1
            ],
            [
                "SKU-000399B",
                1
            ],
            [
                "SKU-000086C",
                1
            ],
            [
                "SKU-000339C",
                1
            ],
            [
                "SKU-000487B",
                1
            ],
            [
                "SKU-000114C",
                1
            ],
            [
                "SKU-000392D",
                1
            ],
            [
                "SKU-000441A",
                1
            ],
            [
                "SKU-000229D",
                1
            ],
            [
                "SKU-000251D",
                1
            ],
            [
                "SKU-000297D",
                1
            ],
            [
                "SKU-000093A",
                1
            ],
            [
                "SKU-000034D",
                1
            ],
            [
                "SKU-000018D",
                1
            ],
            [
                "SKU-000297B",
                1
            ],
            [
                "SKU-000273C",
                1
            ]
        ],
        "pickTime": "2025-07-14 06:31:00"
    },
    {
        "replenish": true,
        "skus": [
            [
                "SKU-000212A",
                1
            ],
            [
                "SKU-000022C",
                1
            ],
            [
                "SKU-000208D",
                1
            ],
            [
                "SKU-000058C",
                1
            ]
        ],
        "pickTime": "2025-07-14 06:47:43"
    },
    {
        "replenish": true,
        "skus": [
            [
                "SKU-000095B",
                1
            ],
            [
                "SKU-000217C",
                1
            ],
            [
                "SKU-000210A",
                1
            ],
            [
                "SKU-000208D",
                1
            ],
            [
                "SKU-000274A",
                1
            ],
            [
                "SKU-000159A",
                1
            ],
            [
                "SKU-000155A",
                1
            ],
            [
                "SKU-000303A",
                1
            ],
            [
                "SKU-000182D",
                1
            ],
            [
                "SKU-000064A",
                1
            ],
            [
                "SKU-000361D",
                1
            ],
            [
                "SKU-000235C",
                1
            ],
            [
                "SKU-000059B",
                1
            ],
            [
                "SKU-000035D",
                1
            ],
            [
                "SKU-000024C",
                1
            ],
            [
                "SKU-000045D",
                1
            ],
            [
                "SKU-000071B",
                1
            ],
            [
                "SKU-000373B",
                1
            ],
            [
                "SKU-000278C",
                1
            ],
            [
                "SKU-000223D",
                1
            ],
            [
                "SKU-000402B",
                1
            ],
            [
                "SKU-000093C",
                1
            ],
            [
                "SKU-000477A",
                1
            ],
            [
                "SKU-000126C",
                1
            ],
            [
                "SKU-000499B",
                1
            ],
            [
                "SKU-000086A",
                1
            ],
            [
                "SKU-000172D",
                1
            ],
            [
                "SKU-000110D",
                1
            ],
            [
                "SKU-000051D",
                1
            ]
        ],
        "pickTime": "2025-07-14 07:31:43"
    },
    {
        "replenish": true,
        "skus": [
            [
                "SKU-000197C",
                1
            ],
            [
                "SKU-000204D",
                1
            ],
            [
                "SKU-000367D",
                1
            ],
            [
                "SKU-000291A",
                1
            ],
            [
                "SKU-000177D",
                1
            ],
            [
                "SKU-000135D",
                1
            ],
            [
                "SKU-000272C",
                1
            ],
            [
                "SKU-000199B",
                1
            ],
            [
                "SKU-000497A",
                1
            ],
            [
                "SKU-000070B",
                1
            ],
            [
                "SKU-000293D",
                1
            ],
            [
                "SKU-000477C",
                1
            ],
            [
                "SKU-000482D",
                1
            ],
            [
                "SKU-000361D",
                1
            ]
        ],
        "pickTime": "2025-07-14 11:28:10"
    },
    {
        "replenish": true,
        "skus": [
            [
                "SKU-000093A",
                1
            ],
            [
                "SKU-000445D",
                1
            ],
            [
                "SKU-000337C",
                1
            ],
            [
                "SKU-000086C",
                1
            ],
            [
                "SKU-000362A",
                1
            ],
            [
                "SKU-000444D",
                1
            ],
            [
                "SKU-000172D",
                1
            ],
            [
                "SKU-000004B",
                1
            ]
        ],
        "pickTime": "2025-07-15 00:17:07"
    },
    {
        "replenish": true,
        "skus": [
            [
                "SKU-000428A",
                1
            ],
            [
                "SKU-000092A",
                1
            ],
            [
                "SKU-000391C",
                1
            ],
            [
                "SKU-000428C",
                1
            ],
            [
                "SKU-000465C",
                1
            ],
            [
                "SKU-000296C",
                1
            ],
            [
                "SKU-000431C",
                1
            ],
            [
                "SKU-000414C",
                1
            ],
            [
                "SKU-000307D",
                1
            ],
            [
                "SKU-000453D",
                1
            ],
            [
                "SKU-000395C",
                1
            ],
            [
                "SKU-000202C",
                1
            ],
            [
                "SKU-000188C",
                1
            ]
        ],
        "pickTime": "2025-07-15 06:51:15"
    },
    {
        "replenish": false,
        "skus": [
            [
                "SKU-000499B",
                1
            ],
            [
                "SKU-000259C",
                1
            ],
            [
                "SKU-000481D",
                1
            ],
            [
                "SKU-000260C",
                1
            ]
        ],
        "pickTime": "2025-07-15 20:23:36"
    },
    {
        "replenish": false,
        "skus": [
            [
                "SKU-000392D",
                1
            ],
            [
                "SKU-000336B",
                1
            ],
            [
                "SKU-000326D",
                1
            ],
            [
                "SKU-000499A",
                1
            ],
            [
                "SKU-000267C",
                1
            ],
            [
                "SKU-000051D",
                1
            ],
            [
                "SKU-000015C",
                1
            ],
            [
                "SKU-000373B",
                1
            ],
            [
                "SKU-000136B",
                1
            ],
            [
                "SKU-000093A",
                1
            ]
        ],
        "pickTime": "2025-07-16 02:12:01"
    },
    {
        "replenish": false,
        "skus": [
            [
                "SKU-000005B",
                1
            ],
            [
                "SKU-000071B",
                1
            ],
            [
                "SKU-000187B",
                1
            ],
            [
                "SKU-000287B",
                1
            ],
            [
                "SKU-000135D",
                1
            ],
            [
                "SKU-000252C",
                1
            ],
            [
                "SKU-000295A",
                1
            ],
            [
                "SKU-000084D",
                1
            ],
            [
                "SKU-000115D",
                1
            ],
            [
                "SKU-000188C",
                1
            ],
            [
                "SKU-000440D",
                1
            ],
            [
                "SKU-000086C",
                1
            ],
            [
                "SKU-000155A",
                1
            ],
            [
                "SKU-000229C",
                1
            ],
            [
                "SKU-000318C",
                1
            ],
            [
                "SKU-000448D",
                1
            ],
            [
                "SKU-000449A",
                1
            ],
            [
                "SKU-000265A",
                1
            ],
            [
                "SKU-000232D",
                1
            ],
            [
                "SKU-000496B",
                1
            ]
        ],
        "pickTime": "2025-07-16 08:13:33"
    },
    {
        "replenish": false,
        "skus": [
            [
                "SKU-000038C",
                1
            ]
        ],
        "pickTime": "2025-07-16 13:22:55"
    },
    {
        "replenish": false,
        "skus": [
            [
                "SKU-000325B",
                1
            ]
        ],
        "pickTime": "2025-07-16 17:06:05"
    },
    {
        "replenish": false,
        "skus": [
            [
                "SKU-000202A",
                1
            ]
        ],
        "pickTime": "2025-07-16 23:48:30"
    },
    {
        "replenish": false,
        "skus": [
            [
                "SKU-000277C",
                1
            ],
            [
                "SKU-000126B",
                1
            ],
            [
                "SKU-000338B",
                1
            ],
            [
                "SKU-000174A",
                1
            ]
        ],
        "pickTime": "2025-07-17 02:02:29"
    },
    {
        "replenish": false,
        "skus": [
            [
                "SKU-000272C",
                1
            ],
            [
                "SKU-000388B",
                1
            ],
            [
                "SKU-000408D",
                1
            ],
            [
                "SKU-000035C",
                1
            ],
            [
                "SKU-000297B",
                1
            ],
            [
                "SKU-000349A",
                1
            ]
        ],
        "pickTime": "2025-07-18 14:35:44"
    },
    {
        "replenish": false,
        "skus": [
            [
                "SKU-000095A",
                1
            ],
            [
                "SKU-000314B",
                1
            ]
        ],
        "pickTime": "2025-07-18 15:22:03"
    },
    {
        "replenish": false,
        "skus": [
            [
                "SKU-000101B",
                1
            ],
            [
                "SKU-000499D",
                1
            ],
            [
                "SKU-000024B",
                1
            ],
            [
                "SKU-000060D",
                1
            ],
            [
                "SKU-000209C",
                1
            ],
            [
                "SKU-000217A",
                1
            ],
            [
                "SKU-000368B",
                1
            ],
            [
                "SKU-000226B",
                1
            ],
            [
                "SKU-000263B",
                1
            ],
            [
                "SKU-000082B",
                1
            ],
            [
                "SKU-000314B",
                1
            ]
        ],
        "pickTime": "2025-07-18 21:27:42"
    },
    {
        "replenish": false,
        "skus": [
            [
                "SKU-000367A",
                1
            ]
        ],
        "pickTime": "2025-07-19 20:05:35"
    },
    {
        "replenish": false,
        "skus": [
            [
                "SKU-000058C",
                1
            ],
            [
                "SKU-000498B",
                1
            ],
            [
                "SKU-000126A",
                1
            ],
            [
                "SKU-000122A",
                1
            ],
            [
                "SKU-000004D",
                1
            ]
        ],
        "pickTime": "2025-07-19 23:13:59"
    },
    {
        "replenish": false,
        "skus": [
            [
                "SKU-000486A",
                1
            ],
            [
                "SKU-000073D",
                1
            ],
            [
                "SKU-000033C",
                1
            ],
            [
                "SKU-000316A",
                1
            ],
            [
                "SKU-000063D",
                1
            ],
            [
                "SKU-000162B",
                1
            ],
            [
                "SKU-000444B",
                1
            ]
        ],
        "pickTime": "2025-07-20 11:49:22"
    },
    {
        "replenish": false,
        "skus": [
            [
                "SKU-000094D",
                1
            ],
            [
                "SKU-000027A",
                1
            ],
            [
                "SKU-000002D",
                1
            ]
        ],
        "pickTime": "2025-07-20 18:17:08"
    },
    {
        "replenish": false,
        "skus": [
            [
                "SKU-000032C",
                1
            ],
            [
                "SKU-000301A",
                1
            ],
            [
                "SKU-000065A",
                1
            ],
            [
                "SKU-000034D",
                1
            ],
            [
                "SKU-000174A",
                1
            ],
            [
                "SKU-000326D",
                1
            ]
        ],
        "pickTime": "2025-07-20 22:31:56"
    },
    {
        "replenish": false,
        "skus": [
            [
                "SKU-000343C",
                1
            ],
            [
                "SKU-000484C",
                1
            ],
            [
                "SKU-000351A",
                1
            ],
            [
                "SKU-000240A",
                1
            ],
            [
                "SKU-000420C",
                1
            ],
            [
                "SKU-000481D",
                1
            ]
        ],
        "pickTime": "2025-07-20 23:22:53"
    },
    {
        "replenish": false,
        "skus": [
            [
                "SKU-000115C",
                1
            ],
            [
                "SKU-000204D",
                1
            ],
            [
                "SKU-000106C",
                1
            ],
            [
                "SKU-000050D",
                1
            ]
        ],
        "pickTime": "2025-07-21 05:32:41"
    },
    {
        "replenish": false,
        "skus": [
            [
                "SKU-000317C",
                1
            ],
            [
                "SKU-000279B",
                1
            ],
            [
                "SKU-000162B",
                1
            ],
            [
                "SKU-000005B",
                1
            ],
            [
                "SKU-000093D",
                1
            ],
            [
                "SKU-000409A",
                1
            ],
            [
                "SKU-000395D",
                1
            ],
            [
                "SKU-000021D",
                1
            ],
            [
                "SKU-000486D",
                1
            ],
            [
                "SKU-000028B",
                1
            ]
        ],
        "pickTime": "2025-07-21 15:14:53"
    },
    {
        "replenish": false,
        "skus": [
            [
                "SKU-000086C",
                1
            ],
            [
                "SKU-000456D",
                1
            ],
            [
                "SKU-000009C",
                1
            ],
            [
                "SKU-000371B",
                1
            ],
            [
                "SKU-000413A",
                1
            ]
        ],
        "pickTime": "2025-07-21 17:35:35"
    },
    {
        "replenish": false,
        "skus": [
            [
                "SKU-000322A",
                1
            ],
            [
                "SKU-000171A",
                1
            ],
            [
                "SKU-000144B",
                1
            ],
            [
                "SKU-000006B",
                1
            ],
            [
                "SKU-000267A",
                1
            ]
        ],
        "pickTime": "2025-07-21 18:03:21"
    },
    {
        "replenish": false,
        "skus": [
            [
                "SKU-000441B",
                1
            ],
            [
                "SKU-000399A",
                1
            ],
            [
                "SKU-000086A",
                1
            ],
            [
                "SKU-000048C",
                1
            ],
            [
                "SKU-000168B",
                1
            ],
            [
                "SKU-000051D",
                1
            ],
            [
                "SKU-000115C",
                1
            ],
            [
                "SKU-000353B",
                1
            ],
            [
                "SKU-000387D",
                1
            ],
            [
                "SKU-000129A",
                1
            ],
            [
                "SKU-000264D",
                1
            ],
            [
                "SKU-000079B",
                1
            ],
            [
                "SKU-000469C",
                1
            ]
        ],
        "pickTime": "2025-07-22 11:01:23"
    },
    {
        "replenish": false,
        "skus": [
            [
                "SKU-000127B",
                1
            ],
            [
                "SKU-000099D",
                1
            ],
            [
                "SKU-000285C",
                1
            ],
            [
                "SKU-000388B",
                1
            ]
        ],
        "pickTime": "2025-07-22 21:38:26"
    },
    {
        "replenish": false,
        "skus": [
            [
                "SKU-000009A",
                1
            ],
            [
                "SKU-000489B",
                1
            ],
            [
                "SKU-000147A",
                1
            ],
            [
                "SKU-000432C",
                1
            ],
            [
                "SKU-000104A",
                1
            ],
            [
                "SKU-000348A",
                1
            ],
            [
                "SKU-000133D",
                1
            ],
            [
                "SKU-000337A",
                1
            ]
        ],
        "pickTime": "2025-07-22 22:00:05"
    },
    {
        "replenish": false,
        "skus": [
            [
                "SKU-000251D",
                1
            ],
            [
                "SKU-000225D",
                1
            ],
            [
                "SKU-000083C",
                1
            ],
            [
                "SKU-000443B",
                1
            ],
            [
                "SKU-000435D",
                1
            ]
        ],
        "pickTime": "2025-07-23 05:28:55"
    },
    {
        "replenish": false,
        "skus": [
            [
                "SKU-000285A",
                1
            ],
            [
                "SKU-000479D",
                1
            ],
            [
                "SKU-000070A",
                1
            ]
        ],
        "pickTime": "2025-07-23 12:05:29"
    },
    {
        "replenish": false,
        "skus": [
            [
                "SKU-000126D",
                1
            ],
            [
                "SKU-000382A",
                1
            ],
            [
                "SKU-000318B",
                1
            ],
            [
                "SKU-000083C",
                1
            ],
            [
                "SKU-000297B",
                1
            ],
            [
                "SKU-000157A",
                1
            ],
            [
                "SKU-000104A",
                1
            ],
            [
                "SKU-000024B",
                1
            ],
            [
                "SKU-000022D",
                1
            ],
            [
                "SKU-000087A",
                1
            ],
            [
                "SKU-000488A",
                1
            ]
        ],
        "pickTime": "2025-07-23 21:46:39"
    },
    {
        "replenish": false,
        "skus": [
            [
                "SKU-000030C",
                1
            ]
        ],
        "pickTime": "2025-07-24 09:38:31"
    },
    {
        "replenish": false,
        "skus": [
            [
                "SKU-000210B",
                1
            ],
            [
                "SKU-000477C",
                1
            ]
        ],
        "pickTime": "2025-07-24 15:47:14"
    },
    {
        "replenish": false,
        "skus": [
            [
                "SKU-000010D",
                1
            ],
            [
                "SKU-000013A",
                1
            ],
            [
                "SKU-000005A",
                1
            ]
        ],
        "pickTime": "2025-07-24 22:23:52"
    },
    {
        "replenish": false,
        "skus": [
            [
                "SKU-000399A",
                1
            ],
            [
                "SKU-000444D",
                1
            ]
        ],
        "pickTime": "2025-07-25 00:33:08"
    },
    {
        "replenish": false,
        "skus": [
            [
                "SKU-000085B",
                1
            ],
            [
                "SKU-000086C",
                1
            ],
            [
                "SKU-000058C",
                1
            ],
            [
                "SKU-000415B",
                1
            ],
            [
                "SKU-000329C",
                1
            ],
            [
                "SKU-000236A",
                1
            ],
            [
                "SKU-000063C",
                1
            ],
            [
                "SKU-000071B",
                1
            ],
            [
                "SKU-000197B",
                1
            ],
            [
                "SKU-000079C",
                1
            ],
            [
                "SKU-000392D",
                1
            ],
            [
                "SKU-000457B",
                1
            ],
            [
                "SKU-000073B",
                1
            ],
            [
                "SKU-000328A",
                1
            ],
            [
                "SKU-000149C",
                1
            ],
            [
                "SKU-000135D",
                1
            ],
            [
                "SKU-000088C",
                1
            ]
        ],
        "pickTime": "2025-07-25 07:56:25"
    },
    {
        "replenish": false,
        "skus": [
            [
                "SKU-000127B",
                1
            ]
        ],
        "pickTime": "2025-07-25 09:05:42"
    },
    {
        "replenish": false,
        "skus": [
            [
                "SKU-000416C",
                1
            ],
            [
                "SKU-000213A",
                1
            ],
            [
                "SKU-000432C",
                1
            ],
            [
                "SKU-000277D",
                1
            ],
            [
                "SKU-000075D",
                1
            ],
            [
                "SKU-000008D",
                1
            ],
            [
                "SKU-000133D",
                1
            ],
            [
                "SKU-000297B",
                1
            ],
            [
                "SKU-000202A",
                1
            ],
            [
                "SKU-000416C",
                1
            ],
            [
                "SKU-000077B",
                1
            ],
            [
                "SKU-000301D",
                1
            ],
            [
                "SKU-000297B",
                1
            ],
            [
                "SKU-000040B",
                1
            ],
            [
                "SKU-000028B",
                1
            ],
            [
                "SKU-000210A",
                1
            ],
            [
                "SKU-000254C",
                1
            ],
            [
                "SKU-000461C",
                1
            ],
            [
                "SKU-000223D",
                1
            ],
            [
                "SKU-000006B",
                1
            ],
            [
                "SKU-000114D",
                1
            ],
            [
                "SKU-000037C",
                1
            ]
        ],
        "pickTime": "2025-07-25 11:16:33"
    },
    {
        "replenish": false,
        "skus": [
            [
                "SKU-000003A",
                1
            ],
            [
                "SKU-000314B",
                1
            ],
            [
                "SKU-000126C",
                1
            ],
            [
                "SKU-000197B",
                1
            ],
            [
                "SKU-000155C",
                1
            ],
            [
                "SKU-000234B",
                1
            ],
            [
                "SKU-000011D",
                1
            ],
            [
                "SKU-000495C",
                1
            ],
            [
                "SKU-000456D",
                1
            ],
            [
                "SKU-000461C",
                1
            ],
            [
                "SKU-000039B",
                1
            ],
            [
                "SKU-000278C",
                1
            ],
            [
                "SKU-000195D",
                1
            ],
            [
                "SKU-000207A",
                1
            ],
            [
                "SKU-000082B",
                1
            ],
            [
                "SKU-000390C",
                1
            ],
            [
                "SKU-000470D",
                1
            ],
            [
                "SKU-000337A",
                1
            ],
            [
                "SKU-000031C",
                1
            ]
        ],
        "pickTime": "2025-07-25 14:31:25"
    },
    {
        "replenish": false,
        "skus": [
            [
                "SKU-000040B",
                1
            ],
            [
                "SKU-000469C",
                1
            ]
        ],
        "pickTime": "2025-07-25 14:59:03"
    },
    {
        "replenish": false,
        "skus": [
            [
                "SKU-000234B",
                1
            ],
            [
                "SKU-000392D",
                1
            ],
            [
                "SKU-000492C",
                1
            ],
            [
                "SKU-000456B",
                1
            ],
            [
                "SKU-000285A",
                1
            ],
            [
                "SKU-000456A",
                1
            ],
            [
                "SKU-000293D",
                1
            ],
            [
                "SKU-000432C",
                1
            ],
            [
                "SKU-000128A",
                1
            ]
        ],
        "pickTime": "2025-07-25 23:30:52"
    },
    {
        "replenish": false,
        "skus": [
            [
                "SKU-000127B",
                1
            ]
        ],
        "pickTime": "2025-07-25 23:35:14"
    },
    {
        "replenish": false,
        "skus": [
            [
                "SKU-000037C",
                1
            ],
            [
                "SKU-000461B",
                1
            ],
            [
                "SKU-000326D",
                1
            ]
        ],
        "pickTime": "2025-07-26 01:56:43"
    },
    {
        "replenish": false,
        "skus": [
            [
                "SKU-000422A",
                1
            ],
            [
                "SKU-000095A",
                1
            ],
            [
                "SKU-000461B",
                1
            ]
        ],
        "pickTime": "2025-07-26 09:13:53"
    },
    {
        "replenish": false,
        "skus": [
            [
                "SKU-000499B",
                1
            ],
            [
                "SKU-000326D",
                1
            ],
            [
                "SKU-000302A",
                1
            ],
            [
                "SKU-000264C",
                1
            ],
            [
                "SKU-000412B",
                1
            ],
            [
                "SKU-000087B",
                1
            ],
            [
                "SKU-000135D",
                1
            ]
        ],
        "pickTime": "2025-07-26 14:10:55"
    },
    {
        "replenish": false,
        "skus": [
            [
                "SKU-000354D",
                1
            ],
            [
                "SKU-000174A",
                1
            ],
            [
                "SKU-000041B",
                1
            ],
            [
                "SKU-000207C",
                1
            ],
            [
                "SKU-000226B",
                1
            ],
            [
                "SKU-000461B",
                1
            ]
        ],
        "pickTime": "2025-07-26 15:55:39"
    },
    {
        "replenish": false,
        "skus": [
            [
                "SKU-000309B",
                1
            ],
            [
                "SKU-000333D",
                1
            ],
            [
                "SKU-000337B",
                1
            ],
            [
                "SKU-000141D",
                1
            ]
        ],
        "pickTime": "2025-07-27 05:41:08"
    },
    {
        "replenish": false,
        "skus": [
            [
                "SKU-000024C",
                1
            ],
            [
                "SKU-000434D",
                1
            ],
            [
                "SKU-000225B",
                1
            ],
            [
                "SKU-000289C",
                1
            ]
        ],
        "pickTime": "2025-07-27 07:29:58"
    },
    {
        "replenish": false,
        "skus": [
            [
                "SKU-000448C",
                1
            ],
            [
                "SKU-000452C",
                1
            ],
            [
                "SKU-000293D",
                1
            ],
            [
                "SKU-000301A",
                1
            ],
            [
                "SKU-000155C",
                1
            ],
            [
                "SKU-000177C",
                1
            ],
            [
                "SKU-000297B",
                1
            ],
            [
                "SKU-000226C",
                1
            ],
            [
                "SKU-000351A",
                1
            ]
        ],
        "pickTime": "2025-07-27 10:10:45"
    },
    {
        "replenish": false,
        "skus": [
            [
                "SKU-000085B",
                1
            ],
            [
                "SKU-000144B",
                1
            ],
            [
                "SKU-000096A",
                1
            ],
            [
                "SKU-000331C",
                1
            ],
            [
                "SKU-000182D",
                1
            ],
            [
                "SKU-000085C",
                1
            ],
            [
                "SKU-000009C",
                1
            ]
        ],
        "pickTime": "2025-07-27 23:24:53"
    },
    {
        "replenish": false,
        "skus": [
            [
                "SKU-000442C",
                1
            ],
            [
                "SKU-000297B",
                1
            ]
        ],
        "pickTime": "2025-07-28 02:27:08"
    },
    {
        "replenish": false,
        "skus": [
            [
                "SKU-000426C",
                1
            ],
            [
                "SKU-000138A",
                1
            ]
        ],
        "pickTime": "2025-07-29 15:30:12"
    },
    {
        "replenish": false,
        "skus": [
            [
                "SKU-000415D",
                1
            ],
            [
                "SKU-000482D",
                1
            ],
            [
                "SKU-000203A",
                1
            ],
            [
                "SKU-000417B",
                1
            ],
            [
                "SKU-000082B",
                1
            ],
            [
                "SKU-000107D",
                1
            ],
            [
                "SKU-000374C",
                1
            ],
            [
                "SKU-000009D",
                1
            ],
            [
                "SKU-000027A",
                1
            ],
            [
                "SKU-000066A",
                1
            ],
            [
                "SKU-000382A",
                1
            ],
            [
                "SKU-000299C",
                1
            ],
            [
                "SKU-000121A",
                1
            ],
            [
                "SKU-000317A",
                1
            ]
        ],
        "pickTime": "2025-07-29 23:08:26"
    },
    {
        "replenish": false,
        "skus": [
            [
                "SKU-000257B",
                1
            ],
            [
                "SKU-000243B",
                1
            ],
            [
                "SKU-000388C",
                1
            ],
            [
                "SKU-000046A",
                1
            ],
            [
                "SKU-000200B",
                1
            ],
            [
                "SKU-000317B",
                1
            ],
            [
                "SKU-000476B",
                1
            ],
            [
                "SKU-000014D",
                1
            ]
        ],
        "pickTime": "2025-07-30 03:13:50"
    },
    {
        "replenish": false,
        "skus": [
            [
                "SKU-000086C",
                1
            ],
            [
                "SKU-000399B",
                1
            ],
            [
                "SKU-000195A",
                1
            ],
            [
                "SKU-000202A",
                1
            ],
            [
                "SKU-000257A",
                1
            ],
            [
                "SKU-000186B",
                1
            ],
            [
                "SKU-000053D",
                1
            ],
            [
                "SKU-000145B",
                1
            ],
            [
                "SKU-000349A",
                1
            ],
            [
                "SKU-000291A",
                1
            ],
            [
                "SKU-000316A",
                1
            ]
        ],
        "pickTime": "2025-07-30 10:14:31"
    }
]