[
    {
        "replenish": true,
        "skus": [
            [
                "SKU-000030A",
                1
            ],
            [
                "SKU-000360A",
                1
            ],
            [
                "SKU-000351C",
                1
            ],
            [
                "SKU-000481A",
                1
            ],
            [
                "SKU-000158A",
                1
            ],
            [
                "SKU-000429C",
                1
            ],
            [
                "SKU-000355A",
                1
            ],
            [
                "SKU-000428B",
                1
            ],
            [
                "SKU-000451D",
                1
            ],
            [
                "SKU-000124B",
                1
            ],
            [
                "SKU-000301B",
                1
            ],
            [
                "SKU-000478C",
                1
            ],
            [
                "SKU-000029D",
                1
            ],
            [
                "SKU-000096D",
                1
            ],
            [
                "SKU-000119A",
                1
            ],
            [
                "SKU-000440C",
                1
            ],
            [
                "SKU-000262A",
                1
            ],
            [
                "SKU-000153B",
                1
            ],
            [
                "SKU-000009C",
                1
            ],
            [
                "SKU-000126D",
                1
            ],
            [
                "SKU-000362B",
                1
            ],
            [
                "SKU-000187D",
                1
            ],
            [
                "SKU-000375D",
                1
            ],
            [
                "SKU-000006C",
                1
            ],
            [
                "SKU-000145A",
                1
            ],
            [
                "SKU-000423B",
                1
            ],
            [
                "SKU-000492B",
                1
            ],
            [
                "SKU-000029D",
                1
            ],
            [
                "SKU-000246B",
                1
            ],
            [
                "SKU-000048C",
                1
            ],
            [
                "SKU-000060A",
                1
            ]
        ],
        "pickTime": "2025-07-01 01:51:48"
    },
    {
        "replenish": true,
        "skus": [
            [
                "SKU-000429C",
                1
            ],
            [
                "SKU-000006C",
                1
            ],
            [
                "SKU-000274D",
                1
            ],
            [
                "SKU-000373C",
                1
            ],
            [
                "SKU-000270A",
                1
            ],
            [
                "SKU-000407D",
                1
            ],
            [
                "SKU-000428B",
                1
            ],
            [
                "SKU-000124C",
                1
            ],
            [
                "SKU-000188C",
                1
            ],
            [
                "SKU-000135A",
                1
            ],
            [
                "SKU-000150C",
                1
            ],
            [
                "SKU-000199A",
                1
            ],
            [
                "SKU-000169A",
                1
            ],
            [
                "SKU-000098B",
                1
            ],
            [
                "SKU-000270B",
                1
            ],
            [
                "SKU-000329B",
                1
            ],
            [
                "SKU-000429B",
                1
            ],
            [
                "SKU-000415B",
                1
            ],
            [
                "SKU-000002D",
                1
            ]
        ],
        "pickTime": "2025-07-01 05:51:52"
    },
    {
        "replenish": true,
        "skus": [
            [
                "SKU-000162B",
                1
            ],
            [
                "SKU-000367D",
                1
            ]
        ],
        "pickTime": "2025-07-01 06:42:50"
    },
    {
        "replenish": true,
        "skus": [
            [
                "SKU-000101C",
                1
            ],
            [
                "SKU-000153D",
                1
            ]
        ],
        "pickTime": "2025-07-01 20:47:21"
    },
    {
        "replenish": true,
        "skus": [
            [
                "SKU-000150D",
                1
            ],
            [
                "SKU-000357D",
                1
            ],
            [
                "SKU-000490C",
                1
            ]
        ],
        "pickTime": "2025-07-02 04:40:30"
    },
    {
        "replenish": true,
        "skus": [
            [
                "SKU-000027D",
                1
            ],
            [
                "SKU-000384D",
                1
            ]
        ],
        "pickTime": "2025-07-02 08:47:37"
    },
    {
        "replenish": true,
        "skus": [
            [
                "SKU-000418B",
                1
            ],
            [
                "SKU-000268D",
                1
            ],
            [
                "SKU-000422C",
                1
            ]
        ],
        "pickTime": "2025-07-02 15:54:01"
    },
    {
        "replenish": true,
        "skus": [
            [
                "SKU-000214C",
                1
            ],
            [
                "SKU-000016C",
                1
            ],
            [
                "SKU-000359A",
                1
            ],
            [
                "SKU-000482B",
                1
            ],
            [
                "SKU-000153D",
                1
            ]
        ],
        "pickTime": "2025-07-02 16:28:44"
    },
    {
        "replenish": true,
        "skus": [
            [
                "SKU-000017A",
                1
            ],
            [
                "SKU-000144C",
                1
            ],
            [
                "SKU-000292C",
                1
            ],
            [
                "SKU-000452D",
                1
            ],
            [
                "SKU-000237B",
                1
            ],
            [
                "SKU-000023D",
                1
            ],
            [
                "SKU-000418A",
                1
            ],
            [
                "SKU-000418B",
                1
            ],
            [
                "SKU-000217C",
                1
            ],
            [
                "SKU-000461B",
                1
            ]
        ],
        "pickTime": "2025-07-02 22:41:01"
    },
    {
        "replenish": true,
        "skus": [
            [
                "SKU-000248D",
                1
            ]
        ],
        "pickTime": "2025-07-03 01:35:22"
    },
    {
        "replenish": true,
        "skus": [
            [
                "SKU-000017A",
                1
            ],
            [
                "SKU-000382D",
                1
            ],
            [
                "SKU-000482C",
                1
            ],
            [
                "SKU-000025A",
                1
            ],
            [
                "SKU-000480A",
                1
            ],
            [
                "SKU-000042A",
                1
            ],
            [
                "SKU-000299C",
                1
            ],
            [
                "SKU-000359B",
                1
            ],
            [
                "SKU-000461B",
                1
            ],
            [
                "SKU-000409D",
                1
            ],
            [
                "SKU-000443B",
                1
            ]
        ],
        "pickTime": "2025-07-03 02:53:22"
    },
    {
        "replenish": true,
        "skus": [
            [
                "SKU-000492C",
                1
            ],
            [
                "SKU-000370D",
                1
            ],
            [
                "SKU-000119B",
                1
            ],
            [
                "SKU-000430B",
                1
            ]
        ],
        "pickTime": "2025-07-03 09:56:01"
    },
    {
        "replenish": true,
        "skus": [
            [
                "SKU-000458C",
                1
            ],
            [
                "SKU-000372B",
                1
            ]
        ],
        "pickTime": "2025-07-03 15:41:43"
    },
    {
        "replenish": true,
        "skus": [
            [
                "SKU-000323A",
                1
            ],
            [
                "SKU-000135B",
                1
            ],
            [
                "SKU-000454A",
                1
            ]
        ],
        "pickTime": "2025-07-04 00:13:39"
    },
    {
        "replenish": true,
        "skus": [
            [
                "SKU-000304C",
                1
            ],
            [
                "SKU-000338D",
                1
            ],
            [
                "SKU-000007D",
                1
            ],
            [
                "SKU-000452B",
                1
            ],
            [
                "SKU-000036C",
                1
            ],
            [
                "SKU-000126A",
                1
            ],
            [
                "SKU-000253D",
                1
            ],
            [
                "SKU-000002B",
                1
            ],
            [
                "SKU-000320B",
                1
            ]
        ],
        "pickTime": "2025-07-04 03:39:52"
    },
    {
        "replenish": true,
        "skus": [
            [
                "SKU-000426D",
                1
            ],
            [
                "SKU-000190D",
                1
            ],
            [
                "SKU-000386D",
                1
            ],
            [
                "SKU-000392D",
                1
            ],
            [
                "SKU-000255B",
                1
            ],
            [
                "SKU-000478C",
                1
            ],
            [
                "SKU-000289C",
                1
            ]
        ],
        "pickTime": "2025-07-04 17:11:12"
    },
    {
        "replenish": true,
        "skus": [
            [
                "SKU-000166D",
                1
            ],
            [
                "SKU-000451B",
                1
            ],
            [
                "SKU-000092C",
                1
            ],
            [
                "SKU-000116B",
                1
            ],
            [
                "SKU-000440B",
                1
            ]
        ],
        "pickTime": "2025-07-05 01:11:08"
    },
    {
        "replenish": true,
        "skus": [
            [
                "SKU-000257C",
                1
            ]
        ],
        "pickTime": "2025-07-06 12:31:38"
    },
    {
        "replenish": true,
        "skus": [
            [
                "SKU-000231C",
                1
            ],
            [
                "SKU-000190D",
                1
            ],
            [
                "SKU-000443B",
                1
            ],
            [
                "SKU-000175C",
                1
            ],
            [
                "SKU-000370A",
                1
            ],
            [
                "SKU-000160B",
                1
            ],
            [
                "SKU-000100D",
                1
            ],
            [
                "SKU-000164A",
                1
            ],
            [
                "SKU-000415A",
                1
            ]
        ],
        "pickTime": "2025-07-06 13:50:37"
    },
    {
        "replenish": true,
        "skus": [
            [
                "SKU-000425C",
                1
            ]
        ],
        "pickTime": "2025-07-06 16:22:58"
    },
    {
        "replenish": true,
        "skus": [
            [
                "SKU-000188B",
                1
            ]
        ],
        "pickTime": "2025-07-06 16:27:21"
    },
    {
        "replenish": true,
        "skus": [
            [
                "SKU-000299C",
                1
            ],
            [
                "SKU-000071C",
                1
            ],
            [
                "SKU-000174D",
                1
            ],
            [
                "SKU-000086B",
                1
            ],
            [
                "SKU-000443C",
                1
            ]
        ],
        "pickTime": "2025-07-07 13:22:44"
    },
    {
        "replenish": true,
        "skus": [
            [
                "SKU-000002D",
                1
            ],
            [
                "SKU-000364D",
                1
            ],
            [
                "SKU-000334B",
                1
            ]
        ],
        "pickTime": "2025-07-07 14:04:05"
    },
    {
        "replenish": true,
        "skus": [
            [
                "SKU-000482B",
                1
            ],
            [
                "SKU-000330D",
                1
            ],
            [
                "SKU-000199B",
                1
            ],
            [
                "SKU-000437D",
                1
            ],
            [
                "SKU-000223C",
                1
            ],
            [
                "SKU-000239C",
                1
            ],
            [
                "SKU-000487B",
                1
            ]
        ],
        "pickTime": "2025-07-07 15:08:56"
    },
    {
        "replenish": true,
        "skus": [
            [
                "SKU-000282D",
                1
            ],
            [
                "SKU-000162B",
                1
            ],
            [
                "SKU-000373A",
                1
            ],
            [
                "SKU-000495A",
                1
            ],
            [
                "SKU-000057A",
                1
            ],
            [
                "SKU-000223C",
                1
            ],
            [
                "SKU-000400C",
                1
            ],
            [
                "SKU-000311A",
                1
            ],
            [
                "SKU-000092A",
                1
            ],
            [
                "SKU-000043A",
                1
            ]
        ],
        "pickTime": "2025-07-08 07:37:35"
    },
    {
        "replenish": true,
        "skus": [
            [
                "SKU-000363D",
                1
            ],
            [
                "SKU-000478C",
                1
            ],
            [
                "SKU-000478C",
                1
            ],
            [
                "SKU-000116B",
                1
            ],
            [
                "SKU-000040C",
                1
            ],
            [
                "SKU-000096D",
                1
            ],
            [
                "SKU-000158D",
                1
            ]
        ],
        "pickTime": "2025-07-08 08:13:33"
    },
    {
        "replenish": true,
        "skus": [
            [
                "SKU-000117D",
                1
            ],
            [
                "SKU-000440B",
                1
            ],
            [
                "SKU-000301B",
                1
            ],
            [
                "SKU-000437A",
                1
            ],
            [
                "SKU-000478C",
                1
            ],
            [
                "SKU-000306B",
                1
            ],
            [
                "SKU-000373A",
                1
            ],
            [
                "SKU-000434C",
                1
            ],
            [
                "SKU-000259C",
                1
            ],
            [
                "SKU-000283C",
                1
            ],
            [
                "SKU-000133D",
                1
            ],
            [
                "SKU-000213C",
                1
            ],
            [
                "SKU-000289C",
                1
            ],
            [
                "SKU-000323C",
                1
            ],
            [
                "SKU-000135B",
                1
            ],
            [
                "SKU-000345C",
                1
            ],
            [
                "SKU-000452A",
                1
            ],
            [
                "SKU-000066C",
                1
            ],
            [
                "SKU-000079D",
                1
            ]
        ],
        "pickTime": "2025-07-08 11:08:25"
    },
    {
        "replenish": true,
        "skus": [
            [
                "SKU-000077C",
                1
            ]
        ],
        "pickTime": "2025-07-08 12:45:29"
    },
    {
        "replenish": true,
        "skus": [
            [
                "SKU-000279A",
                1
            ],
            [
                "SKU-000301B",
                1
            ],
            [
                "SKU-000072C",
                1
            ],
            [
                "SKU-000365D",
                1
            ],
            [
                "SKU-000384D",
                1
            ],
            [
                "SKU-000440B",
                1
            ],
            [
                "SKU-000196D",
                1
            ],
            [
                "SKU-000223C",
                1
            ],
            [
                "SKU-000443C",
                1
            ],
            [
                "SKU-000289B",
                1
            ],
            [
                "SKU-000415B",
                1
            ],
            [
                "SKU-000368B",
                1
            ],
            [
                "SKU-000319A",
                1
            ],
            [
                "SKU-000064D",
                1
            ],
            [
                "SKU-000437A",
                1
            ],
            [
                "SKU-000480C",
                1
            ],
            [
                "SKU-000342C",
                1
            ],
            [
                "SKU-000422C",
                1
            ]
        ],
        "pickTime": "2025-07-09 05:17:00"
    },
    {
        "replenish": true,
        "skus": [
            [
                "SKU-000228D",
                1
            ],
            [
                "SKU-000307B",
                1
            ],
            [
                "SKU-000319C",
                1
            ],
            [
                "SKU-000109B",
                1
            ],
            [
                "SKU-000255D",
                1
            ],
            [
                "SKU-000434A",
                1
            ],
            [
                "SKU-000360A",
                1
            ],
            [
                "SKU-000265A",
                1
            ],
            [
                "SKU-000437C",
                1
            ],
            [
                "SKU-000256D",
                1
            ],
            [
                "SKU-000342C",
                1
            ]
        ],
        "pickTime": "2025-07-09 11:24:46"
    },
    {
        "replenish": true,
        "skus": [
            [
                "SKU-000207D",
                1
            ],
            [
                "SKU-000121A",
                1
            ]
        ],
        "pickTime": "2025-07-09 22:41:50"
    },
    {
        "replenish": true,
        "skus": [
            [
                "SKU-000070B",
                1
            ]
        ],
        "pickTime": "2025-07-10 05:24:46"
    },
    {
        "replenish": true,
        "skus": [
            [
                "SKU-000014A",
                1
            ],
            [
                "SKU-000262A",
                1
            ],
            [
                "SKU-000079A",
                1
            ],
            [
                "SKU-000283C",
                1
            ],
            [
                "SKU-000017A",
                1
            ],
            [
                "SKU-000223C",
                1
            ],
            [
                "SKU-000056A",
                1
            ],
            [
                "SKU-000079B",
                1
            ],
            [
                "SKU-000121A",
                1
            ],
            [
                "SKU-000229D",
                1
            ],
            [
                "SKU-000341C",
                1
            ],
            [
                "SKU-000124A",
                1
            ],
            [
                "SKU-000058C",
                1
            ],
            [
                "SKU-000303C",
                1
            ],
            [
                "SKU-000390C",
                1
            ],
            [
                "SKU-000299A",
                1
            ],
            [
                "SKU-000434A",
                1
            ],
            [
                "SKU-000035B",
                1
            ],
            [
                "SKU-000165D",
                1
            ],
            [
                "SKU-000297C",
                1
            ],
            [
                "SKU-000414B",
                1
            ],
            [
                "SKU-000199A",
                1
            ],
            [
                "SKU-000181A",
                1
            ],
            [
                "SKU-000176C",
                1
            ],
            [
                "SKU-000464A",
                1
            ],
            [
                "SKU-000487D",
                1
            ],
            [
                "SKU-000362B",
                1
            ],
            [
                "SKU-000476C",
                1
            ],
            [
                "SKU-000096C",
                1
            ],
            [
                "SKU-000191D",
                1
            ]
        ],
        "pickTime": "2025-07-10 05:38:53"
    },
    {
        "replenish": true,
        "skus": [
            [
                "SKU-000472D",
                1
            ],
            [
                "SKU-000280B",
                1
            ],
            [
                "SKU-000029A",
                1
            ],
            [
                "SKU-000133D",
                1
            ],
            [
                "SKU-000090B",
                1
            ],
            [
                "SKU-000339B",
                1
            ],
            [
                "SKU-000451B",
                1
            ],
            [
                "SKU-000471D",
                1
            ],
            [
                "SKU-000245C",
                1
            ],
            [
                "SKU-000301B",
                1
            ],
            [
                "SKU-000485C",
                1
            ],
            [
                "SKU-000061A",
                1
            ],
            [
                "SKU-000212D",
                1
            ]
        ],
        "pickTime": "2025-07-10 08:40:48"
    },
    {
        "replenish": true,
        "skus": [
            [
                "SKU-000320B",
                1
            ],
            [
                "SKU-000468D",
                1
            ],
            [
                "SKU-000428B",
                1
            ],
            [
                "SKU-000037A",
                1
            ],
            [
                "SKU-000339D",
                1
            ],
            [
                "SKU-000494D",
                1
            ],
            [
                "SKU-000041B",
                1
            ],
            [
                "SKU-000266D",
                1
            ],
            [
                "SKU-000117C",
                1
            ],
            [
                "SKU-000448A",
                1
            ],
            [
                "SKU-000437B",
                1
            ],
            [
                "SKU-000493C",
                1
            ],
            [
                "SKU-000478C",
                1
            ],
            [
                "SKU-000043B",
                1
            ],
            [
                "SKU-000421B",
                1
            ],
            [
                "SKU-000081A",
                1
            ],
            [
                "SKU-000158C",
                1
            ],
            [
                "SKU-000016B",
                1
            ],
            [
                "SKU-000478C",
                1
            ]
        ],
        "pickTime": "2025-07-10 13:17:31"
    },
    {
        "replenish": true,
        "skus": [
            [
                "SKU-000381A",
                1
            ],
            [
                "SKU-000485C",
                1
            ]
        ],
        "pickTime": "2025-07-10 14:25:39"
    },
    {
        "replenish": true,
        "skus": [
            [
                "SKU-000066B",
                1
            ],
            [
                "SKU-000323B",
                1
            ],
            [
                "SKU-000427D",
                1
            ],
            [
                "SKU-000092A",
                1
            ],
            [
                "SKU-000383C",
                1
            ],
            [
                "SKU-000144C",
                1
            ],
            [
                "SKU-000100C",
                1
            ]
        ],
        "pickTime": "2025-07-10 18:10:25"
    },
    {
        "replenish": true,
        "skus": [
            [
                "SKU-000363D",
                1
            ]
        ],
        "pickTime": "2025-07-11 04:43:15"
    },
    {
        "replenish": true,
        "skus": [
            [
                "SKU-000225B",
                1
            ],
            [
                "SKU-000141B",
                1
            ],
            [
                "SKU-000345B",
                1
            ],
            [
                "SKU-000275C",
                1
            ]
        ],
        "pickTime": "2025-07-11 07:44:35"
    },
    {
        "replenish": true,
        "skus": [
            [
                "SKU-000197C",
                1
            ],
            [
                "SKU-000272D",
                1
            ],
            [
                "SKU-000085B",
                1
            ]
        ],
        "pickTime": "2025-07-11 14:08:31"
    },
    {
        "replenish": true,
        "skus": [
            [
                "SKU-000315D",
                1
            ]
        ],
        "pickTime": "2025-07-11 18:12:49"
    },
    {
        "replenish": true,
        "skus": [
            [
                "SKU-000186B",
                1
            ]
        ],
        "pickTime": "2025-07-12 16:54:34"
    },
    {
        "replenish": true,
        "skus": [
            [
                "SKU-000351D",
                1
            ],
            [
                "SKU-000135B",
                1
            ],
            [
                "SKU-000217C",
                1
            ],
            [
                "SKU-000364B",
                1
            ],
            [
                "SKU-000329B",
                1
            ],
            [
                "SKU-000490A",
                1
            ],
            [
                "SKU-000378D",
                1
            ],
            [
                "SKU-000014A",
                1
            ],
            [
                "SKU-000373A",
                1
            ],
            [
                "SKU-000437A",
                1
            ]
        ],
        "pickTime": "2025-07-12 23:39:55"
    },
    {
        "replenish": true,
        "skus": [
            [
                "SKU-000472B",
                1
            ],
            [
                "SKU-000107D",
                1
            ]
        ],
        "pickTime": "2025-07-13 00:02:11"
    },
    {
        "replenish": true,
        "skus": [
            [
                "SKU-000346D",
                1
            ],
            [
                "SKU-000176D",
                1
            ],
            [
                "SKU-000284B",
                1
            ],
            [
                "SKU-000158C",
                1
            ],
            [
                "SKU-000427D",
                1
            ],
            [
                "SKU-000158C",
                1
            ],
            [
                "SKU-000133D",
                1
            ],
            [
                "SKU-000057C",
                1
            ],
            [
                "SKU-000267C",
                1
            ],
            [
                "SKU-000175C",
                1
            ],
            [
                "SKU-000277B",
                1
            ],
            [
                "SKU-000478C",
                1
            ],
            [
                "SKU-000019C",
                1
            ],
            [
                "SKU-000455A",
                1
            ]
        ],
        "pickTime": "2025-07-13 02:29:41"
    },
    {
        "replenish": true,
        "skus": [
            [
                "SKU-000311B",
                1
            ],
            [
                "SKU-000495C",
                1
            ],
            [
                "SKU-000346D",
                1
            ]
        ],
        "pickTime": "2025-07-13 07:51:03"
    },
    {
        "replenish": true,
        "skus": [
            [
                "SKU-000167D",
                1
            ],
            [
                "SKU-000391B",
                1
            ]
        ],
        "pickTime": "2025-07-14 16:35:56"
    },
    {
        "replenish": true,
        "skus": [
            [
                "SKU-000479C",
                1
            ],
            [
                "SKU-000002D",
                1
            ],
            [
                "SKU-000149C",
                1
            ],
            [
                "SKU-000066A",
                1
            ],
            [
                "SKU-000268A",
                1
            ],
            [
                "SKU-000264C",
                1
            ],
            [
                "SKU-000048C",
                1
            ],
            [
                "SKU-000438D",
                1
            ],
            [
                "SKU-000365D",
                1
            ],
            [
                "SKU-000199B",
                1
            ],
            [
                "SKU-000470B",
                1
            ]
        ],
        "pickTime": "2025-07-14 19:05:00"
    },
    {
        "replenish": true,
        "skus": [
            [
                "SKU-000036B",
                1
            ],
            [
                "SKU-000309A",
                1
            ],
            [
                "SKU-000284A",
                1
            ],
            [
                "SKU-000320B",
                1
            ]
        ],
        "pickTime": "2025-07-14 23:37:51"
    },
    {
        "replenish": true,
        "skus": [
            [
                "SKU-000352C",
                1
            ],
            [
                "SKU-000500D",
                1
            ],
            [
                "SKU-000283C",
                1
            ]
        ],
        "pickTime": "2025-07-15 14:24:00"
    },
    {
        "replenish": false,
        "skus": [
            [
                "SKU-000348A",
                1
            ],
            [
                "SKU-000346D",
                1
            ]
        ],
        "pickTime": "2025-07-16 08:47:58"
    },
    {
        "replenish": false,
        "skus": [
            [
                "SKU-000286A",
                1
            ]
        ],
        "pickTime": "2025-07-16 14:09:40"
    },
    {
        "replenish": false,
        "skus": [
            [
                "SKU-000223C",
                1
            ]
        ],
        "pickTime": "2025-07-16 17:58:57"
    },
    {
        "replenish": false,
        "skus": [
            [
                "SKU-000011B",
                1
            ],
            [
                "SKU-000262A",
                1
            ],
            [
                "SKU-000327D",
                1
            ],
            [
                "SKU-000240D",
                1
            ],
            [
                "SKU-000494D",
                1
            ],
            [
                "SKU-000275C",
                1
            ],
            [
                "SKU-000390C",
                1
            ],
            [
                "SKU-000285D",
                1
            ],
            [
                "SKU-000021B",
                1
            ]
        ],
        "pickTime": "2025-07-17 16:51:29"
    },
    {
        "replenish": false,
        "skus": [
            [
                "SKU-000360A",
                1
            ],
            [
                "SKU-000440B",
                1
            ]
        ],
        "pickTime": "2025-07-17 19:04:43"
    },
    {
        "replenish": false,
        "skus": [
            [
                "SKU-000409C",
                1
            ],
            [
                "SKU-000369A",
                1
            ]
        ],
        "pickTime": "2025-07-18 09:01:44"
    },
    {
        "replenish": false,
        "skus": [
            [
                "SKU-000085A",
                1
            ],
            [
                "SKU-000081A",
                1
            ]
        ],
        "pickTime": "2025-07-18 10:34:33"
    },
    {
        "replenish": false,
        "skus": [
            [
                "SKU-000175C",
                1
            ],
            [
                "SKU-000386D",
                1
            ],
            [
                "SKU-000198B",
                1
            ],
            [
                "SKU-000151D",
                1
            ],
            [
                "SKU-000187A",
                1
            ],
            [
                "SKU-000205D",
                1
            ],
            [
                "SKU-000087A",
                1
            ]
        ],
        "pickTime": "2025-07-18 22:24:41"
    },
    {
        "replenish": false,
        "skus": [
            [
                "SKU-000212B",
                1
            ],
            [
                "SKU-000467B",
                1
            ],
            [
                "SKU-000283B",
                1
            ],
            [
                "SKU-000309A",
                1
            ],
            [
                "SKU-000114D",
                1
            ],
            [
                "SKU-000079A",
                1
            ]
        ],
        "pickTime": "2025-07-19 06:19:20"
    },
    {
        "replenish": false,
        "skus": [
            [
                "SKU-000241D",
                1
            ],
            [
                "SKU-000394B",
                1
            ]
        ],
        "pickTime": "2025-07-19 07:09:07"
    },
    {
        "replenish": false,
        "skus": [
            [
                "SKU-000386D",
                1
            ],
            [
                "SKU-000331D",
                1
            ],
            [
                "SKU-000015A",
                1
            ],
            [
                "SKU-000377A",
                1
            ]
        ],
        "pickTime": "2025-07-19 10:17:43"
    },
    {
        "replenish": false,
        "skus": [
            [
                "SKU-000126D",
                1
            ],
            [
                "SKU-000200C",
                1
            ],
            [
                "SKU-000074B",
                1
            ]
        ],
        "pickTime": "2025-07-19 14:58:31"
    },
    {
        "replenish": false,
        "skus": [
            [
                "SKU-000444C",
                1
            ],
            [
                "SKU-000096D",
                1
            ],
            [
                "SKU-000029C",
                1
            ],
            [
                "SKU-000266A",
                1
            ]
        ],
        "pickTime": "2025-07-20 03:22:38"
    },
    {
        "replenish": false,
        "skus": [
            [
                "SKU-000451B",
                1
            ]
        ],
        "pickTime": "2025-07-20 03:39:57"
    },
    {
        "replenish": false,
        "skus": [
            [
                "SKU-000261A",
                1
            ]
        ],
        "pickTime": "2025-07-20 04:50:21"
    },
    {
        "replenish": false,
        "skus": [
            [
                "SKU-000152A",
                1
            ]
        ],
        "pickTime": "2025-07-20 18:03:49"
    },
    {
        "replenish": false,
        "skus": [
            [
                "SKU-000392D",
                1
            ]
        ],
        "pickTime": "2025-07-20 18:30:23"
    },
    {
        "replenish": false,
        "skus": [
            [
                "SKU-000128D",
                1
            ],
            [
                "SKU-000119D",
                1
            ],
            [
                "SKU-000499A",
                1
            ],
            [
                "SKU-000427A",
                1
            ],
            [
                "SKU-000187A",
                1
            ]
        ],
        "pickTime": "2025-07-21 01:33:04"
    },
    {
        "replenish": false,
        "skus": [
            [
                "SKU-000061D",
                1
            ],
            [
                "SKU-000268A",
                1
            ],
            [
                "SKU-000498D",
                1
            ]
        ],
        "pickTime": "2025-07-21 09:00:33"
    },
    {
        "replenish": false,
        "skus": [
            [
                "SKU-000333C",
                1
            ],
            [
                "SKU-000042C",
                1
            ]
        ],
        "pickTime": "2025-07-21 11:18:56"
    },
    {
        "replenish": false,
        "skus": [
            [
                "SKU-000367D",
                1
            ],
            [
                "SKU-000104D",
                1
            ],
            [
                "SKU-000321B",
                1
            ],
            [
                "SKU-000240B",
                1
            ],
            [
                "SKU-000454D",
                1
            ],
            [
                "SKU-000383D",
                1
            ],
            [
                "SKU-000346D",
                1
            ]
        ],
        "pickTime": "2025-07-22 04:59:16"
    },
    {
        "replenish": false,
        "skus": [
            [
                "SKU-000249D",
                1
            ]
        ],
        "pickTime": "2025-07-22 05:23:16"
    },
    {
        "replenish": false,
        "skus": [
            [
                "SKU-000075B",
                1
            ]
        ],
        "pickTime": "2025-07-22 13:27:48"
    },
    {
        "replenish": false,
        "skus": [
            [
                "SKU-000209B",
                1
            ]
        ],
        "pickTime": "2025-07-22 16:47:38"
    },
    {
        "replenish": false,
        "skus": [
            [
                "SKU-000119D",
                1
            ]
        ],
        "pickTime": "2025-07-23 00:57:26"
    },
    {
        "replenish": false,
        "skus": [
            [
                "SKU-000157B",
                1
            ],
            [
                "SKU-000116B",
                1
            ]
        ],
        "pickTime": "2025-07-23 02:04:24"
    },
    {
        "replenish": false,
        "skus": [
            [
                "SKU-000397A",
                1
            ],
            [
                "SKU-000092D",
                1
            ],
            [
                "SKU-000255D",
                1
            ],
            [
                "SKU-000181A",
                1
            ],
            [
                "SKU-000471D",
                1
            ],
            [
                "SKU-000270B",
                1
            ],
            [
                "SKU-000061A",
                1
            ]
        ],
        "pickTime": "2025-07-25 01:56:57"
    },
    {
        "replenish": false,
        "skus": [
            [
                "SKU-000224D",
                1
            ]
        ],
        "pickTime": "2025-07-25 06:17:53"
    },
    {
        "replenish": false,
        "skus": [
            [
                "SKU-000071C",
                1
            ],
            [
                "SKU-000360A",
                1
            ],
            [
                "SKU-000481D",
                1
            ],
            [
                "SKU-000286A",
                1
            ],
            [
                "SKU-000350B",
                1
            ],
            [
                "SKU-000351C",
                1
            ],
            [
                "SKU-000196A",
                1
            ]
        ],
        "pickTime": "2025-07-25 21:04:15"
    },
    {
        "replenish": false,
        "skus": [
            [
                "SKU-000390C",
                1
            ],
            [
                "SKU-000236B",
                1
            ],
            [
                "SKU-000350B",
                1
            ]
        ],
        "pickTime": "2025-07-25 23:40:43"
    },
    {
        "replenish": false,
        "skus": [
            [
                "SKU-000478C",
                1
            ],
            [
                "SKU-000285D",
                1
            ],
            [
                "SKU-000124A",
                1
            ],
            [
                "SKU-000109B",
                1
            ],
            [
                "SKU-000361B",
                1
            ],
            [
                "SKU-000348C",
                1
            ],
            [
                "SKU-000437C",
                1
            ],
            [
                "SKU-000302B",
                1
            ],
            [
                "SKU-000086D",
                1
            ],
            [
                "SKU-000229A",
                1
            ],
            [
                "SKU-000408B",
                1
            ]
        ],
        "pickTime": "2025-07-26 02:23:27"
    },
    {
        "replenish": false,
        "skus": [
            [
                "SKU-000151D",
                1
            ]
        ],
        "pickTime": "2025-07-26 17:13:05"
    },
    {
        "replenish": false,
        "skus": [
            [
                "SKU-000192D",
                1
            ],
            [
                "SKU-000417B",
                1
            ],
            [
                "SKU-000098B",
                1
            ],
            [
                "SKU-000089D",
                1
            ]
        ],
        "pickTime": "2025-07-26 18:22:38"
    },
    {
        "replenish": false,
        "skus": [
            [
                "SKU-000119D",
                1
            ],
            [
                "SKU-000029D",
                1
            ],
            [
                "SKU-000426D",
                1
            ],
            [
                "SKU-000262A",
                1
            ],
            [
                "SKU-000262A",
                1
            ],
            [
                "SKU-000173D",
                1
            ],
            [
                "SKU-000461B",
                1
            ],
            [
                "SKU-000109B",
                1
            ]
        ],
        "pickTime": "2025-07-26 20:22:21"
    },
    {
        "replenish": false,
        "skus": [
            [
                "SKU-000040C",
                1
            ]
        ],
        "pickTime": "2025-07-27 00:26:09"
    },
    {
        "replenish": false,
        "skus": [
            [
                "SKU-000239A",
                1
            ]
        ],
        "pickTime": "2025-07-27 00:54:49"
    },
    {
        "replenish": false,
        "skus": [
            [
                "SKU-000415B",
                1
            ],
            [
                "SKU-000380D",
                1
            ],
            [
                "SKU-000362C",
                1
            ],
            [
                "SKU-000163A",
                1
            ],
            [
                "SKU-000175C",
                1
            ],
            [
                "SKU-000113C",
                1
            ],
            [
                "SKU-000294C",
                1
            ],
            [
                "SKU-000078D",
                1
            ],
            [
                "SKU-000124A",
                1
            ]
        ],
        "pickTime": "2025-07-27 03:43:27"
    },
    {
        "replenish": false,
        "skus": [
            [
                "SKU-000263D",
                1
            ],
            [
                "SKU-000211A",
                1
            ],
            [
                "SKU-000437B",
                1
            ],
            [
                "SKU-000414B",
                1
            ]
        ],
        "pickTime": "2025-07-27 12:01:19"
    },
    {
        "replenish": false,
        "skus": [
            [
                "SKU-000393B",
                1
            ],
            [
                "SKU-000023D",
                1
            ]
        ],
        "pickTime": "2025-07-27 16:36:16"
    },
    {
        "replenish": false,
        "skus": [
            [
                "SKU-000021B",
                1
            ],
            [
                "SKU-000488D",
                1
            ],
            [
                "SKU-000365A",
                1
            ],
            [
                "SKU-000243D",
                1
            ],
            [
                "SKU-000077A",
                1
            ],
            [
                "SKU-000378A",
                1
            ]
        ],
        "pickTime": "2025-07-27 18:13:14"
    },
    {
        "replenish": false,
        "skus": [
            [
                "SKU-000123B",
                1
            ],
            [
                "SKU-000032C",
                1
            ],
            [
                "SKU-000058C",
                1
            ],
            [
                "SKU-000440C",
                1
            ]
        ],
        "pickTime": "2025-07-27 20:47:19"
    },
    {
        "replenish": false,
        "skus": [
            [
                "SKU-000175C",
                1
            ]
        ],
        "pickTime": "2025-07-27 21:27:23"
    },
    {
        "replenish": false,
        "skus": [
            [
                "SKU-000301B",
                1
            ],
            [
                "SKU-000440C",
                1
            ],
            [
                "SKU-000005C",
                1
            ],
            [
                "SKU-000244A",
                1
            ],
            [
                "SKU-000037A",
                1
            ],
            [
                "SKU-000349A",
                1
            ]
        ],
        "pickTime": "2025-07-27 22:21:59"
    },
    {
        "replenish": false,
        "skus": [
            [
                "SKU-000250C",
                1
            ]
        ],
        "pickTime": "2025-07-28 07:13:42"
    },
    {
        "replenish": false,
        "skus": [
            [
                "SKU-000494A",
                1
            ],
            [
                "SKU-000302D",
                1
            ],
            [
                "SKU-000392D",
                1
            ],
            [
                "SKU-000272C",
                1
            ],
            [
                "SKU-000046C",
                1
            ]
        ],
        "pickTime": "2025-07-29 11:40:43"
    },
    {
        "replenish": false,
        "skus": [
            [
                "SKU-000214A",
                1
            ],
            [
                "SKU-000260B",
                1
            ]
        ],
        "pickTime": "2025-07-29 12:12:33"
    },
    {
        "replenish": false,
        "skus": [
            [
                "SKU-000211D",
                1
            ]
        ],
        "pickTime": "2025-07-29 15:04:48"
    },
    {
        "replenish": false,
        "skus": [
            [
                "SKU-000497D",
                1
            ],
            [
                "SKU-000097C",
                1
            ],
            [
                "SKU-000027A",
                1
            ],
            [
                "SKU-000434A",
                1
            ],
            [
                "SKU-000366B",
                1
            ]
        ],
        "pickTime": "2025-07-29 22:04:33"
    },
    {
        "replenish": false,
        "skus": [
            [
                "SKU-000190D",
                1
            ],
            [
                "SKU-000309A",
                1
            ]
        ],
        "pickTime": "2025-07-30 13:53:55"
    },
    {
        "replenish": false,
        "skus": [
            [
                "SKU-000023D",
                1
            ]
        ],
        "pickTime": "2025-07-30 22:23:55"
    }
]