[
    {
        "replenish": true,
        "skus": [
            [
                "SKU-000221C",
                1
            ],
            [
                "SKU-000181D",
                1
            ],
            [
                "SKU-000081C",
                1
            ],
            [
                "SKU-000023B",
                1
            ],
            [
                "SKU-000488A",
                1
            ],
            [
                "SKU-000057B",
                1
            ],
            [
                "SKU-000456C",
                1
            ],
            [
                "SKU-000237B",
                1
            ],
            [
                "SKU-000296D",
                1
            ],
            [
                "SKU-000081A",
                1
            ],
            [
                "SKU-000144C",
                1
            ]
        ],
        "pickTime": "2025-07-01 15:52:44"
    },
    {
        "replenish": true,
        "skus": [
            [
                "SKU-000342C",
                1
            ],
            [
                "SKU-000151B",
                1
            ],
            [
                "SKU-000227C",
                1
            ],
            [
                "SKU-000299B",
                1
            ],
            [
                "SKU-000254D",
                1
            ],
            [
                "SKU-000471D",
                1
            ]
        ],
        "pickTime": "2025-07-01 19:36:09"
    },
    {
        "replenish": true,
        "skus": [
            [
                "SKU-000351C",
                1
            ]
        ],
        "pickTime": "2025-07-02 02:36:19"
    },
    {
        "replenish": true,
        "skus": [
            [
                "SKU-000140C",
                1
            ],
            [
                "SKU-000431D",
                1
            ],
            [
                "SKU-000025A",
                1
            ],
            [
                "SKU-000297C",
                1
            ],
            [
                "SKU-000018C",
                1
            ],
            [
                "SKU-000254D",
                1
            ],
            [
                "SKU-000019B",
                1
            ],
            [
                "SKU-000141B",
                1
            ],
            [
                "SKU-000229B",
                1
            ]
        ],
        "pickTime": "2025-07-02 10:06:57"
    },
    {
        "replenish": true,
        "skus": [
            [
                "SKU-000248D",
                1
            ],
            [
                "SKU-000058C",
                1
            ],
            [
                "SKU-000480D",
                1
            ],
            [
                "SKU-000188B",
                1
            ],
            [
                "SKU-000376C",
                1
            ],
            [
                "SKU-000031B",
                1
            ],
            [
                "SKU-000306A",
                1
            ],
            [
                "SKU-000349B",
                1
            ],
            [
                "SKU-000170A",
                1
            ],
            [
                "SKU-000342C",
                1
            ],
            [
                "SKU-000210D",
                1
            ],
            [
                "SKU-000466B",
                1
            ],
            [
                "SKU-000412A",
                1
            ],
            [
                "SKU-000306C",
                1
            ],
            [
                "SKU-000460D",
                1
            ],
            [
                "SKU-000413C",
                1
            ],
            [
                "SKU-000334D",
                1
            ],
            [
                "SKU-000125D",
                1
            ],
            [
                "SKU-000079D",
                1
            ]
        ],
        "pickTime": "2025-07-02 21:43:48"
    },
    {
        "replenish": true,
        "skus": [
            [
                "SKU-000333D",
                1
            ]
        ],
        "pickTime": "2025-07-02 22:12:44"
    },
    {
        "replenish": true,
        "skus": [
            [
                "SKU-000256A",
                1
            ],
            [
                "SKU-000205D",
                1
            ],
            [
                "SKU-000137B",
                1
            ],
            [
                "SKU-000251B",
                1
            ],
            [
                "SKU-000409A",
                1
            ],
            [
                "SKU-000127D",
                1
            ],
            [
                "SKU-000241A",
                1
            ],
            [
                "SKU-000421A",
                1
            ],
            [
                "SKU-000428C",
                1
            ],
            [
                "SKU-000285B",
                1
            ],
            [
                "SKU-000078D",
                1
            ],
            [
                "SKU-000157D",
                1
            ],
            [
                "SKU-000414B",
                1
            ],
            [
                "SKU-000306A",
                1
            ],
            [
                "SKU-000478D",
                1
            ],
            [
                "SKU-000186C",
                1
            ],
            [
                "SKU-000439C",
                1
            ],
            [
                "SKU-000416B",
                1
            ],
            [
                "SKU-000148D",
                1
            ],
            [
                "SKU-000465A",
                1
            ],
            [
                "SKU-000181D",
                1
            ],
            [
                "SKU-000202B",
                1
            ],
            [
                "SKU-000341D",
                1
            ],
            [
                "SKU-000075A",
                1
            ],
            [
                "SKU-000418A",
                1
            ]
        ],
        "pickTime": "2025-07-02 23:22:28"
    },
    {
        "replenish": true,
        "skus": [
            [
                "SKU-000179C",
                1
            ],
            [
                "SKU-000257D",
                1
            ],
            [
                "SKU-000151B",
                1
            ],
            [
                "SKU-000481B",
                1
            ],
            [
                "SKU-000096B",
                1
            ],
            [
                "SKU-000423D",
                1
            ],
            [
                "SKU-000408C",
                1
            ],
            [
                "SKU-000424C",
                1
            ],
            [
                "SKU-000061D",
                1
            ],
            [
                "SKU-000176A",
                1
            ],
            [
                "SKU-000461C",
                1
            ],
            [
                "SKU-000237B",
                1
            ],
            [
                "SKU-000274D",
                1
            ],
            [
                "SKU-000075A",
                1
            ],
            [
                "SKU-000187D",
                1
            ],
            [
                "SKU-000354C",
                1
            ],
            [
                "SKU-000395C",
                1
            ],
            [
                "SKU-000339C",
                1
            ],
            [
                "SKU-000383B",
                1
            ]
        ],
        "pickTime": "2025-07-03 01:08:43"
    },
    {
        "replenish": true,
        "skus": [
            [
                "SKU-000319C",
                1
            ],
            [
                "SKU-000296C",
                1
            ],
            [
                "SKU-000198C",
                1
            ],
            [
                "SKU-000389B",
                1
            ],
            [
                "SKU-000014D",
                1
            ],
            [
                "SKU-000373A",
                1
            ],
            [
                "SKU-000229D",
                1
            ],
            [
                "SKU-000488D",
                1
            ],
            [
                "SKU-000091D",
                1
            ],
            [
                "SKU-000424A",
                1
            ],
            [
                "SKU-000486D",
                1
            ],
            [
                "SKU-000043B",
                1
            ],
            [
                "SKU-000103C",
                1
            ],
            [
                "SKU-000002A",
                1
            ],
            [
                "SKU-000208D",
                1
            ]
        ],
        "pickTime": "2025-07-03 08:47:23"
    },
    {
        "replenish": true,
        "skus": [
            [
                "SKU-000273B",
                1
            ],
            [
                "SKU-000058D",
                1
            ],
            [
                "SKU-000494A",
                1
            ]
        ],
        "pickTime": "2025-07-03 12:04:52"
    },
    {
        "replenish": true,
        "skus": [
            [
                "SKU-000336D",
                1
            ],
            [
                "SKU-000496C",
                1
            ],
            [
                "SKU-000201B",
                1
            ],
            [
                "SKU-000047A",
                1
            ]
        ],
        "pickTime": "2025-07-03 19:50:10"
    },
    {
        "replenish": true,
        "skus": [
            [
                "SKU-000224D",
                1
            ],
            [
                "SKU-000209B",
                1
            ],
            [
                "SKU-000351B",
                1
            ],
            [
                "SKU-000236B",
                1
            ],
            [
                "SKU-000001C",
                1
            ],
            [
                "SKU-000138D",
                1
            ],
            [
                "SKU-000494B",
                1
            ],
            [
                "SKU-000270B",
                1
            ],
            [
                "SKU-000349B",
                1
            ],
            [
                "SKU-000294D",
                1
            ],
            [
                "SKU-000273C",
                1
            ],
            [
                "SKU-000037C",
                1
            ],
            [
                "SKU-000420D",
                1
            ],
            [
                "SKU-000102C",
                1
            ],
            [
                "SKU-000248D",
                1
            ],
            [
                "SKU-000198C",
                1
            ],
            [
                "SKU-000437B",
                1
            ],
            [
                "SKU-000421B",
                1
            ],
            [
                "SKU-000041A",
                1
            ],
            [
                "SKU-000253B",
                1
            ],
            [
                "SKU-000246C",
                1
            ],
            [
                "SKU-000093D",
                1
            ],
            [
                "SKU-000296D",
                1
            ],
            [
                "SKU-000361D",
                1
            ],
            [
                "SKU-000124A",
                1
            ],
            [
                "SKU-000040D",
                1
            ]
        ],
        "pickTime": "2025-07-03 23:58:48"
    },
    {
        "replenish": true,
        "skus": [
            [
                "SKU-000396A",
                1
            ],
            [
                "SKU-000408C",
                1
            ],
            [
                "SKU-000411C",
                1
            ],
            [
                "SKU-000333D",
                1
            ]
        ],
        "pickTime": "2025-07-04 01:53:34"
    },
    {
        "replenish": true,
        "skus": [
            [
                "SKU-000476D",
                1
            ],
            [
                "SKU-000350B",
                1
            ],
            [
                "SKU-000248D",
                1
            ],
            [
                "SKU-000430B",
                1
            ],
            [
                "SKU-000089B",
                1
            ],
            [
                "SKU-000129C",
                1
            ],
            [
                "SKU-000356D",
                1
            ],
            [
                "SKU-000149C",
                1
            ],
            [
                "SKU-000329A",
                1
            ],
            [
                "SKU-000306C",
                1
            ],
            [
                "SKU-000061D",
                1
            ]
        ],
        "pickTime": "2025-07-04 05:57:43"
    },
    {
        "replenish": true,
        "skus": [
            [
                "SKU-000187A",
                1
            ],
            [
                "SKU-000125C",
                1
            ],
            [
                "SKU-000067C",
                1
            ],
            [
                "SKU-000092D",
                1
            ],
            [
                "SKU-000215C",
                1
            ],
            [
                "SKU-000433B",
                1
            ],
            [
                "SKU-000257C",
                1
            ],
            [
                "SKU-000059C",
                1
            ],
            [
                "SKU-000430C",
                1
            ]
        ],
        "pickTime": "2025-07-04 12:29:17"
    },
    {
        "replenish": true,
        "skus": [
            [
                "SKU-000157C",
                1
            ],
            [
                "SKU-000222B",
                1
            ],
            [
                "SKU-000052C",
                1
            ],
            [
                "SKU-000138D",
                1
            ]
        ],
        "pickTime": "2025-07-04 14:27:04"
    },
    {
        "replenish": true,
        "skus": [
            [
                "SKU-000204C",
                1
            ],
            [
                "SKU-000191D",
                1
            ]
        ],
        "pickTime": "2025-07-04 14:48:04"
    },
    {
        "replenish": true,
        "skus": [
            [
                "SKU-000406D",
                1
            ],
            [
                "SKU-000141B",
                1
            ],
            [
                "SKU-000035B",
                1
            ],
            [
                "SKU-000350A",
                1
            ],
            [
                "SKU-000153A",
                1
            ],
            [
                "SKU-000115B",
                1
            ],
            [
                "SKU-000364B",
                1
            ],
            [
                "SKU-000299C",
                1
            ],
            [
                "SKU-000077A",
                1
            ],
            [
                "SKU-000338A",
                1
            ],
            [
                "SKU-000437D",
                1
            ],
            [
                "SKU-000268C",
                1
            ],
            [
                "SKU-000172B",
                1
            ],
            [
                "SKU-000342C",
                1
            ],
            [
                "SKU-000039A",
                1
            ],
            [
                "SKU-000476C",
                1
            ]
        ],
        "pickTime": "2025-07-04 14:51:58"
    },
    {
        "replenish": true,
        "skus": [
            [
                "SKU-000031D",
                1
            ],
            [
                "SKU-000273B",
                1
            ],
            [
                "SKU-000137D",
                1
            ],
            [
                "SKU-000323A",
                1
            ],
            [
                "SKU-000149C",
                1
            ]
        ],
        "pickTime": "2025-07-04 18:16:00"
    },
    {
        "replenish": true,
        "skus": [
            [
                "SKU-000112C",
                1
            ],
            [
                "SKU-000248D",
                1
            ],
            [
                "SKU-000233B",
                1
            ],
            [
                "SKU-000043B",
                1
            ],
            [
                "SKU-000144C",
                1
            ],
            [
                "SKU-000296A",
                1
            ],
            [
                "SKU-000212B",
                1
            ]
        ],
        "pickTime": "2025-07-05 23:48:20"
    },
    {
        "replenish": true,
        "skus": [
            [
                "SKU-000094D",
                1
            ],
            [
                "SKU-000238D",
                1
            ],
            [
                "SKU-000497D",
                1
            ],
            [
                "SKU-000357C",
                1
            ],
            [
                "SKU-000061D",
                1
            ],
            [
                "SKU-000122B",
                1
            ],
            [
                "SKU-000101B",
                1
            ],
            [
                "SKU-000162C",
                1
            ],
            [
                "SKU-000068D",
                1
            ],
            [
                "SKU-000426B",
                1
            ],
            [
                "SKU-000271A",
                1
            ],
            [
                "SKU-000273C",
                1
            ],
            [
                "SKU-000242A",
                1
            ],
            [
                "SKU-000496D",
                1
            ],
            [
                "SKU-000012C",
                1
            ],
            [
                "SKU-000245C",
                1
            ],
            [
                "SKU-000291B",
                1
            ],
            [
                "SKU-000329A",
                1
            ],
            [
                "SKU-000094A",
                1
            ],
            [
                "SKU-000072D",
                1
            ],
            [
                "SKU-000489D",
                1
            ]
        ],
        "pickTime": "2025-07-06 06:16:10"
    },
    {
        "replenish": true,
        "skus": [
            [
                "SKU-000439A",
                1
            ],
            [
                "SKU-000291B",
                1
            ],
            [
                "SKU-000268C",
                1
            ],
            [
                "SKU-000488D",
                1
            ],
            [
                "SKU-000164B",
                1
            ],
            [
                "SKU-000267B",
                1
            ],
            [
                "SKU-000331B",
                1
            ],
            [
                "SKU-000312C",
                1
            ],
            [
                "SKU-000080D",
                1
            ],
            [
                "SKU-000089B",
                1
            ]
        ],
        "pickTime": "2025-07-06 17:09:35"
    },
    {
        "replenish": true,
        "skus": [
            [
                "SKU-000151C",
                1
            ],
            [
                "SKU-000221C",
                1
            ],
            [
                "SKU-000124A",
                1
            ],
            [
                "SKU-000235A",
                1
            ],
            [
                "SKU-000357D",
                1
            ]
        ],
        "pickTime": "2025-07-07 02:51:38"
    },
    {
        "replenish": true,
        "skus": [
            [
                "SKU-000253B",
                1
            ],
            [
                "SKU-000226A",
                1
            ],
            [
                "SKU-000050B",
                1
            ],
            [
                "SKU-000444A",
                1
            ],
            [
                "SKU-000162C",
                1
            ],
            [
                "SKU-000197C",
                1
            ],
            [
                "SKU-000309A",
                1
            ],
            [
                "SKU-000318C",
                1
            ],
            [
                "SKU-000020D",
                1
            ]
        ],
        "pickTime": "2025-07-07 03:50:44"
    },
    {
        "replenish": true,
        "skus": [
            [
                "SKU-000151C",
                1
            ],
            [
                "SKU-000171C",
                1
            ],
            [
                "SKU-000221C",
                1
            ],
            [
                "SKU-000114C",
                1
            ],
            [
                "SKU-000295C",
                1
            ],
            [
                "SKU-000224D",
                1
            ],
            [
                "SKU-000389B",
                1
            ]
        ],
        "pickTime": "2025-07-07 18:41:45"
    },
    {
        "replenish": true,
        "skus": [
            [
                "SKU-000238D",
                1
            ],
            [
                "SKU-000304B",
                1
            ]
        ],
        "pickTime": "2025-07-08 02:37:40"
    },
    {
        "replenish": true,
        "skus": [
            [
                "SKU-000140C",
                1
            ],
            [
                "SKU-000241A",
                1
            ],
            [
                "SKU-000496D",
                1
            ]
        ],
        "pickTime": "2025-07-08 05:47:22"
    },
    {
        "replenish": true,
        "skus": [
            [
                "SKU-000018C",
                1
            ]
        ],
        "pickTime": "2025-07-08 06:16:33"
    },
    {
        "replenish": true,
        "skus": [
            [
                "SKU-000425D",
                1
            ],
            [
                "SKU-000460C",
                1
            ],
            [
                "SKU-000205B",
                1
            ]
        ],
        "pickTime": "2025-07-08 20:12:23"
    },
    {
        "replenish": true,
        "skus": [
            [
                "SKU-000122A",
                1
            ],
            [
                "SKU-000265A",
                1
            ]
        ],
        "pickTime": "2025-07-08 20:19:00"
    },
    {
        "replenish": true,
        "skus": [
            [
                "SKU-000426C",
                1
            ],
            [
                "SKU-000170A",
                1
            ],
            [
                "SKU-000252D",
                1
            ],
            [
                "SKU-000445B",
                1
            ],
            [
                "SKU-000307B",
                1
            ],
            [
                "SKU-000496A",
                1
            ]
        ],
        "pickTime": "2025-07-09 01:24:48"
    },
    {
        "replenish": true,
        "skus": [
            [
                "SKU-000273C",
                1
            ],
            [
                "SKU-000047C",
                1
            ],
            [
                "SKU-000314C",
                1
            ]
        ],
        "pickTime": "2025-07-09 12:52:02"
    },
    {
        "replenish": true,
        "skus": [
            [
                "SKU-000445B",
                1
            ],
            [
                "SKU-000120C",
                1
            ],
            [
                "SKU-000040D",
                1
            ]
        ],
        "pickTime": "2025-07-09 14:09:48"
    },
    {
        "replenish": true,
        "skus": [
            [
                "SKU-000478B",
                1
            ]
        ],
        "pickTime": "2025-07-09 18:43:06"
    },
    {
        "replenish": true,
        "skus": [
            [
                "SKU-000098A",
                1
            ],
            [
                "SKU-000418C",
                1
            ],
            [
                "SKU-000021D",
                1
            ],
            [
                "SKU-000307B",
                1
            ],
            [
                "SKU-000257C",
                1
            ],
            [
                "SKU-000035B",
                1
            ],
            [
                "SKU-000134D",
                1
            ],
            [
                "SKU-000099A",
                1
            ],
            [
                "SKU-000187D",
                1
            ],
            [
                "SKU-000478B",
                1
            ],
            [
                "SKU-000328C",
                1
            ],
            [
                "SKU-000283D",
                1
            ],
            [
                "SKU-000027A",
                1
            ],
            [
                "SKU-000138A",
                1
            ],
            [
                "SKU-000392C",
                1
            ],
            [
                "SKU-000475C",
                1
            ],
            [
                "SKU-000486D",
                1
            ],
            [
                "SKU-000144C",
                1
            ],
            [
                "SKU-000299A",
                1
            ]
        ],
        "pickTime": "2025-07-09 23:52:48"
    },
    {
        "replenish": true,
        "skus": [
            [
                "SKU-000488D",
                1
            ],
            [
                "SKU-000423D",
                1
            ],
            [
                "SKU-000031D",
                1
            ],
            [
                "SKU-000314C",
                1
            ],
            [
                "SKU-000409C",
                1
            ],
            [
                "SKU-000331C",
                1
            ],
            [
                "SKU-000148B",
                1
            ],
            [
                "SKU-000123D",
                1
            ],
            [
                "SKU-000343A",
                1
            ],
            [
                "SKU-000429C",
                1
            ]
        ],
        "pickTime": "2025-07-10 01:18:37"
    },
    {
        "replenish": true,
        "skus": [
            [
                "SKU-000461B",
                1
            ],
            [
                "SKU-000296D",
                1
            ],
            [
                "SKU-000298D",
                1
            ],
            [
                "SKU-000277A",
                1
            ]
        ],
        "pickTime": "2025-07-10 04:10:07"
    },
    {
        "replenish": true,
        "skus": [
            [
                "SKU-000294C",
                1
            ],
            [
                "SKU-000179B",
                1
            ]
        ],
        "pickTime": "2025-07-10 04:34:44"
    },
    {
        "replenish": true,
        "skus": [
            [
                "SKU-000002A",
                1
            ],
            [
                "SKU-000244A",
                1
            ],
            [
                "SKU-000267B",
                1
            ],
            [
                "SKU-000381A",
                1
            ],
            [
                "SKU-000358A",
                1
            ],
            [
                "SKU-000004B",
                1
            ],
            [
                "SKU-000251D",
                1
            ],
            [
                "SKU-000387D",
                1
            ],
            [
                "SKU-000491D",
                1
            ]
        ],
        "pickTime": "2025-07-10 15:11:04"
    },
    {
        "replenish": true,
        "skus": [
            [
                "SKU-000250D",
                1
            ],
            [
                "SKU-000480C",
                1
            ]
        ],
        "pickTime": "2025-07-11 02:12:18"
    },
    {
        "replenish": true,
        "skus": [
            [
                "SKU-000239C",
                1
            ],
            [
                "SKU-000257B",
                1
            ],
            [
                "SKU-000004D",
                1
            ],
            [
                "SKU-000078C",
                1
            ],
            [
                "SKU-000101B",
                1
            ],
            [
                "SKU-000444A",
                1
            ]
        ],
        "pickTime": "2025-07-11 04:14:57"
    },
    {
        "replenish": true,
        "skus": [
            [
                "SKU-000455B",
                1
            ],
            [
                "SKU-000273B",
                1
            ],
            [
                "SKU-000194B",
                1
            ],
            [
                "SKU-000256A",
                1
            ],
            [
                "SKU-000452D",
                1
            ],
            [
                "SKU-000135D",
                1
            ],
            [
                "SKU-000224D",
                1
            ],
            [
                "SKU-000130B",
                1
            ],
            [
                "SKU-000437D",
                1
            ],
            [
                "SKU-000007D",
                1
            ],
            [
                "SKU-000093D",
                1
            ],
            [
                "SKU-000342C",
                1
            ],
            [
                "SKU-000408B",
                1
            ],
            [
                "SKU-000253A",
                1
            ],
            [
                "SKU-000035D",
                1
            ],
            [
                "SKU-000273B",
                1
            ]
        ],
        "pickTime": "2025-07-11 14:36:52"
    },
    {
        "replenish": true,
        "skus": [
            [
                "SKU-000445A",
                1
            ],
            [
                "SKU-000329B",
                1
            ],
            [
                "SKU-000051B",
                1
            ],
            [
                "SKU-000023B",
                1
            ],
            [
                "SKU-000119B",
                1
            ],
            [
                "SKU-000173D",
                1
            ],
            [
                "SKU-000252D",
                1
            ]
        ],
        "pickTime": "2025-07-12 08:36:48"
    },
    {
        "replenish": true,
        "skus": [
            [
                "SKU-000444A",
                1
            ]
        ],
        "pickTime": "2025-07-12 20:02:52"
    },
    {
        "replenish": true,
        "skus": [
            [
                "SKU-000414B",
                1
            ],
            [
                "SKU-000248D",
                1
            ],
            [
                "SKU-000160B",
                1
            ],
            [
                "SKU-000492C",
                1
            ],
            [
                "SKU-000037C",
                1
            ]
        ],
        "pickTime": "2025-07-12 22:15:43"
    },
    {
        "replenish": true,
        "skus": [
            [
                "SKU-000196C",
                1
            ],
            [
                "SKU-000408B",
                1
            ],
            [
                "SKU-000153A",
                1
            ],
            [
                "SKU-000143C",
                1
            ],
            [
                "SKU-000496D",
                1
            ],
            [
                "SKU-000417B",
                1
            ],
            [
                "SKU-000144C",
                1
            ],
            [
                "SKU-000113C",
                1
            ],
            [
                "SKU-000002D",
                1
            ],
            [
                "SKU-000302D",
                1
            ],
            [
                "SKU-000127D",
                1
            ],
            [
                "SKU-000187B",
                1
            ],
            [
                "SKU-000252D",
                1
            ],
            [
                "SKU-000283C",
                1
            ],
            [
                "SKU-000098A",
                1
            ],
            [
                "SKU-000342C",
                1
            ],
            [
                "SKU-000448B",
                1
            ],
            [
                "SKU-000496C",
                1
            ],
            [
                "SKU-000198B",
                1
            ],
            [
                "SKU-000026D",
                1
            ],
            [
                "SKU-000258D",
                1
            ],
            [
                "SKU-000181D",
                1
            ],
            [
                "SKU-000354A",
                1
            ],
            [
                "SKU-000249D",
                1
            ]
        ],
        "pickTime": "2025-07-13 21:08:01"
    },
    {
        "replenish": true,
        "skus": [
            [
                "SKU-000461C",
                1
            ],
            [
                "SKU-000286A",
                1
            ]
        ],
        "pickTime": "2025-07-14 12:20:03"
    },
    {
        "replenish": true,
        "skus": [
            [
                "SKU-000163B",
                1
            ],
            [
                "SKU-000339C",
                1
            ],
            [
                "SKU-000235A",
                1
            ],
            [
                "SKU-000283C",
                1
            ],
            [
                "SKU-000352C",
                1
            ]
        ],
        "pickTime": "2025-07-14 12:55:37"
    },
    {
        "replenish": true,
        "skus": [
            [
                "SKU-000448A",
                1
            ],
            [
                "SKU-000099A",
                1
            ],
            [
                "SKU-000079B",
                1
            ],
            [
                "SKU-000267D",
                1
            ]
        ],
        "pickTime": "2025-07-14 21:08:51"
    },
    {
        "replenish": true,
        "skus": [
            [
                "SKU-000143B",
                1
            ],
            [
                "SKU-000092A",
                1
            ],
            [
                "SKU-000181D",
                1
            ],
            [
                "SKU-000448B",
                1
            ],
            [
                "SKU-000492C",
                1
            ]
        ],
        "pickTime": "2025-07-15 11:31:12"
    },
    {
        "replenish": false,
        "skus": [
            [
                "SKU-000341D",
                1
            ]
        ],
        "pickTime": "2025-07-15 16:45:53"
    },
    {
        "replenish": false,
        "skus": [
            [
                "SKU-000174A",
                1
            ],
            [
                "SKU-000373A",
                1
            ],
            [
                "SKU-000324C",
                1
            ],
            [
                "SKU-000052C",
                1
            ],
            [
                "SKU-000088D",
                1
            ],
            [
                "SKU-000114A",
                1
            ],
            [
                "SKU-000005A",
                1
            ]
        ],
        "pickTime": "2025-07-15 17:08:41"
    },
    {
        "replenish": false,
        "skus": [
            [
                "SKU-000045A",
                1
            ],
            [
                "SKU-000052C",
                1
            ]
        ],
        "pickTime": "2025-07-16 00:26:32"
    },
    {
        "replenish": false,
        "skus": [
            [
                "SKU-000288B",
                1
            ],
            [
                "SKU-000228D",
                1
            ]
        ],
        "pickTime": "2025-07-16 01:49:53"
    },
    {
        "replenish": false,
        "skus": [
            [
                "SKU-000029C",
                1
            ],
            [
                "SKU-000027D",
                1
            ],
            [
                "SKU-000300B",
                1
            ]
        ],
        "pickTime": "2025-07-16 07:29:45"
    },
    {
        "replenish": false,
        "skus": [
            [
                "SKU-000094D",
                1
            ],
            [
                "SKU-000183B",
                1
            ],
            [
                "SKU-000059B",
                1
            ],
            [
                "SKU-000420D",
                1
            ]
        ],
        "pickTime": "2025-07-17 00:12:00"
    },
    {
        "replenish": false,
        "skus": [
            [
                "SKU-000110B",
                1
            ],
            [
                "SKU-000132A",
                1
            ],
            [
                "SKU-000233B",
                1
            ]
        ],
        "pickTime": "2025-07-17 08:29:06"
    },
    {
        "replenish": false,
        "skus": [
            [
                "SKU-000023D",
                1
            ],
            [
                "SKU-000250A",
                1
            ],
            [
                "SKU-000040D",
                1
            ]
        ],
        "pickTime": "2025-07-17 11:20:34"
    },
    {
        "replenish": false,
        "skus": [
            [
                "SKU-000271A",
                1
            ],
            [
                "SKU-000252C",
                1
            ]
        ],
        "pickTime": "2025-07-17 14:10:28"
    },
    {
        "replenish": false,
        "skus": [
            [
                "SKU-000106A",
                1
            ],
            [
                "SKU-000084A",
                1
            ],
            [
                "SKU-000361D",
                1
            ],
            [
                "SKU-000187B",
                1
            ]
        ],
        "pickTime": "2025-07-19 05:26:22"
    },
    {
        "replenish": false,
        "skus": [
            [
                "SKU-000270A",
                1
            ],
            [
                "SKU-000164C",
                1
            ]
        ],
        "pickTime": "2025-07-19 07:37:06"
    },
    {
        "replenish": false,
        "skus": [
            [
                "SKU-000409D",
                1
            ],
            [
                "SKU-000267D",
                1
            ],
            [
                "SKU-000028D",
                1
            ],
            [
                "SKU-000414D",
                1
            ],
            [
                "SKU-000128A",
                1
            ],
            [
                "SKU-000125D",
                1
            ],
            [
                "SKU-000191D",
                1
            ]
        ],
        "pickTime": "2025-07-19 22:41:09"
    },
    {
        "replenish": false,
        "skus": [
            [
                "SKU-000228A",
                1
            ],
            [
                "SKU-000252B",
                1
            ],
            [
                "SKU-000128A",
                1
            ],
            [
                "SKU-000338A",
                1
            ]
        ],
        "pickTime": "2025-07-20 03:14:53"
    },
    {
        "replenish": false,
        "skus": [
            [
                "SKU-000074B",
                1
            ]
        ],
        "pickTime": "2025-07-20 12:45:19"
    },
    {
        "replenish": false,
        "skus": [
            [
                "SKU-000420B",
                1
            ],
            [
                "SKU-000288B",
                1
            ]
        ],
        "pickTime": "2025-07-20 18:59:01"
    },
    {
        "replenish": false,
        "skus": [
            [
                "SKU-000167B",
                1
            ],
            [
                "SKU-000019C",
                1
            ],
            [
                "SKU-000411D",
                1
            ],
            [
                "SKU-000120D",
                1
            ],
            [
                "SKU-000414D",
                1
            ],
            [
                "SKU-000312A",
                1
            ],
            [
                "SKU-000112A",
                1
            ],
            [
                "SKU-000021D",
                1
            ],
            [
                "SKU-000092A",
                1
            ]
        ],
        "pickTime": "2025-07-21 05:47:39"
    },
    {
        "replenish": false,
        "skus": [
            [
                "SKU-000137D",
                1
            ],
            [
                "SKU-000255B",
                1
            ],
            [
                "SKU-000179A",
                1
            ]
        ],
        "pickTime": "2025-07-21 08:38:44"
    },
    {
        "replenish": false,
        "skus": [
            [
                "SKU-000338C",
                1
            ]
        ],
        "pickTime": "2025-07-21 18:27:10"
    },
    {
        "replenish": false,
        "skus": [
            [
                "SKU-000045A",
                1
            ],
            [
                "SKU-000361B",
                1
            ],
            [
                "SKU-000470B",
                1
            ],
            [
                "SKU-000091B",
                1
            ],
            [
                "SKU-000181D",
                1
            ]
        ],
        "pickTime": "2025-07-21 20:05:19"
    },
    {
        "replenish": false,
        "skus": [
            [
                "SKU-000216D",
                1
            ],
            [
                "SKU-000264B",
                1
            ],
            [
                "SKU-000409B",
                1
            ],
            [
                "SKU-000257D",
                1
            ],
            [
                "SKU-000280B",
                1
            ],
            [
                "SKU-000445B",
                1
            ],
            [
                "SKU-000239C",
                1
            ]
        ],
        "pickTime": "2025-07-21 20:48:35"
    },
    {
        "replenish": false,
        "skus": [
            [
                "SKU-000375D",
                1
            ],
            [
                "SKU-000229B",
                1
            ],
            [
                "SKU-000030D",
                1
            ],
            [
                "SKU-000244A",
                1
            ],
            [
                "SKU-000086B",
                1
            ],
            [
                "SKU-000499D",
                1
            ],
            [
                "SKU-000212D",
                1
            ]
        ],
        "pickTime": "2025-07-21 21:01:51"
    },
    {
        "replenish": false,
        "skus": [
            [
                "SKU-000144B",
                1
            ],
            [
                "SKU-000252C",
                1
            ],
            [
                "SKU-000408C",
                1
            ]
        ],
        "pickTime": "2025-07-22 06:34:11"
    },
    {
        "replenish": false,
        "skus": [
            [
                "SKU-000329A",
                1
            ]
        ],
        "pickTime": "2025-07-23 07:47:22"
    },
    {
        "replenish": false,
        "skus": [
            [
                "SKU-000057D",
                1
            ],
            [
                "SKU-000068C",
                1
            ],
            [
                "SKU-000397A",
                1
            ],
            [
                "SKU-000125D",
                1
            ],
            [
                "SKU-000060C",
                1
            ],
            [
                "SKU-000252B",
                1
            ],
            [
                "SKU-000077C",
                1
            ],
            [
                "SKU-000324C",
                1
            ],
            [
                "SKU-000287A",
                1
            ],
            [
                "SKU-000296D",
                1
            ],
            [
                "SKU-000480A",
                1
            ]
        ],
        "pickTime": "2025-07-24 04:08:46"
    },
    {
        "replenish": false,
        "skus": [
            [
                "SKU-000296D",
                1
            ]
        ],
        "pickTime": "2025-07-24 05:07:17"
    },
    {
        "replenish": false,
        "skus": [
            [
                "SKU-000251B",
                1
            ],
            [
                "SKU-000367D",
                1
            ],
            [
                "SKU-000029C",
                1
            ],
            [
                "SKU-000253A",
                1
            ]
        ],
        "pickTime": "2025-07-24 11:53:11"
    },
    {
        "replenish": false,
        "skus": [
            [
                "SKU-000427A",
                1
            ],
            [
                "SKU-000289B",
                1
            ]
        ],
        "pickTime": "2025-07-24 14:15:56"
    },
    {
        "replenish": false,
        "skus": [
            [
                "SKU-000443C",
                1
            ]
        ],
        "pickTime": "2025-07-24 23:11:06"
    },
    {
        "replenish": false,
        "skus": [
            [
                "SKU-000462A",
                1
            ],
            [
                "SKU-000478B",
                1
            ],
            [
                "SKU-000108A",
                1
            ],
            [
                "SKU-000339D",
                1
            ]
        ],
        "pickTime": "2025-07-25 07:29:42"
    },
    {
        "replenish": false,
        "skus": [
            [
                "SKU-000096D",
                1
            ],
            [
                "SKU-000028D",
                1
            ],
            [
                "SKU-000189C",
                1
            ]
        ],
        "pickTime": "2025-07-26 12:08:00"
    },
    {
        "replenish": false,
        "skus": [
            [
                "SKU-000444A",
                1
            ],
            [
                "SKU-000043B",
                1
            ],
            [
                "SKU-000153A",
                1
            ]
        ],
        "pickTime": "2025-07-26 12:29:24"
    },
    {
        "replenish": false,
        "skus": [
            [
                "SKU-000312A",
                1
            ],
            [
                "SKU-000267D",
                1
            ]
        ],
        "pickTime": "2025-07-26 17:51:20"
    },
    {
        "replenish": false,
        "skus": [
            [
                "SKU-000474D",
                1
            ],
            [
                "SKU-000375D",
                1
            ],
            [
                "SKU-000025D",
                1
            ],
            [
                "SKU-000337B",
                1
            ]
        ],
        "pickTime": "2025-07-26 20:57:26"
    },
    {
        "replenish": false,
        "skus": [
            [
                "SKU-000424A",
                1
            ],
            [
                "SKU-000031B",
                1
            ]
        ],
        "pickTime": "2025-07-27 08:13:18"
    },
    {
        "replenish": false,
        "skus": [
            [
                "SKU-000453B",
                1
            ]
        ],
        "pickTime": "2025-07-27 16:02:40"
    },
    {
        "replenish": false,
        "skus": [
            [
                "SKU-000238D",
                1
            ]
        ],
        "pickTime": "2025-07-27 18:56:57"
    },
    {
        "replenish": false,
        "skus": [
            [
                "SKU-000160D",
                1
            ]
        ],
        "pickTime": "2025-07-27 21:05:54"
    },
    {
        "replenish": false,
        "skus": [
            [
                "SKU-000087B",
                1
            ]
        ],
        "pickTime": "2025-07-28 01:22:57"
    },
    {
        "replenish": false,
        "skus": [
            [
                "SKU-000457B",
                1
            ]
        ],
        "pickTime": "2025-07-28 10:26:46"
    },
    {
        "replenish": false,
        "skus": [
            [
                "SKU-000490D",
                1
            ],
            [
                "SKU-000392C",
                1
            ],
            [
                "SKU-000151C",
                1
            ],
            [
                "SKU-000126D",
                1
            ],
            [
                "SKU-000103C",
                1
            ],
            [
                "SKU-000149C",
                1
            ],
            [
                "SKU-000383C",
                1
            ],
            [
                "SKU-000035D",
                1
            ]
        ],
        "pickTime": "2025-07-29 05:00:49"
    },
    {
        "replenish": false,
        "skus": [
            [
                "SKU-000107D",
                1
            ]
        ],
        "pickTime": "2025-07-29 09:59:10"
    },
    {
        "replenish": false,
        "skus": [
            [
                "SKU-000307B",
                1
            ],
            [
                "SKU-000134D",
                1
            ]
        ],
        "pickTime": "2025-07-29 23:31:12"
    },
    {
        "replenish": false,
        "skus": [
            [
                "SKU-000083A",
                1
            ],
            [
                "SKU-000176A",
                1
            ],
            [
                "SKU-000020D",
                1
            ],
            [
                "SKU-000306C",
                1
            ]
        ],
        "pickTime": "2025-07-30 06:40:09"
    },
    {
        "replenish": false,
        "skus": [
            [
                "SKU-000430A",
                1
            ],
            [
                "SKU-000447D",
                1
            ],
            [
                "SKU-000497D",
                1
            ],
            [
                "SKU-000097B",
                1
            ]
        ],
        "pickTime": "2025-07-30 10:01:54"
    },
    {
        "replenish": false,
        "skus": [
            [
                "SKU-000017D",
                1
            ],
            [
                "SKU-000238D",
                1
            ],
            [
                "SKU-000029A",
                1
            ]
        ],
        "pickTime": "2025-07-30 10:05:12"
    },
    {
        "replenish": false,
        "skus": [
            [
                "SKU-000392D",
                1
            ]
        ],
        "pickTime": "2025-07-30 11:40:32"
    },
    {
        "replenish": false,
        "skus": [
            [
                "SKU-000016C",
                1
            ],
            [
                "SKU-000470C",
                1
            ]
        ],
        "pickTime": "2025-07-30 13:17:42"
    },
    {
        "replenish": false,
        "skus": [
            [
                "SKU-000332C",
                1
            ]
        ],
        "pickTime": "2025-07-30 13:55:45"
    },
    {
        "replenish": false,
        "skus": [
            [
                "SKU-000478B",
                1
            ],
            [
                "SKU-000081B",
                1
            ],
            [
                "SKU-000116C",
                1
            ],
            [
                "SKU-000187B",
                1
            ],
            [
                "SKU-000051C",
                1
            ],
            [
                "SKU-000132C",
                1
            ],
            [
                "SKU-000396C",
                1
            ],
            [
                "SKU-000209B",
                1
            ],
            [
                "SKU-000138D",
                1
            ],
            [
                "SKU-000022A",
                1
            ],
            [
                "SKU-000377A",
                1
            ],
            [
                "SKU-000058C",
                1
            ],
            [
                "SKU-000481A",
                1
            ],
            [
                "SKU-000138A",
                1
            ],
            [
                "SKU-000241C",
                1
            ],
            [
                "SKU-000373A",
                1
            ],
            [
                "SKU-000274D",
                1
            ],
            [
                "SKU-000093C",
                1
            ],
            [
                "SKU-000224B",
                1
            ]
        ],
        "pickTime": "2025-07-30 16:29:59"
    },
    {
        "replenish": false,
        "skus": [
            [
                "SKU-000499C",
                1
            ],
            [
                "SKU-000251D",
                1
            ]
        ],
        "pickTime": "2025-07-30 17:23:08"
    }
]