[
    {
        "replenish": true,
        "skus": [
            [
                "SKU-000064D",
                1
            ],
            [
                "SKU-000102D",
                1
            ]
        ],
        "pickTime": "2025-07-01 02:09:44"
    },
    {
        "replenish": true,
        "skus": [
            [
                "SKU-000153B",
                1
            ],
            [
                "SKU-000047C",
                1
            ],
            [
                "SKU-000071C",
                1
            ],
            [
                "SKU-000498C",
                1
            ],
            [
                "SKU-000436C",
                1
            ],
            [
                "SKU-000044B",
                1
            ]
        ],
        "pickTime": "2025-07-01 10:49:34"
    },
    {
        "replenish": true,
        "skus": [
            [
                "SKU-000476A",
                1
            ],
            [
                "SKU-000336C",
                1
            ],
            [
                "SKU-000285A",
                1
            ]
        ],
        "pickTime": "2025-07-02 03:16:43"
    },
    {
        "replenish": true,
        "skus": [
            [
                "SKU-000443D",
                1
            ],
            [
                "SKU-000331D",
                1
            ],
            [
                "SKU-000188B",
                1
            ],
            [
                "SKU-000477D",
                1
            ],
            [
                "SKU-000040D",
                1
            ],
            [
                "SKU-000010C",
                1
            ],
            [
                "SKU-000340D",
                1
            ],
            [
                "SKU-000042A",
                1
            ],
            [
                "SKU-000340D",
                1
            ]
        ],
        "pickTime": "2025-07-02 13:39:52"
    },
    {
        "replenish": true,
        "skus": [
            [
                "SKU-000243B",
                1
            ],
            [
                "SKU-000243D",
                1
            ],
            [
                "SKU-000431A",
                1
            ],
            [
                "SKU-000022C",
                1
            ],
            [
                "SKU-000263A",
                1
            ],
            [
                "SKU-000127B",
                1
            ],
            [
                "SKU-000128A",
                1
            ],
            [
                "SKU-000151C",
                1
            ],
            [
                "SKU-000137D",
                1
            ]
        ],
        "pickTime": "2025-07-02 17:01:09"
    },
    {
        "replenish": true,
        "skus": [
            [
                "SKU-000430B",
                1
            ],
            [
                "SKU-000026D",
                1
            ],
            [
                "SKU-000365B",
                1
            ],
            [
                "SKU-000112A",
                1
            ]
        ],
        "pickTime": "2025-07-03 03:14:58"
    },
    {
        "replenish": true,
        "skus": [
            [
                "SKU-000092D",
                1
            ]
        ],
        "pickTime": "2025-07-03 04:44:08"
    },
    {
        "replenish": true,
        "skus": [
            [
                "SKU-000078B",
                1
            ],
            [
                "SKU-000037C",
                1
            ],
            [
                "SKU-000331C",
                1
            ],
            [
                "SKU-000243D",
                1
            ],
            [
                "SKU-000152A",
                1
            ],
            [
                "SKU-000391B",
                1
            ],
            [
                "SKU-000120A",
                1
            ],
            [
                "SKU-000343D",
                1
            ],
            [
                "SKU-000386C",
                1
            ],
            [
                "SKU-000162B",
                1
            ],
            [
                "SKU-000322A",
                1
            ],
            [
                "SKU-000391B",
                1
            ],
            [
                "SKU-000199C",
                1
            ],
            [
                "SKU-000081A",
                1
            ],
            [
                "SKU-000430B",
                1
            ],
            [
                "SKU-000246C",
                1
            ],
            [
                "SKU-000280B",
                1
            ],
            [
                "SKU-000135D",
                1
            ]
        ],
        "pickTime": "2025-07-03 05:26:24"
    },
    {
        "replenish": true,
        "skus": [
            [
                "SKU-000151B",
                1
            ],
            [
                "SKU-000104A",
                1
            ],
            [
                "SKU-000322A",
                1
            ],
            [
                "SKU-000361D",
                1
            ],
            [
                "SKU-000143C",
                1
            ],
            [
                "SKU-000169A",
                1
            ],
            [
                "SKU-000281A",
                1
            ],
            [
                "SKU-000133C",
                1
            ],
            [
                "SKU-000228D",
                1
            ],
            [
                "SKU-000466B",
                1
            ],
            [
                "SKU-000051A",
                1
            ],
            [
                "SKU-000013A",
                1
            ],
            [
                "SKU-000418B",
                1
            ]
        ],
        "pickTime": "2025-07-03 06:46:44"
    },
    {
        "replenish": true,
        "skus": [
            [
                "SKU-000173B",
                1
            ],
            [
                "SKU-000299C",
                1
            ],
            [
                "SKU-000380D",
                1
            ],
            [
                "SKU-000499A",
                1
            ],
            [
                "SKU-000346D",
                1
            ],
            [
                "SKU-000302B",
                1
            ],
            [
                "SKU-000135B",
                1
            ]
        ],
        "pickTime": "2025-07-03 07:32:46"
    },
    {
        "replenish": true,
        "skus": [
            [
                "SKU-000093C",
                1
            ],
            [
                "SKU-000102A",
                1
            ],
            [
                "SKU-000121A",
                1
            ],
            [
                "SKU-000447A",
                1
            ]
        ],
        "pickTime": "2025-07-03 19:46:31"
    },
    {
        "replenish": true,
        "skus": [
            [
                "SKU-000231C",
                1
            ],
            [
                "SKU-000436D",
                1
            ]
        ],
        "pickTime": "2025-07-04 00:01:53"
    },
    {
        "replenish": true,
        "skus": [
            [
                "SKU-000355B",
                1
            ],
            [
                "SKU-000237D",
                1
            ],
            [
                "SKU-000192C",
                1
            ],
            [
                "SKU-000012B",
                1
            ],
            [
                "SKU-000236D",
                1
            ],
            [
                "SKU-000492C",
                1
            ],
            [
                "SKU-000211A",
                1
            ]
        ],
        "pickTime": "2025-07-04 01:05:30"
    },
    {
        "replenish": true,
        "skus": [
            [
                "SKU-000012D",
                1
            ]
        ],
        "pickTime": "2025-07-04 13:15:53"
    },
    {
        "replenish": true,
        "skus": [
            [
                "SKU-000107A",
                1
            ],
            [
                "SKU-000279B",
                1
            ],
            [
                "SKU-000093C",
                1
            ],
            [
                "SKU-000368C",
                1
            ],
            [
                "SKU-000498B",
                1
            ],
            [
                "SKU-000070D",
                1
            ],
            [
                "SKU-000031B",
                1
            ],
            [
                "SKU-000126D",
                1
            ],
            [
                "SKU-000424C",
                1
            ],
            [
                "SKU-000151A",
                1
            ],
            [
                "SKU-000215C",
                1
            ],
            [
                "SKU-000409D",
                1
            ],
            [
                "SKU-000276B",
                1
            ],
            [
                "SKU-000493B",
                1
            ],
            [
                "SKU-000209B",
                1
            ],
            [
                "SKU-000108D",
                1
            ]
        ],
        "pickTime": "2025-07-04 18:43:44"
    },
    {
        "replenish": true,
        "skus": [
            [
                "SKU-000202B",
                1
            ],
            [
                "SKU-000309A",
                1
            ],
            [
                "SKU-000210D",
                1
            ],
            [
                "SKU-000112C",
                1
            ],
            [
                "SKU-000443D",
                1
            ],
            [
                "SKU-000036B",
                1
            ]
        ],
        "pickTime": "2025-07-05 11:42:27"
    },
    {
        "replenish": true,
        "skus": [
            [
                "SKU-000073A",
                1
            ],
            [
                "SKU-000079A",
                1
            ],
            [
                "SKU-000124C",
                1
            ]
        ],
        "pickTime": "2025-07-05 19:13:43"
    },
    {
        "replenish": true,
        "skus": [
            [
                "SKU-000133D",
                1
            ]
        ],
        "pickTime": "2025-07-06 00:48:57"
    },
    {
        "replenish": true,
        "skus": [
            [
                "SKU-000045A",
                1
            ],
            [
                "SKU-000096C",
                1
            ],
            [
                "SKU-000346C",
                1
            ],
            [
                "SKU-000127D",
                1
            ],
            [
                "SKU-000235A",
                1
            ],
            [
                "SKU-000208D",
                1
            ],
            [
                "SKU-000432A",
                1
            ],
            [
                "SKU-000488D",
                1
            ],
            [
                "SKU-000380A",
                1
            ],
            [
                "SKU-000374D",
                1
            ],
            [
                "SKU-000236B",
                1
            ],
            [
                "SKU-000047A",
                1
            ],
            [
                "SKU-000157B",
                1
            ],
            [
                "SKU-000332D",
                1
            ],
            [
                "SKU-000302A",
                1
            ],
            [
                "SKU-000230C",
                1
            ]
        ],
        "pickTime": "2025-07-06 04:49:26"
    },
    {
        "replenish": true,
        "skus": [
            [
                "SKU-000045A",
                1
            ],
            [
                "SKU-000157C",
                1
            ],
            [
                "SKU-000500C",
                1
            ],
            [
                "SKU-000253B",
                1
            ],
            [
                "SKU-000079C",
                1
            ],
            [
                "SKU-000415B",
                1
            ],
            [
                "SKU-000435D",
                1
            ],
            [
                "SKU-000481D",
                1
            ],
            [
                "SKU-000376B",
                1
            ]
        ],
        "pickTime": "2025-07-06 23:10:06"
    },
    {
        "replenish": true,
        "skus": [
            [
                "SKU-000205B",
                1
            ],
            [
                "SKU-000343D",
                1
            ],
            [
                "SKU-000452D",
                1
            ],
            [
                "SKU-000406A",
                1
            ],
            [
                "SKU-000089A",
                1
            ]
        ],
        "pickTime": "2025-07-07 00:49:52"
    },
    {
        "replenish": true,
        "skus": [
            [
                "SKU-000275C",
                1
            ],
            [
                "SKU-000087A",
                1
            ],
            [
                "SKU-000230D",
                1
            ],
            [
                "SKU-000155B",
                1
            ],
            [
                "SKU-000244A",
                1
            ],
            [
                "SKU-000114A",
                1
            ],
            [
                "SKU-000341C",
                1
            ],
            [
                "SKU-000040C",
                1
            ]
        ],
        "pickTime": "2025-07-07 05:26:36"
    },
    {
        "replenish": true,
        "skus": [
            [
                "SKU-000124C",
                1
            ]
        ],
        "pickTime": "2025-07-07 20:11:19"
    },
    {
        "replenish": true,
        "skus": [
            [
                "SKU-000429D",
                1
            ],
            [
                "SKU-000261A",
                1
            ]
        ],
        "pickTime": "2025-07-07 23:09:43"
    },
    {
        "replenish": true,
        "skus": [
            [
                "SKU-000271A",
                1
            ],
            [
                "SKU-000334B",
                1
            ],
            [
                "SKU-000005C",
                1
            ],
            [
                "SKU-000151A",
                1
            ],
            [
                "SKU-000089D",
                1
            ],
            [
                "SKU-000354C",
                1
            ],
            [
                "SKU-000008A",
                1
            ],
            [
                "SKU-000482C",
                1
            ],
            [
                "SKU-000346D",
                1
            ]
        ],
        "pickTime": "2025-07-08 01:36:08"
    },
    {
        "replenish": true,
        "skus": [
            [
                "SKU-000205D",
                1
            ],
            [
                "SKU-000279A",
                1
            ],
            [
                "SKU-000089D",
                1
            ],
            [
                "SKU-000361D",
                1
            ],
            [
                "SKU-000237B",
                1
            ],
            [
                "SKU-000477D",
                1
            ],
            [
                "SKU-000298C",
                1
            ],
            [
                "SKU-000319C",
                1
            ],
            [
                "SKU-000413C",
                1
            ],
            [
                "SKU-000318C",
                1
            ]
        ],
        "pickTime": "2025-07-09 07:22:16"
    },
    {
        "replenish": true,
        "skus": [
            [
                "SKU-000215C",
                1
            ],
            [
                "SKU-000318C",
                1
            ],
            [
                "SKU-000454C",
                1
            ],
            [
                "SKU-000248A",
                1
            ],
            [
                "SKU-000264C",
                1
            ]
        ],
        "pickTime": "2025-07-09 12:01:54"
    },
    {
        "replenish": true,
        "skus": [
            [
                "SKU-000319C",
                1
            ],
            [
                "SKU-000452A",
                1
            ],
            [
                "SKU-000056A",
                1
            ]
        ],
        "pickTime": "2025-07-09 19:42:15"
    },
    {
        "replenish": true,
        "skus": [
            [
                "SKU-000285D",
                1
            ],
            [
                "SKU-000091A",
                1
            ],
            [
                "SKU-000283B",
                1
            ],
            [
                "SKU-000128D",
                1
            ],
            [
                "SKU-000131C",
                1
            ],
            [
                "SKU-000014A",
                1
            ],
            [
                "SKU-000304B",
                1
            ],
            [
                "SKU-000016C",
                1
            ]
        ],
        "pickTime": "2025-07-09 21:28:08"
    },
    {
        "replenish": true,
        "skus": [
            [
                "SKU-000468D",
                1
            ],
            [
                "SKU-000037A",
                1
            ],
            [
                "SKU-000148B",
                1
            ],
            [
                "SKU-000255C",
                1
            ],
            [
                "SKU-000119A",
                1
            ],
            [
                "SKU-000141B",
                1
            ],
            [
                "SKU-000134D",
                1
            ],
            [
                "SKU-000008A",
                1
            ],
            [
                "SKU-000418B",
                1
            ]
        ],
        "pickTime": "2025-07-10 00:00:18"
    },
    {
        "replenish": true,
        "skus": [
            [
                "SKU-000225D",
                1
            ],
            [
                "SKU-000368D",
                1
            ],
            [
                "SKU-000231C",
                1
            ],
            [
                "SKU-000268C",
                1
            ],
            [
                "SKU-000104D",
                1
            ]
        ],
        "pickTime": "2025-07-10 06:41:16"
    },
    {
        "replenish": true,
        "skus": [
            [
                "SKU-000036C",
                1
            ],
            [
                "SKU-000303A",
                1
            ],
            [
                "SKU-000273B",
                1
            ],
            [
                "SKU-000377B",
                1
            ],
            [
                "SKU-000109B",
                1
            ]
        ],
        "pickTime": "2025-07-10 08:18:22"
    },
    {
        "replenish": true,
        "skus": [
            [
                "SKU-000436D",
                1
            ],
            [
                "SKU-000466D",
                1
            ],
            [
                "SKU-000232A",
                1
            ],
            [
                "SKU-000362B",
                1
            ],
            [
                "SKU-000306C",
                1
            ]
        ],
        "pickTime": "2025-07-10 08:23:54"
    },
    {
        "replenish": true,
        "skus": [
            [
                "SKU-000296A",
                1
            ]
        ],
        "pickTime": "2025-07-10 23:32:14"
    },
    {
        "replenish": true,
        "skus": [
            [
                "SKU-000004D",
                1
            ],
            [
                "SKU-000272D",
                1
            ],
            [
                "SKU-000401A",
                1
            ],
            [
                "SKU-000397A",
                1
            ]
        ],
        "pickTime": "2025-07-11 01:11:28"
    },
    {
        "replenish": true,
        "skus": [
            [
                "SKU-000453B",
                1
            ],
            [
                "SKU-000057D",
                1
            ],
            [
                "SKU-000159D",
                1
            ],
            [
                "SKU-000178D",
                1
            ],
            [
                "SKU-000004D",
                1
            ],
            [
                "SKU-000159A",
                1
            ],
            [
                "SKU-000331C",
                1
            ],
            [
                "SKU-000164C",
                1
            ],
            [
                "SKU-000466B",
                1
            ],
            [
                "SKU-000100C",
                1
            ],
            [
                "SKU-000178D",
                1
            ],
            [
                "SKU-000326A",
                1
            ],
            [
                "SKU-000465A",
                1
            ],
            [
                "SKU-000079A",
                1
            ],
            [
                "SKU-000167A",
                1
            ],
            [
                "SKU-000114C",
                1
            ],
            [
                "SKU-000437C",
                1
            ],
            [
                "SKU-000022A",
                1
            ],
            [
                "SKU-000047C",
                1
            ],
            [
                "SKU-000239D",
                1
            ],
            [
                "SKU-000148B",
                1
            ],
            [
                "SKU-000230D",
                1
            ],
            [
                "SKU-000133D",
                1
            ],
            [
                "SKU-000213A",
                1
            ],
            [
                "SKU-000264A",
                1
            ],
            [
                "SKU-000343A",
                1
            ]
        ],
        "pickTime": "2025-07-11 03:29:28"
    },
    {
        "replenish": true,
        "skus": [
            [
                "SKU-000213A",
                1
            ],
            [
                "SKU-000322A",
                1
            ]
        ],
        "pickTime": "2025-07-11 13:17:26"
    },
    {
        "replenish": true,
        "skus": [
            [
                "SKU-000194B",
                1
            ],
            [
                "SKU-000353D",
                1
            ],
            [
                "SKU-000057D",
                1
            ],
            [
                "SKU-000476A",
                1
            ]
        ],
        "pickTime": "2025-07-12 03:15:15"
    },
    {
        "replenish": true,
        "skus": [
            [
                "SKU-000436C",
                1
            ],
            [
                "SKU-000476D",
                1
            ],
            [
                "SKU-000332D",
                1
            ],
            [
                "SKU-000415B",
                1
            ],
            [
                "SKU-000378A",
                1
            ],
            [
                "SKU-000492C",
                1
            ],
            [
                "SKU-000161A",
                1
            ],
            [
                "SKU-000204C",
                1
            ],
            [
                "SKU-000238C",
                1
            ]
        ],
        "pickTime": "2025-07-12 12:25:57"
    },
    {
        "replenish": true,
        "skus": [
            [
                "SKU-000089A",
                1
            ],
            [
                "SKU-000073D",
                1
            ],
            [
                "SKU-000114C",
                1
            ],
            [
                "SKU-000178D",
                1
            ],
            [
                "SKU-000326C",
                1
            ],
            [
                "SKU-000309C",
                1
            ],
            [
                "SKU-000356C",
                1
            ],
            [
                "SKU-000334B",
                1
            ],
            [
                "SKU-000282D",
                1
            ],
            [
                "SKU-000366D",
                1
            ],
            [
                "SKU-000285D",
                1
            ]
        ],
        "pickTime": "2025-07-13 09:42:40"
    },
    {
        "replenish": true,
        "skus": [
            [
                "SKU-000477D",
                1
            ],
            [
                "SKU-000500D",
                1
            ],
            [
                "SKU-000101D",
                1
            ],
            [
                "SKU-000084A",
                1
            ],
            [
                "SKU-000330C",
                1
            ],
            [
                "SKU-000186B",
                1
            ]
        ],
        "pickTime": "2025-07-13 12:09:06"
    },
    {
        "replenish": true,
        "skus": [
            [
                "SKU-000306C",
                1
            ],
            [
                "SKU-000040D",
                1
            ],
            [
                "SKU-000036A",
                1
            ],
            [
                "SKU-000018C",
                1
            ],
            [
                "SKU-000348C",
                1
            ],
            [
                "SKU-000210D",
                1
            ],
            [
                "SKU-000263A",
                1
            ]
        ],
        "pickTime": "2025-07-14 01:45:59"
    },
    {
        "replenish": true,
        "skus": [
            [
                "SKU-000370D",
                1
            ]
        ],
        "pickTime": "2025-07-14 06:42:22"
    },
    {
        "replenish": true,
        "skus": [
            [
                "SKU-000185D",
                1
            ],
            [
                "SKU-000166A",
                1
            ],
            [
                "SKU-000282D",
                1
            ],
            [
                "SKU-000280B",
                1
            ],
            [
                "SKU-000359C",
                1
            ],
            [
                "SKU-000476A",
                1
            ],
            [
                "SKU-000110D",
                1
            ],
            [
                "SKU-000492C",
                1
            ],
            [
                "SKU-000075C",
                1
            ],
            [
                "SKU-000157A",
                1
            ],
            [
                "SKU-000306D",
                1
            ],
            [
                "SKU-000008A",
                1
            ],
            [
                "SKU-000084D",
                1
            ],
            [
                "SKU-000178D",
                1
            ],
            [
                "SKU-000207D",
                1
            ],
            [
                "SKU-000019C",
                1
            ],
            [
                "SKU-000476B",
                1
            ],
            [
                "SKU-000092D",
                1
            ],
            [
                "SKU-000053C",
                1
            ],
            [
                "SKU-000494A",
                1
            ],
            [
                "SKU-000096B",
                1
            ]
        ],
        "pickTime": "2025-07-14 11:53:16"
    },
    {
        "replenish": true,
        "skus": [
            [
                "SKU-000012A",
                1
            ],
            [
                "SKU-000341C",
                1
            ],
            [
                "SKU-000405A",
                1
            ],
            [
                "SKU-000377A",
                1
            ]
        ],
        "pickTime": "2025-07-14 12:59:42"
    },
    {
        "replenish": true,
        "skus": [
            [
                "SKU-000173A",
                1
            ],
            [
                "SKU-000187C",
                1
            ],
            [
                "SKU-000068B",
                1
            ],
            [
                "SKU-000346D",
                1
            ],
            [
                "SKU-000298C",
                1
            ],
            [
                "SKU-000197B",
                1
            ],
            [
                "SKU-000384D",
                1
            ],
            [
                "SKU-000153B",
                1
            ],
            [
                "SKU-000334D",
                1
            ],
            [
                "SKU-000087A",
                1
            ],
            [
                "SKU-000193B",
                1
            ],
            [
                "SKU-000018D",
                1
            ],
            [
                "SKU-000224D",
                1
            ],
            [
                "SKU-000328C",
                1
            ],
            [
                "SKU-000283B",
                1
            ]
        ],
        "pickTime": "2025-07-15 01:10:38"
    },
    {
        "replenish": true,
        "skus": [
            [
                "SKU-000178D",
                1
            ],
            [
                "SKU-000287D",
                1
            ],
            [
                "SKU-000447C",
                1
            ]
        ],
        "pickTime": "2025-07-15 14:46:00"
    },
    {
        "replenish": true,
        "skus": [
            [
                "SKU-000031A",
                1
            ],
            [
                "SKU-000224D",
                1
            ]
        ],
        "pickTime": "2025-07-15 14:57:07"
    },
    {
        "replenish": true,
        "skus": [
            [
                "SKU-000196D",
                1
            ]
        ],
        "pickTime": "2025-07-15 19:00:12"
    },
    {
        "replenish": true,
        "skus": [
            [
                "SKU-000203A",
                1
            ],
            [
                "SKU-000355B",
                1
            ],
            [
                "SKU-000101D",
                1
            ],
            [
                "SKU-000348A",
                1
            ]
        ],
        "pickTime": "2025-07-16 04:57:21"
    },
    {
        "replenish": false,
        "skus": [
            [
                "SKU-000311B",
                1
            ],
            [
                "SKU-000235A",
                1
            ],
            [
                "SKU-000312C",
                1
            ]
        ],
        "pickTime": "2025-07-17 17:43:54"
    },
    {
        "replenish": false,
        "skus": [
            [
                "SKU-000112C",
                1
            ],
            [
                "SKU-000462C",
                1
            ],
            [
                "SKU-000036B",
                1
            ],
            [
                "SKU-000370A",
                1
            ],
            [
                "SKU-000232A",
                1
            ]
        ],
        "pickTime": "2025-07-17 17:44:24"
    },
    {
        "replenish": false,
        "skus": [
            [
                "SKU-000178D",
                1
            ],
            [
                "SKU-000199C",
                1
            ],
            [
                "SKU-000148B",
                1
            ],
            [
                "SKU-000494D",
                1
            ],
            [
                "SKU-000124C",
                1
            ],
            [
                "SKU-000151A",
                1
            ],
            [
                "SKU-000415B",
                1
            ],
            [
                "SKU-000203A",
                1
            ]
        ],
        "pickTime": "2025-07-18 08:03:28"
    },
    {
        "replenish": false,
        "skus": [
            [
                "SKU-000283D",
                1
            ]
        ],
        "pickTime": "2025-07-18 12:05:57"
    },
    {
        "replenish": false,
        "skus": [
            [
                "SKU-000230D",
                1
            ]
        ],
        "pickTime": "2025-07-18 15:10:12"
    },
    {
        "replenish": false,
        "skus": [
            [
                "SKU-000182C",
                1
            ],
            [
                "SKU-000180A",
                1
            ]
        ],
        "pickTime": "2025-07-18 21:22:21"
    },
    {
        "replenish": false,
        "skus": [
            [
                "SKU-000088B",
                1
            ]
        ],
        "pickTime": "2025-07-19 03:32:20"
    },
    {
        "replenish": false,
        "skus": [
            [
                "SKU-000408B",
                1
            ],
            [
                "SKU-000368B",
                1
            ],
            [
                "SKU-000281D",
                1
            ]
        ],
        "pickTime": "2025-07-19 04:17:40"
    },
    {
        "replenish": false,
        "skus": [
            [
                "SKU-000359C",
                1
            ],
            [
                "SKU-000266D",
                1
            ],
            [
                "SKU-000412B",
                1
            ],
            [
                "SKU-000176D",
                1
            ],
            [
                "SKU-000108C",
                1
            ],
            [
                "SKU-000003C",
                1
            ],
            [
                "SKU-000288B",
                1
            ],
            [
                "SKU-000008A",
                1
            ],
            [
                "SKU-000018C",
                1
            ],
            [
                "SKU-000346C",
                1
            ],
            [
                "SKU-000042A",
                1
            ],
            [
                "SKU-000348A",
                1
            ],
            [
                "SKU-000458B",
                1
            ]
        ],
        "pickTime": "2025-07-19 05:24:50"
    },
    {
        "replenish": false,
        "skus": [
            [
                "SKU-000037A",
                1
            ],
            [
                "SKU-000053C",
                1
            ],
            [
                "SKU-000408B",
                1
            ],
            [
                "SKU-000159D",
                1
            ],
            [
                "SKU-000462B",
                1
            ],
            [
                "SKU-000040B",
                1
            ]
        ],
        "pickTime": "2025-07-19 14:47:58"
    },
    {
        "replenish": false,
        "skus": [
            [
                "SKU-000488D",
                1
            ],
            [
                "SKU-000280B",
                1
            ],
            [
                "SKU-000077B",
                1
            ]
        ],
        "pickTime": "2025-07-20 22:14:16"
    },
    {
        "replenish": false,
        "skus": [
            [
                "SKU-000364B",
                1
            ],
            [
                "SKU-000463D",
                1
            ],
            [
                "SKU-000382D",
                1
            ],
            [
                "SKU-000337B",
                1
            ]
        ],
        "pickTime": "2025-07-20 22:56:52"
    },
    {
        "replenish": false,
        "skus": [
            [
                "SKU-000432A",
                1
            ],
            [
                "SKU-000205D",
                1
            ],
            [
                "SKU-000238D",
                1
            ]
        ],
        "pickTime": "2025-07-21 08:12:56"
    },
    {
        "replenish": false,
        "skus": [
            [
                "SKU-000125A",
                1
            ]
        ],
        "pickTime": "2025-07-21 08:58:13"
    },
    {
        "replenish": false,
        "skus": [
            [
                "SKU-000451B",
                1
            ],
            [
                "SKU-000259A",
                1
            ],
            [
                "SKU-000380B",
                1
            ],
            [
                "SKU-000214A",
                1
            ],
            [
                "SKU-000071C",
                1
            ]
        ],
        "pickTime": "2025-07-21 09:52:51"
    },
    {
        "replenish": false,
        "skus": [
            [
                "SKU-000346D",
                1
            ]
        ],
        "pickTime": "2025-07-21 22:11:35"
    },
    {
        "replenish": false,
        "skus": [
            [
                "SKU-000267D",
                1
            ],
            [
                "SKU-000347D",
                1
            ]
        ],
        "pickTime": "2025-07-22 07:22:55"
    },
    {
        "replenish": false,
        "skus": [
            [
                "SKU-000333C",
                1
            ]
        ],
        "pickTime": "2025-07-22 07:25:48"
    },
    {
        "replenish": false,
        "skus": [
            [
                "SKU-000081B",
                1
            ]
        ],
        "pickTime": "2025-07-23 00:46:23"
    },
    {
        "replenish": false,
        "skus": [
            [
                "SKU-000231C",
                1
            ],
            [
                "SKU-000266D",
                1
            ],
            [
                "SKU-000462A",
                1
            ],
            [
                "SKU-000288A",
                1
            ],
            [
                "SKU-000261A",
                1
            ],
            [
                "SKU-000260B",
                1
            ],
            [
                "SKU-000413C",
                1
            ],
            [
                "SKU-000114A",
                1
            ],
            [
                "SKU-000329B",
                1
            ],
            [
                "SKU-000087C",
                1
            ],
            [
                "SKU-000104B",
                1
            ],
            [
                "SKU-000120C",
                1
            ],
            [
                "SKU-000190D",
                1
            ],
            [
                "SKU-000100D",
                1
            ],
            [
                "SKU-000366B",
                1
            ],
            [
                "SKU-000288B",
                1
            ],
            [
                "SKU-000489D",
                1
            ]
        ],
        "pickTime": "2025-07-23 06:09:32"
    },
    {
        "replenish": false,
        "skus": [
            [
                "SKU-000243A",
                1
            ]
        ],
        "pickTime": "2025-07-23 15:55:45"
    },
    {
        "replenish": false,
        "skus": [
            [
                "SKU-000397A",
                1
            ],
            [
                "SKU-000305A",
                1
            ]
        ],
        "pickTime": "2025-07-23 16:11:00"
    },
    {
        "replenish": false,
        "skus": [
            [
                "SKU-000484D",
                1
            ],
            [
                "SKU-000309C",
                1
            ]
        ],
        "pickTime": "2025-07-23 20:26:34"
    },
    {
        "replenish": false,
        "skus": [
            [
                "SKU-000348C",
                1
            ]
        ],
        "pickTime": "2025-07-24 02:36:09"
    },
    {
        "replenish": false,
        "skus": [
            [
                "SKU-000213A",
                1
            ],
            [
                "SKU-000040C",
                1
            ],
            [
                "SKU-000178D",
                1
            ]
        ],
        "pickTime": "2025-07-24 08:01:03"
    },
    {
        "replenish": false,
        "skus": [
            [
                "SKU-000173B",
                1
            ],
            [
                "SKU-000056A",
                1
            ]
        ],
        "pickTime": "2025-07-24 09:35:03"
    },
    {
        "replenish": false,
        "skus": [
            [
                "SKU-000370C",
                1
            ]
        ],
        "pickTime": "2025-07-24 23:33:08"
    },
    {
        "replenish": false,
        "skus": [
            [
                "SKU-000088B",
                1
            ],
            [
                "SKU-000258D",
                1
            ],
            [
                "SKU-000205D",
                1
            ]
        ],
        "pickTime": "2025-07-25 08:20:31"
    },
    {
        "replenish": false,
        "skus": [
            [
                "SKU-000182C",
                1
            ]
        ],
        "pickTime": "2025-07-25 14:23:15"
    },
    {
        "replenish": false,
        "skus": [
            [
                "SKU-000164C",
                1
            ],
            [
                "SKU-000103D",
                1
            ],
            [
                "SKU-000004D",
                1
            ]
        ],
        "pickTime": "2025-07-25 15:00:10"
    },
    {
        "replenish": false,
        "skus": [
            [
                "SKU-000093C",
                1
            ],
            [
                "SKU-000283B",
                1
            ]
        ],
        "pickTime": "2025-07-25 18:52:19"
    },
    {
        "replenish": false,
        "skus": [
            [
                "SKU-000376B",
                1
            ],
            [
                "SKU-000405B",
                1
            ],
            [
                "SKU-000073A",
                1
            ],
            [
                "SKU-000365D",
                1
            ],
            [
                "SKU-000312D",
                1
            ]
        ],
        "pickTime": "2025-07-26 05:22:02"
    },
    {
        "replenish": false,
        "skus": [
            [
                "SKU-000478C",
                1
            ],
            [
                "SKU-000468D",
                1
            ],
            [
                "SKU-000051B",
                1
            ],
            [
                "SKU-000306D",
                1
            ],
            [
                "SKU-000237A",
                1
            ],
            [
                "SKU-000007A",
                1
            ],
            [
                "SKU-000358B",
                1
            ],
            [
                "SKU-000230D",
                1
            ],
            [
                "SKU-000188C",
                1
            ],
            [
                "SKU-000039A",
                1
            ],
            [
                "SKU-000061A",
                1
            ],
            [
                "SKU-000277B",
                1
            ],
            [
                "SKU-000187B",
                1
            ],
            [
                "SKU-000499D",
                1
            ],
            [
                "SKU-000129A",
                1
            ]
        ],
        "pickTime": "2025-07-26 05:35:47"
    },
    {
        "replenish": false,
        "skus": [
            [
                "SKU-000065C",
                1
            ],
            [
                "SKU-000443C",
                1
            ],
            [
                "SKU-000092A",
                1
            ],
            [
                "SKU-000424A",
                1
            ],
            [
                "SKU-000332D",
                1
            ],
            [
                "SKU-000144D",
                1
            ],
            [
                "SKU-000430B",
                1
            ],
            [
                "SKU-000382B",
                1
            ]
        ],
        "pickTime": "2025-07-26 06:09:37"
    },
    {
        "replenish": false,
        "skus": [
            [
                "SKU-000229B",
                1
            ],
            [
                "SKU-000160B",
                1
            ],
            [
                "SKU-000237B",
                1
            ],
            [
                "SKU-000036B",
                1
            ],
            [
                "SKU-000143C",
                1
            ],
            [
                "SKU-000361D",
                1
            ]
        ],
        "pickTime": "2025-07-26 08:50:48"
    },
    {
        "replenish": false,
        "skus": [
            [
                "SKU-000366C",
                1
            ],
            [
                "SKU-000288B",
                1
            ],
            [
                "SKU-000365B",
                1
            ],
            [
                "SKU-000436D",
                1
            ],
            [
                "SKU-000471D",
                1
            ]
        ],
        "pickTime": "2025-07-26 10:46:15"
    },
    {
        "replenish": false,
        "skus": [
            [
                "SKU-000178D",
                1
            ]
        ],
        "pickTime": "2025-07-26 18:36:40"
    },
    {
        "replenish": false,
        "skus": [
            [
                "SKU-000337B",
                1
            ],
            [
                "SKU-000045C",
                1
            ],
            [
                "SKU-000197B",
                1
            ],
            [
                "SKU-000331C",
                1
            ],
            [
                "SKU-000284B",
                1
            ]
        ],
        "pickTime": "2025-07-26 22:16:10"
    },
    {
        "replenish": false,
        "skus": [
            [
                "SKU-000465A",
                1
            ],
            [
                "SKU-000051C",
                1
            ],
            [
                "SKU-000131B",
                1
            ],
            [
                "SKU-000397D",
                1
            ],
            [
                "SKU-000077C",
                1
            ],
            [
                "SKU-000357C",
                1
            ],
            [
                "SKU-000246B",
                1
            ],
            [
                "SKU-000400D",
                1
            ]
        ],
        "pickTime": "2025-07-27 01:05:14"
    },
    {
        "replenish": false,
        "skus": [
            [
                "SKU-000392A",
                1
            ],
            [
                "SKU-000354C",
                1
            ],
            [
                "SKU-000005C",
                1
            ],
            [
                "SKU-000179B",
                1
            ],
            [
                "SKU-000427D",
                1
            ],
            [
                "SKU-000004D",
                1
            ],
            [
                "SKU-000012D",
                1
            ],
            [
                "SKU-000065A",
                1
            ],
            [
                "SKU-000487D",
                1
            ],
            [
                "SKU-000059B",
                1
            ],
            [
                "SKU-000285D",
                1
            ],
            [
                "SKU-000449D",
                1
            ],
            [
                "SKU-000260D",
                1
            ],
            [
                "SKU-000121D",
                1
            ]
        ],
        "pickTime": "2025-07-27 12:05:59"
    },
    {
        "replenish": false,
        "skus": [
            [
                "SKU-000277A",
                1
            ],
            [
                "SKU-000325C",
                1
            ]
        ],
        "pickTime": "2025-07-27 19:51:50"
    },
    {
        "replenish": false,
        "skus": [
            [
                "SKU-000181D",
                1
            ],
            [
                "SKU-000119A",
                1
            ]
        ],
        "pickTime": "2025-07-27 22:57:52"
    },
    {
        "replenish": false,
        "skus": [
            [
                "SKU-000178D",
                1
            ],
            [
                "SKU-000233D",
                1
            ],
            [
                "SKU-000438D",
                1
            ]
        ],
        "pickTime": "2025-07-28 06:56:55"
    },
    {
        "replenish": false,
        "skus": [
            [
                "SKU-000162B",
                1
            ],
            [
                "SKU-000092C",
                1
            ]
        ],
        "pickTime": "2025-07-28 11:23:09"
    },
    {
        "replenish": false,
        "skus": [
            [
                "SKU-000414D",
                1
            ]
        ],
        "pickTime": "2025-07-28 15:41:11"
    },
    {
        "replenish": false,
        "skus": [
            [
                "SKU-000425C",
                1
            ],
            [
                "SKU-000310C",
                1
            ],
            [
                "SKU-000309A",
                1
            ],
            [
                "SKU-000194B",
                1
            ],
            [
                "SKU-000257D",
                1
            ],
            [
                "SKU-000432A",
                1
            ],
            [
                "SKU-000495A",
                1
            ],
            [
                "SKU-000401C",
                1
            ]
        ],
        "pickTime": "2025-07-28 20:09:28"
    },
    {
        "replenish": false,
        "skus": [
            [
                "SKU-000237D",
                1
            ],
            [
                "SKU-000485A",
                1
            ]
        ],
        "pickTime": "2025-07-29 09:07:39"
    },
    {
        "replenish": false,
        "skus": [
            [
                "SKU-000333C",
                1
            ],
            [
                "SKU-000431A",
                1
            ],
            [
                "SKU-000380D",
                1
            ],
            [
                "SKU-000141C",
                1
            ],
            [
                "SKU-000350D",
                1
            ],
            [
                "SKU-000391B",
                1
            ],
            [
                "SKU-000487B",
                1
            ]
        ],
        "pickTime": "2025-07-30 05:02:20"
    },
    {
        "replenish": false,
        "skus": [
            [
                "SKU-000148B",
                1
            ],
            [
                "SKU-000498B",
                1
            ],
            [
                "SKU-000402C",
                1
            ],
            [
                "SKU-000398C",
                1
            ],
            [
                "SKU-000362B",
                1
            ]
        ],
        "pickTime": "2025-07-30 06:05:10"
    },
    {
        "replenish": false,
        "skus": [
            [
                "SKU-000107B",
                1
            ]
        ],
        "pickTime": "2025-07-30 08:23:23"
    }
]