[
    {
        "replenish": true,
        "skus": [
            [
                "SKU-000100A",
                1
            ],
            [
                "SKU-000004D",
                1
            ],
            [
                "SKU-000157A",
                1
            ],
            [
                "SKU-000397A",
                1
            ],
            [
                "SKU-000011A",
                1
            ],
            [
                "SKU-000492B",
                1
            ],
            [
                "SKU-000014D",
                1
            ]
        ],
        "pickTime": "2025-07-01 02:32:06"
    },
    {
        "replenish": true,
        "skus": [
            [
                "SKU-000353D",
                1
            ]
        ],
        "pickTime": "2025-07-01 02:58:03"
    },
    {
        "replenish": true,
        "skus": [
            [
                "SKU-000343B",
                1
            ],
            [
                "SKU-000079A",
                1
            ]
        ],
        "pickTime": "2025-07-01 03:40:25"
    },
    {
        "replenish": true,
        "skus": [
            [
                "SKU-000435A",
                1
            ],
            [
                "SKU-000093C",
                1
            ]
        ],
        "pickTime": "2025-07-01 13:16:54"
    },
    {
        "replenish": true,
        "skus": [
            [
                "SKU-000117B",
                1
            ],
            [
                "SKU-000392C",
                1
            ],
            [
                "SKU-000283C",
                1
            ]
        ],
        "pickTime": "2025-07-01 21:02:21"
    },
    {
        "replenish": true,
        "skus": [
            [
                "SKU-000456C",
                1
            ],
            [
                "SKU-000096D",
                1
            ],
            [
                "SKU-000150C",
                1
            ],
            [
                "SKU-000266A",
                1
            ],
            [
                "SKU-000356D",
                1
            ],
            [
                "SKU-000190D",
                1
            ],
            [
                "SKU-000252C",
                1
            ],
            [
                "SKU-000297D",
                1
            ],
            [
                "SKU-000161C",
                1
            ],
            [
                "SKU-000099A",
                1
            ],
            [
                "SKU-000082B",
                1
            ],
            [
                "SKU-000372B",
                1
            ]
        ],
        "pickTime": "2025-07-02 01:17:30"
    },
    {
        "replenish": true,
        "skus": [
            [
                "SKU-000124B",
                1
            ],
            [
                "SKU-000142A",
                1
            ],
            [
                "SKU-000296C",
                1
            ],
            [
                "SKU-000016C",
                1
            ],
            [
                "SKU-000237C",
                1
            ]
        ],
        "pickTime": "2025-07-02 03:53:29"
    },
    {
        "replenish": true,
        "skus": [
            [
                "SKU-000012D",
                1
            ],
            [
                "SKU-000422C",
                1
            ],
            [
                "SKU-000311B",
                1
            ],
            [
                "SKU-000211A",
                1
            ]
        ],
        "pickTime": "2025-07-02 10:02:05"
    },
    {
        "replenish": true,
        "skus": [
            [
                "SKU-000359B",
                1
            ],
            [
                "SKU-000324C",
                1
            ],
            [
                "SKU-000466B",
                1
            ],
            [
                "SKU-000099A",
                1
            ],
            [
                "SKU-000274C",
                1
            ],
            [
                "SKU-000348A",
                1
            ],
            [
                "SKU-000099A",
                1
            ],
            [
                "SKU-000080D",
                1
            ],
            [
                "SKU-000227A",
                1
            ],
            [
                "SKU-000429C",
                1
            ],
            [
                "SKU-000143B",
                1
            ],
            [
                "SKU-000160D",
                1
            ],
            [
                "SKU-000355D",
                1
            ],
            [
                "SKU-000042A",
                1
            ],
            [
                "SKU-000484B",
                1
            ],
            [
                "SKU-000017D",
                1
            ],
            [
                "SKU-000100C",
                1
            ],
            [
                "SKU-000379D",
                1
            ],
            [
                "SKU-000250D",
                1
            ],
            [
                "SKU-000263D",
                1
            ],
            [
                "SKU-000027C",
                1
            ],
            [
                "SKU-000319A",
                1
            ],
            [
                "SKU-000083A",
                1
            ],
            [
                "SKU-000307B",
                1
            ],
            [
                "SKU-000068B",
                1
            ],
            [
                "SKU-000404C",
                1
            ],
            [
                "SKU-000328B",
                1
            ],
            [
                "SKU-000248A",
                1
            ],
            [
                "SKU-000092D",
                1
            ],
            [
                "SKU-000287A",
                1
            ]
        ],
        "pickTime": "2025-07-03 06:59:22"
    },
    {
        "replenish": true,
        "skus": [
            [
                "SKU-000037A",
                1
            ],
            [
                "SKU-000500B",
                1
            ],
            [
                "SKU-000460C",
                1
            ]
        ],
        "pickTime": "2025-07-03 16:06:35"
    },
    {
        "replenish": true,
        "skus": [
            [
                "SKU-000285B",
                1
            ],
            [
                "SKU-000326D",
                1
            ]
        ],
        "pickTime": "2025-07-03 18:37:49"
    },
    {
        "replenish": true,
        "skus": [
            [
                "SKU-000303A",
                1
            ],
            [
                "SKU-000252D",
                1
            ],
            [
                "SKU-000256C",
                1
            ],
            [
                "SKU-000408B",
                1
            ],
            [
                "SKU-000300B",
                1
            ],
            [
                "SKU-000243A",
                1
            ],
            [
                "SKU-000497D",
                1
            ],
            [
                "SKU-000339A",
                1
            ],
            [
                "SKU-000463B",
                1
            ],
            [
                "SKU-000133C",
                1
            ],
            [
                "SKU-000072C",
                1
            ],
            [
                "SKU-000364D",
                1
            ],
            [
                "SKU-000120D",
                1
            ],
            [
                "SKU-000324C",
                1
            ],
            [
                "SKU-000255D",
                1
            ],
            [
                "SKU-000124B",
                1
            ],
            [
                "SKU-000496A",
                1
            ]
        ],
        "pickTime": "2025-07-03 19:53:17"
    },
    {
        "replenish": true,
        "skus": [
            [
                "SKU-000437B",
                1
            ]
        ],
        "pickTime": "2025-07-04 09:05:48"
    },
    {
        "replenish": true,
        "skus": [
            [
                "SKU-000421A",
                1
            ]
        ],
        "pickTime": "2025-07-04 10:10:49"
    },
    {
        "replenish": true,
        "skus": [
            [
                "SKU-000096D",
                1
            ],
            [
                "SKU-000479C",
                1
            ],
            [
                "SKU-000297C",
                1
            ],
            [
                "SKU-000198B",
                1
            ],
            [
                "SKU-000255D",
                1
            ],
            [
                "SKU-000452C",
                1
            ],
            [
                "SKU-000423C",
                1
            ],
            [
                "SKU-000210B",
                1
            ],
            [
                "SKU-000103C",
                1
            ]
        ],
        "pickTime": "2025-07-04 18:20:21"
    },
    {
        "replenish": true,
        "skus": [
            [
                "SKU-000110D",
                1
            ],
            [
                "SKU-000425D",
                1
            ],
            [
                "SKU-000496C",
                1
            ]
        ],
        "pickTime": "2025-07-04 22:46:23"
    },
    {
        "replenish": true,
        "skus": [
            [
                "SKU-000412D",
                1
            ],
            [
                "SKU-000353B",
                1
            ],
            [
                "SKU-000465B",
                1
            ],
            [
                "SKU-000287A",
                1
            ],
            [
                "SKU-000374D",
                1
            ],
            [
                "SKU-000307A",
                1
            ],
            [
                "SKU-000440A",
                1
            ],
            [
                "SKU-000299D",
                1
            ],
            [
                "SKU-000470B",
                1
            ]
        ],
        "pickTime": "2025-07-05 00:44:12"
    },
    {
        "replenish": true,
        "skus": [
            [
                "SKU-000086C",
                1
            ],
            [
                "SKU-000148D",
                1
            ],
            [
                "SKU-000324C",
                1
            ]
        ],
        "pickTime": "2025-07-05 06:23:41"
    },
    {
        "replenish": true,
        "skus": [
            [
                "SKU-000067C",
                1
            ],
            [
                "SKU-000007D",
                1
            ],
            [
                "SKU-000043A",
                1
            ],
            [
                "SKU-000473C",
                1
            ],
            [
                "SKU-000190D",
                1
            ]
        ],
        "pickTime": "2025-07-05 11:40:15"
    },
    {
        "replenish": true,
        "skus": [
            [
                "SKU-000060A",
                1
            ],
            [
                "SKU-000429D",
                1
            ],
            [
                "SKU-000397D",
                1
            ],
            [
                "SKU-000487D",
                1
            ],
            [
                "SKU-000318C",
                1
            ],
            [
                "SKU-000222C",
                1
            ],
            [
                "SKU-000484B",
                1
            ],
            [
                "SKU-000059B",
                1
            ],
            [
                "SKU-000318C",
                1
            ],
            [
                "SKU-000225B",
                1
            ],
            [
                "SKU-000210D",
                1
            ]
        ],
        "pickTime": "2025-07-05 12:11:52"
    },
    {
        "replenish": true,
        "skus": [
            [
                "SKU-000239A",
                1
            ],
            [
                "SKU-000395A",
                1
            ],
            [
                "SKU-000081A",
                1
            ],
            [
                "SKU-000161A",
                1
            ],
            [
                "SKU-000368C",
                1
            ],
            [
                "SKU-000153A",
                1
            ]
        ],
        "pickTime": "2025-07-05 16:17:25"
    },
    {
        "replenish": true,
        "skus": [
            [
                "SKU-000193A",
                1
            ],
            [
                "SKU-000218A",
                1
            ]
        ],
        "pickTime": "2025-07-06 11:21:29"
    },
    {
        "replenish": true,
        "skus": [
            [
                "SKU-000027C",
                1
            ]
        ],
        "pickTime": "2025-07-06 12:07:09"
    },
    {
        "replenish": true,
        "skus": [
            [
                "SKU-000277A",
                1
            ],
            [
                "SKU-000430B",
                1
            ],
            [
                "SKU-000211D",
                1
            ],
            [
                "SKU-000352D",
                1
            ],
            [
                "SKU-000079C",
                1
            ],
            [
                "SKU-000099A",
                1
            ]
        ],
        "pickTime": "2025-07-06 21:19:05"
    },
    {
        "replenish": true,
        "skus": [
            [
                "SKU-000452C",
                1
            ],
            [
                "SKU-000071C",
                1
            ],
            [
                "SKU-000292B",
                1
            ],
            [
                "SKU-000136B",
                1
            ]
        ],
        "pickTime": "2025-07-07 08:17:55"
    },
    {
        "replenish": true,
        "skus": [
            [
                "SKU-000486D",
                1
            ],
            [
                "SKU-000105D",
                1
            ],
            [
                "SKU-000095A",
                1
            ],
            [
                "SKU-000062C",
                1
            ],
            [
                "SKU-000187B",
                1
            ],
            [
                "SKU-000368C",
                1
            ]
        ],
        "pickTime": "2025-07-07 16:27:02"
    },
    {
        "replenish": true,
        "skus": [
            [
                "SKU-000176C",
                1
            ],
            [
                "SKU-000318C",
                1
            ],
            [
                "SKU-000392A",
                1
            ],
            [
                "SKU-000115D",
                1
            ],
            [
                "SKU-000135B",
                1
            ],
            [
                "SKU-000337A",
                1
            ]
        ],
        "pickTime": "2025-07-07 20:07:22"
    },
    {
        "replenish": true,
        "skus": [
            [
                "SKU-000062C",
                1
            ]
        ],
        "pickTime": "2025-07-08 00:17:06"
    },
    {
        "replenish": true,
        "skus": [
            [
                "SKU-000464D",
                1
            ],
            [
                "SKU-000115B",
                1
            ],
            [
                "SKU-000255D",
                1
            ]
        ],
        "pickTime": "2025-07-08 02:21:03"
    },
    {
        "replenish": true,
        "skus": [
            [
                "SKU-000379D",
                1
            ],
            [
                "SKU-000007A",
                1
            ],
            [
                "SKU-000439D",
                1
            ],
            [
                "SKU-000045C",
                1
            ]
        ],
        "pickTime": "2025-07-08 05:30:38"
    },
    {
        "replenish": true,
        "skus": [
            [
                "SKU-000124A",
                1
            ],
            [
                "SKU-000077A",
                1
            ],
            [
                "SKU-000081A",
                1
            ],
            [
                "SKU-000121D",
                1
            ]
        ],
        "pickTime": "2025-07-08 16:17:12"
    },
    {
        "replenish": true,
        "skus": [
            [
                "SKU-000243B",
                1
            ],
            [
                "SKU-000274B",
                1
            ],
            [
                "SKU-000035D",
                1
            ],
            [
                "SKU-000067D",
                1
            ],
            [
                "SKU-000031B",
                1
            ],
            [
                "SKU-000233B",
                1
            ],
            [
                "SKU-000007A",
                1
            ]
        ],
        "pickTime": "2025-07-09 00:22:26"
    },
    {
        "replenish": true,
        "skus": [
            [
                "SKU-000378A",
                1
            ],
            [
                "SKU-000383B",
                1
            ],
            [
                "SKU-000124A",
                1
            ]
        ],
        "pickTime": "2025-07-09 10:48:53"
    },
    {
        "replenish": true,
        "skus": [
            [
                "SKU-000028B",
                1
            ],
            [
                "SKU-000441C",
                1
            ],
            [
                "SKU-000035B",
                1
            ]
        ],
        "pickTime": "2025-07-09 19:12:26"
    },
    {
        "replenish": true,
        "skus": [
            [
                "SKU-000060C",
                1
            ],
            [
                "SKU-000124B",
                1
            ],
            [
                "SKU-000216B",
                1
            ],
            [
                "SKU-000093C",
                1
            ],
            [
                "SKU-000229D",
                1
            ],
            [
                "SKU-000099A",
                1
            ],
            [
                "SKU-000008C",
                1
            ],
            [
                "SKU-000068B",
                1
            ],
            [
                "SKU-000417C",
                1
            ],
            [
                "SKU-000303C",
                1
            ],
            [
                "SKU-000481B",
                1
            ],
            [
                "SKU-000116A",
                1
            ],
            [
                "SKU-000324B",
                1
            ],
            [
                "SKU-000309C",
                1
            ],
            [
                "SKU-000040C",
                1
            ],
            [
                "SKU-000449A",
                1
            ],
            [
                "SKU-000030A",
                1
            ],
            [
                "SKU-000075C",
                1
            ],
            [
                "SKU-000068B",
                1
            ],
            [
                "SKU-000207D",
                1
            ],
            [
                "SKU-000470B",
                1
            ],
            [
                "SKU-000018D",
                1
            ],
            [
                "SKU-000198B",
                1
            ],
            [
                "SKU-000187B",
                1
            ],
            [
                "SKU-000362B",
                1
            ],
            [
                "SKU-000138A",
                1
            ],
            [
                "SKU-000137B",
                1
            ],
            [
                "SKU-000214C",
                1
            ],
            [
                "SKU-000182B",
                1
            ],
            [
                "SKU-000035B",
                1
            ],
            [
                "SKU-000068C",
                1
            ],
            [
                "SKU-000280C",
                1
            ],
            [
                "SKU-000202B",
                1
            ],
            [
                "SKU-000393D",
                1
            ],
            [
                "SKU-000078B",
                1
            ],
            [
                "SKU-000296C",
                1
            ]
        ],
        "pickTime": "2025-07-10 02:35:14"
    },
    {
        "replenish": true,
        "skus": [
            [
                "SKU-000374D",
                1
            ],
            [
                "SKU-000096B",
                1
            ],
            [
                "SKU-000349A",
                1
            ],
            [
                "SKU-000480A",
                1
            ],
            [
                "SKU-000356C",
                1
            ],
            [
                "SKU-000348A",
                1
            ],
            [
                "SKU-000491D",
                1
            ],
            [
                "SKU-000311B",
                1
            ],
            [
                "SKU-000097B",
                1
            ]
        ],
        "pickTime": "2025-07-10 17:49:03"
    },
    {
        "replenish": true,
        "skus": [
            [
                "SKU-000210A",
                1
            ],
            [
                "SKU-000038D",
                1
            ],
            [
                "SKU-000463B",
                1
            ]
        ],
        "pickTime": "2025-07-10 21:10:24"
    },
    {
        "replenish": true,
        "skus": [
            [
                "SKU-000341D",
                1
            ],
            [
                "SKU-000274B",
                1
            ],
            [
                "SKU-000071C",
                1
            ],
            [
                "SKU-000201B",
                1
            ],
            [
                "SKU-000318C",
                1
            ],
            [
                "SKU-000190D",
                1
            ],
            [
                "SKU-000316A",
                1
            ],
            [
                "SKU-000439D",
                1
            ],
            [
                "SKU-000389B",
                1
            ]
        ],
        "pickTime": "2025-07-11 23:48:35"
    },
    {
        "replenish": true,
        "skus": [
            [
                "SKU-000346D",
                1
            ],
            [
                "SKU-000307A",
                1
            ],
            [
                "SKU-000102A",
                1
            ],
            [
                "SKU-000479C",
                1
            ],
            [
                "SKU-000331D",
                1
            ],
            [
                "SKU-000439D",
                1
            ],
            [
                "SKU-000090C",
                1
            ],
            [
                "SKU-000206A",
                1
            ],
            [
                "SKU-000478B",
                1
            ],
            [
                "SKU-000376B",
                1
            ],
            [
                "SKU-000084A",
                1
            ],
            [
                "SKU-000307B",
                1
            ],
            [
                "SKU-000310C",
                1
            ]
        ],
        "pickTime": "2025-07-12 01:24:35"
    },
    {
        "replenish": true,
        "skus": [
            [
                "SKU-000399B",
                1
            ],
            [
                "SKU-000311B",
                1
            ],
            [
                "SKU-000390C",
                1
            ]
        ],
        "pickTime": "2025-07-12 02:36:17"
    },
    {
        "replenish": true,
        "skus": [
            [
                "SKU-000447D",
                1
            ],
            [
                "SKU-000354D",
                1
            ],
            [
                "SKU-000244C",
                1
            ],
            [
                "SKU-000218A",
                1
            ],
            [
                "SKU-000429D",
                1
            ],
            [
                "SKU-000191A",
                1
            ],
            [
                "SKU-000478C",
                1
            ],
            [
                "SKU-000478B",
                1
            ],
            [
                "SKU-000365A",
                1
            ]
        ],
        "pickTime": "2025-07-12 08:31:42"
    },
    {
        "replenish": true,
        "skus": [
            [
                "SKU-000267B",
                1
            ],
            [
                "SKU-000060C",
                1
            ],
            [
                "SKU-000263D",
                1
            ],
            [
                "SKU-000361B",
                1
            ],
            [
                "SKU-000096D",
                1
            ]
        ],
        "pickTime": "2025-07-12 11:37:27"
    },
    {
        "replenish": true,
        "skus": [
            [
                "SKU-000126D",
                1
            ],
            [
                "SKU-000318C",
                1
            ],
            [
                "SKU-000463D",
                1
            ],
            [
                "SKU-000398C",
                1
            ],
            [
                "SKU-000265A",
                1
            ],
            [
                "SKU-000243B",
                1
            ],
            [
                "SKU-000024C",
                1
            ],
            [
                "SKU-000319B",
                1
            ],
            [
                "SKU-000345B",
                1
            ],
            [
                "SKU-000035B",
                1
            ],
            [
                "SKU-000480A",
                1
            ],
            [
                "SKU-000221A",
                1
            ],
            [
                "SKU-000318C",
                1
            ],
            [
                "SKU-000351C",
                1
            ],
            [
                "SKU-000196A",
                1
            ],
            [
                "SKU-000172B",
                1
            ],
            [
                "SKU-000258D",
                1
            ],
            [
                "SKU-000488B",
                1
            ],
            [
                "SKU-000298C",
                1
            ],
            [
                "SKU-000243B",
                1
            ],
            [
                "SKU-000299B",
                1
            ],
            [
                "SKU-000229B",
                1
            ],
            [
                "SKU-000392D",
                1
            ],
            [
                "SKU-000439B",
                1
            ],
            [
                "SKU-000012D",
                1
            ],
            [
                "SKU-000488C",
                1
            ],
            [
                "SKU-000397C",
                1
            ],
            [
                "SKU-000152D",
                1
            ],
            [
                "SKU-000092D",
                1
            ],
            [
                "SKU-000067C",
                1
            ],
            [
                "SKU-000452C",
                1
            ],
            [
                "SKU-000230C",
                1
            ],
            [
                "SKU-000123C",
                1
            ],
            [
                "SKU-000070C",
                1
            ],
            [
                "SKU-000364D",
                1
            ],
            [
                "SKU-000478B",
                1
            ],
            [
                "SKU-000292C",
                1
            ]
        ],
        "pickTime": "2025-07-12 22:16:44"
    },
    {
        "replenish": true,
        "skus": [
            [
                "SKU-000409C",
                1
            ],
            [
                "SKU-000114C",
                1
            ],
            [
                "SKU-000138A",
                1
            ],
            [
                "SKU-000381A",
                1
            ],
            [
                "SKU-000478B",
                1
            ],
            [
                "SKU-000326D",
                1
            ],
            [
                "SKU-000213C",
                1
            ],
            [
                "SKU-000176C",
                1
            ],
            [
                "SKU-000294C",
                1
            ],
            [
                "SKU-000348A",
                1
            ],
            [
                "SKU-000218A",
                1
            ],
            [
                "SKU-000094B",
                1
            ],
            [
                "SKU-000017B",
                1
            ],
            [
                "SKU-000346D",
                1
            ],
            [
                "SKU-000205D",
                1
            ],
            [
                "SKU-000404C",
                1
            ],
            [
                "SKU-000414D",
                1
            ],
            [
                "SKU-000411C",
                1
            ],
            [
                "SKU-000120A",
                1
            ],
            [
                "SKU-000042A",
                1
            ],
            [
                "SKU-000439D",
                1
            ]
        ],
        "pickTime": "2025-07-12 23:15:04"
    },
    {
        "replenish": true,
        "skus": [
            [
                "SKU-000412A",
                1
            ],
            [
                "SKU-000075B",
                1
            ],
            [
                "SKU-000070C",
                1
            ],
            [
                "SKU-000041C",
                1
            ],
            [
                "SKU-000107B",
                1
            ],
            [
                "SKU-000281D",
                1
            ],
            [
                "SKU-000441C",
                1
            ],
            [
                "SKU-000250D",
                1
            ],
            [
                "SKU-000121B",
                1
            ],
            [
                "SKU-000124B",
                1
            ],
            [
                "SKU-000365D",
                1
            ],
            [
                "SKU-000023D",
                1
            ],
            [
                "SKU-000407D",
                1
            ],
            [
                "SKU-000042C",
                1
            ],
            [
                "SKU-000023D",
                1
            ]
        ],
        "pickTime": "2025-07-12 23:36:40"
    },
    {
        "replenish": true,
        "skus": [
            [
                "SKU-000376A",
                1
            ],
            [
                "SKU-000477D",
                1
            ],
            [
                "SKU-000293A",
                1
            ],
            [
                "SKU-000084A",
                1
            ],
            [
                "SKU-000022C",
                1
            ],
            [
                "SKU-000378D",
                1
            ],
            [
                "SKU-000407D",
                1
            ],
            [
                "SKU-000157B",
                1
            ],
            [
                "SKU-000484D",
                1
            ]
        ],
        "pickTime": "2025-07-12 23:39:40"
    },
    {
        "replenish": true,
        "skus": [
            [
                "SKU-000079A",
                1
            ],
            [
                "SKU-000137B",
                1
            ],
            [
                "SKU-000338D",
                1
            ],
            [
                "SKU-000108D",
                1
            ],
            [
                "SKU-000070A",
                1
            ],
            [
                "SKU-000299D",
                1
            ],
            [
                "SKU-000212D",
                1
            ],
            [
                "SKU-000176C",
                1
            ],
            [
                "SKU-000241C",
                1
            ],
            [
                "SKU-000272D",
                1
            ],
            [
                "SKU-000500D",
                1
            ],
            [
                "SKU-000080D",
                1
            ]
        ],
        "pickTime": "2025-07-13 07:58:40"
    },
    {
        "replenish": true,
        "skus": [
            [
                "SKU-000252D",
                1
            ],
            [
                "SKU-000140C",
                1
            ],
            [
                "SKU-000243B",
                1
            ]
        ],
        "pickTime": "2025-07-13 16:40:19"
    },
    {
        "replenish": true,
        "skus": [
            [
                "SKU-000446B",
                1
            ],
            [
                "SKU-000058D",
                1
            ],
            [
                "SKU-000043A",
                1
            ],
            [
                "SKU-000260B",
                1
            ],
            [
                "SKU-000097A",
                1
            ],
            [
                "SKU-000321B",
                1
            ],
            [
                "SKU-000351D",
                1
            ],
            [
                "SKU-000042C",
                1
            ],
            [
                "SKU-000176C",
                1
            ],
            [
                "SKU-000488B",
                1
            ],
            [
                "SKU-000252D",
                1
            ],
            [
                "SKU-000372D",
                1
            ],
            [
                "SKU-000162C",
                1
            ],
            [
                "SKU-000005D",
                1
            ],
            [
                "SKU-000040C",
                1
            ],
            [
                "SKU-000322B",
                1
            ],
            [
                "SKU-000439D",
                1
            ],
            [
                "SKU-000249A",
                1
            ],
            [
                "SKU-000394B",
                1
            ],
            [
                "SKU-000164C",
                1
            ],
            [
                "SKU-000426C",
                1
            ],
            [
                "SKU-000144A",
                1
            ],
            [
                "SKU-000260B",
                1
            ],
            [
                "SKU-000447D",
                1
            ],
            [
                "SKU-000179A",
                1
            ]
        ],
        "pickTime": "2025-07-14 20:50:28"
    },
    {
        "replenish": true,
        "skus": [
            [
                "SKU-000101C",
                1
            ],
            [
                "SKU-000478C",
                1
            ],
            [
                "SKU-000056B",
                1
            ]
        ],
        "pickTime": "2025-07-15 16:32:27"
    },
    {
        "replenish": false,
        "skus": [
            [
                "SKU-000159A",
                1
            ],
            [
                "SKU-000421A",
                1
            ],
            [
                "SKU-000380C",
                1
            ]
        ],
        "pickTime": "2025-07-15 19:29:44"
    },
    {
        "replenish": false,
        "skus": [
            [
                "SKU-000097A",
                1
            ]
        ],
        "pickTime": "2025-07-15 22:37:08"
    },
    {
        "replenish": false,
        "skus": [
            [
                "SKU-000300A",
                1
            ],
            [
                "SKU-000441C",
                1
            ],
            [
                "SKU-000205D",
                1
            ],
            [
                "SKU-000227A",
                1
            ]
        ],
        "pickTime": "2025-07-16 16:41:57"
    },
    {
        "replenish": false,
        "skus": [
            [
                "SKU-000334C",
                1
            ],
            [
                "SKU-000493B",
                1
            ],
            [
                "SKU-000472B",
                1
            ],
            [
                "SKU-000453B",
                1
            ]
        ],
        "pickTime": "2025-07-16 16:42:18"
    },
    {
        "replenish": false,
        "skus": [
            [
                "SKU-000388B",
                1
            ],
            [
                "SKU-000264B",
                1
            ]
        ],
        "pickTime": "2025-07-16 21:54:29"
    },
    {
        "replenish": false,
        "skus": [
            [
                "SKU-000030D",
                1
            ],
            [
                "SKU-000478C",
                1
            ],
            [
                "SKU-000484D",
                1
            ],
            [
                "SKU-000090C",
                1
            ],
            [
                "SKU-000289B",
                1
            ],
            [
                "SKU-000200C",
                1
            ],
            [
                "SKU-000053D",
                1
            ],
            [
                "SKU-000399D",
                1
            ]
        ],
        "pickTime": "2025-07-16 22:00:25"
    },
    {
        "replenish": false,
        "skus": [
            [
                "SKU-000161C",
                1
            ],
            [
                "SKU-000123D",
                1
            ],
            [
                "SKU-000359C",
                1
            ]
        ],
        "pickTime": "2025-07-16 22:30:08"
    },
    {
        "replenish": false,
        "skus": [
            [
                "SKU-000394B",
                1
            ],
            [
                "SKU-000264C",
                1
            ],
            [
                "SKU-000100A",
                1
            ],
            [
                "SKU-000256D",
                1
            ],
            [
                "SKU-000296C",
                1
            ],
            [
                "SKU-000157B",
                1
            ],
            [
                "SKU-000467D",
                1
            ],
            [
                "SKU-000243B",
                1
            ],
            [
                "SKU-000077B",
                1
            ],
            [
                "SKU-000120C",
                1
            ]
        ],
        "pickTime": "2025-07-18 02:32:24"
    },
    {
        "replenish": false,
        "skus": [
            [
                "SKU-000271A",
                1
            ],
            [
                "SKU-000058D",
                1
            ]
        ],
        "pickTime": "2025-07-18 03:14:05"
    },
    {
        "replenish": false,
        "skus": [
            [
                "SKU-000124A",
                1
            ],
            [
                "SKU-000277A",
                1
            ]
        ],
        "pickTime": "2025-07-18 04:37:30"
    },
    {
        "replenish": false,
        "skus": [
            [
                "SKU-000251C",
                1
            ],
            [
                "SKU-000112C",
                1
            ],
            [
                "SKU-000465B",
                1
            ],
            [
                "SKU-000386C",
                1
            ],
            [
                "SKU-000417B",
                1
            ],
            [
                "SKU-000176A",
                1
            ],
            [
                "SKU-000027C",
                1
            ],
            [
                "SKU-000002B",
                1
            ],
            [
                "SKU-000101C",
                1
            ],
            [
                "SKU-000156B",
                1
            ],
            [
                "SKU-000484D",
                1
            ],
            [
                "SKU-000191A",
                1
            ],
            [
                "SKU-000465B",
                1
            ],
            [
                "SKU-000352D",
                1
            ],
            [
                "SKU-000145A",
                1
            ]
        ],
        "pickTime": "2025-07-18 08:23:45"
    },
    {
        "replenish": false,
        "skus": [
            [
                "SKU-000393D",
                1
            ]
        ],
        "pickTime": "2025-07-18 10:15:59"
    },
    {
        "replenish": false,
        "skus": [
            [
                "SKU-000288D",
                1
            ],
            [
                "SKU-000134D",
                1
            ]
        ],
        "pickTime": "2025-07-18 18:17:44"
    },
    {
        "replenish": false,
        "skus": [
            [
                "SKU-000021B",
                1
            ],
            [
                "SKU-000454A",
                1
            ],
            [
                "SKU-000397C",
                1
            ],
            [
                "SKU-000211A",
                1
            ],
            [
                "SKU-000429D",
                1
            ],
            [
                "SKU-000247A",
                1
            ],
            [
                "SKU-000219B",
                1
            ],
            [
                "SKU-000216B",
                1
            ],
            [
                "SKU-000351B",
                1
            ],
            [
                "SKU-000353D",
                1
            ],
            [
                "SKU-000005C",
                1
            ]
        ],
        "pickTime": "2025-07-19 06:48:36"
    },
    {
        "replenish": false,
        "skus": [
            [
                "SKU-000064C",
                1
            ]
        ],
        "pickTime": "2025-07-19 13:50:34"
    },
    {
        "replenish": false,
        "skus": [
            [
                "SKU-000235A",
                1
            ]
        ],
        "pickTime": "2025-07-20 05:09:26"
    },
    {
        "replenish": false,
        "skus": [
            [
                "SKU-000092D",
                1
            ],
            [
                "SKU-000053A",
                1
            ]
        ],
        "pickTime": "2025-07-20 10:41:47"
    },
    {
        "replenish": false,
        "skus": [
            [
                "SKU-000185D",
                1
            ],
            [
                "SKU-000103D",
                1
            ],
            [
                "SKU-000284B",
                1
            ],
            [
                "SKU-000294C",
                1
            ],
            [
                "SKU-000210D",
                1
            ]
        ],
        "pickTime": "2025-07-20 13:09:37"
    },
    {
        "replenish": false,
        "skus": [
            [
                "SKU-000072C",
                1
            ],
            [
                "SKU-000446A",
                1
            ],
            [
                "SKU-000406B",
                1
            ]
        ],
        "pickTime": "2025-07-20 13:19:08"
    },
    {
        "replenish": false,
        "skus": [
            [
                "SKU-000222C",
                1
            ],
            [
                "SKU-000138A",
                1
            ]
        ],
        "pickTime": "2025-07-20 17:16:09"
    },
    {
        "replenish": false,
        "skus": [
            [
                "SKU-000434A",
                1
            ]
        ],
        "pickTime": "2025-07-20 22:07:58"
    },
    {
        "replenish": false,
        "skus": [
            [
                "SKU-000394D",
                1
            ],
            [
                "SKU-000210A",
                1
            ],
            [
                "SKU-000175C",
                1
            ],
            [
                "SKU-000404C",
                1
            ]
        ],
        "pickTime": "2025-07-20 22:31:34"
    },
    {
        "replenish": false,
        "skus": [
            [
                "SKU-000328B",
                1
            ]
        ],
        "pickTime": "2025-07-21 03:57:11"
    },
    {
        "replenish": false,
        "skus": [
            [
                "SKU-000389C",
                1
            ],
            [
                "SKU-000389C",
                1
            ],
            [
                "SKU-000426D",
                1
            ]
        ],
        "pickTime": "2025-07-21 14:39:52"
    },
    {
        "replenish": false,
        "skus": [
            [
                "SKU-000479C",
                1
            ],
            [
                "SKU-000261A",
                1
            ],
            [
                "SKU-000148D",
                1
            ],
            [
                "SKU-000056B",
                1
            ],
            [
                "SKU-000244C",
                1
            ],
            [
                "SKU-000153A",
                1
            ],
            [
                "SKU-000256D",
                1
            ],
            [
                "SKU-000311B",
                1
            ],
            [
                "SKU-000378D",
                1
            ]
        ],
        "pickTime": "2025-07-21 22:06:27"
    },
    {
        "replenish": false,
        "skus": [
            [
                "SKU-000284A",
                1
            ]
        ],
        "pickTime": "2025-07-22 03:14:03"
    },
    {
        "replenish": false,
        "skus": [
            [
                "SKU-000327D",
                1
            ],
            [
                "SKU-000027C",
                1
            ]
        ],
        "pickTime": "2025-07-22 05:28:37"
    },
    {
        "replenish": false,
        "skus": [
            [
                "SKU-000372B",
                1
            ],
            [
                "SKU-000273C",
                1
            ],
            [
                "SKU-000417B",
                1
            ],
            [
                "SKU-000300A",
                1
            ]
        ],
        "pickTime": "2025-07-22 12:21:56"
    },
    {
        "replenish": false,
        "skus": [
            [
                "SKU-000051A",
                1
            ],
            [
                "SKU-000243B",
                1
            ],
            [
                "SKU-000005C",
                1
            ],
            [
                "SKU-000482C",
                1
            ],
            [
                "SKU-000045C",
                1
            ]
        ],
        "pickTime": "2025-07-22 14:51:05"
    },
    {
        "replenish": false,
        "skus": [
            [
                "SKU-000178B",
                1
            ]
        ],
        "pickTime": "2025-07-22 19:16:41"
    },
    {
        "replenish": false,
        "skus": [
            [
                "SKU-000007A",
                1
            ]
        ],
        "pickTime": "2025-07-23 01:16:59"
    },
    {
        "replenish": false,
        "skus": [
            [
                "SKU-000404C",
                1
            ]
        ],
        "pickTime": "2025-07-23 05:01:27"
    },
    {
        "replenish": false,
        "skus": [
            [
                "SKU-000264D",
                1
            ],
            [
                "SKU-000439D",
                1
            ],
            [
                "SKU-000237C",
                1
            ],
            [
                "SKU-000225B",
                1
            ]
        ],
        "pickTime": "2025-07-23 19:14:45"
    },
    {
        "replenish": false,
        "skus": [
            [
                "SKU-000161C",
                1
            ],
            [
                "SKU-000051A",
                1
            ],
            [
                "SKU-000079A",
                1
            ],
            [
                "SKU-000324C",
                1
            ]
        ],
        "pickTime": "2025-07-23 23:38:51"
    },
    {
        "replenish": false,
        "skus": [
            [
                "SKU-000105C",
                1
            ],
            [
                "SKU-000478C",
                1
            ]
        ],
        "pickTime": "2025-07-24 23:21:44"
    },
    {
        "replenish": false,
        "skus": [
            [
                "SKU-000083A",
                1
            ],
            [
                "SKU-000192B",
                1
            ],
            [
                "SKU-000380A",
                1
            ]
        ],
        "pickTime": "2025-07-25 06:41:29"
    },
    {
        "replenish": false,
        "skus": [
            [
                "SKU-000451D",
                1
            ]
        ],
        "pickTime": "2025-07-25 18:20:26"
    },
    {
        "replenish": false,
        "skus": [
            [
                "SKU-000250D",
                1
            ],
            [
                "SKU-000352D",
                1
            ],
            [
                "SKU-000127B",
                1
            ]
        ],
        "pickTime": "2025-07-26 01:06:55"
    },
    {
        "replenish": false,
        "skus": [
            [
                "SKU-000163A",
                1
            ],
            [
                "SKU-000176C",
                1
            ],
            [
                "SKU-000397C",
                1
            ],
            [
                "SKU-000263A",
                1
            ],
            [
                "SKU-000024C",
                1
            ],
            [
                "SKU-000176C",
                1
            ]
        ],
        "pickTime": "2025-07-26 04:47:44"
    },
    {
        "replenish": false,
        "skus": [
            [
                "SKU-000244C",
                1
            ],
            [
                "SKU-000250C",
                1
            ],
            [
                "SKU-000493B",
                1
            ],
            [
                "SKU-000341C",
                1
            ]
        ],
        "pickTime": "2025-07-26 07:16:27"
    },
    {
        "replenish": false,
        "skus": [
            [
                "SKU-000248B",
                1
            ],
            [
                "SKU-000254D",
                1
            ],
            [
                "SKU-000364D",
                1
            ],
            [
                "SKU-000001B",
                1
            ],
            [
                "SKU-000229B",
                1
            ],
            [
                "SKU-000005C",
                1
            ],
            [
                "SKU-000328C",
                1
            ],
            [
                "SKU-000436D",
                1
            ],
            [
                "SKU-000107A",
                1
            ],
            [
                "SKU-000251C",
                1
            ],
            [
                "SKU-000176C",
                1
            ],
            [
                "SKU-000053A",
                1
            ],
            [
                "SKU-000331D",
                1
            ]
        ],
        "pickTime": "2025-07-28 10:13:11"
    },
    {
        "replenish": false,
        "skus": [
            [
                "SKU-000197C",
                1
            ]
        ],
        "pickTime": "2025-07-28 10:51:04"
    },
    {
        "replenish": false,
        "skus": [
            [
                "SKU-000445C",
                1
            ],
            [
                "SKU-000468D",
                1
            ]
        ],
        "pickTime": "2025-07-28 20:43:06"
    },
    {
        "replenish": false,
        "skus": [
            [
                "SKU-000124C",
                1
            ],
            [
                "SKU-000088D",
                1
            ],
            [
                "SKU-000309C",
                1
            ]
        ],
        "pickTime": "2025-07-28 22:06:26"
    },
    {
        "replenish": false,
        "skus": [
            [
                "SKU-000306C",
                1
            ],
            [
                "SKU-000125D",
                1
            ],
            [
                "SKU-000418A",
                1
            ]
        ],
        "pickTime": "2025-07-29 09:46:40"
    },
    {
        "replenish": false,
        "skus": [
            [
                "SKU-000331D",
                1
            ],
            [
                "SKU-000057B",
                1
            ],
            [
                "SKU-000027C",
                1
            ]
        ],
        "pickTime": "2025-07-30 02:25:57"
    },
    {
        "replenish": false,
        "skus": [
            [
                "SKU-000303C",
                1
            ],
            [
                "SKU-000005C",
                1
            ]
        ],
        "pickTime": "2025-07-30 04:11:09"
    },
    {
        "replenish": false,
        "skus": [
            [
                "SKU-000064D",
                1
            ],
            [
                "SKU-000007A",
                1
            ],
            [
                "SKU-000305D",
                1
            ]
        ],
        "pickTime": "2025-07-30 04:13:58"
    },
    {
        "replenish": false,
        "skus": [
            [
                "SKU-000380C",
                1
            ],
            [
                "SKU-000057A",
                1
            ],
            [
                "SKU-000244C",
                1
            ],
            [
                "SKU-000335A",
                1
            ]
        ],
        "pickTime": "2025-07-30 17:19:35"
    },
    {
        "replenish": false,
        "skus": [
            [
                "SKU-000122C",
                1
            ],
            [
                "SKU-000380D",
                1
            ]
        ],
        "pickTime": "2025-07-30 18:06:28"
    }
]