[
    {
        "replenish": true,
        "skus": [
            [
                "SKU-000796C",
                1
            ]
        ],
        "pickTime": "2025-07-02 11:34:04"
    },
    {
        "replenish": true,
        "skus": [
            [
                "SKU-000348B",
                1
            ],
            [
                "SKU-000435A",
                1
            ],
            [
                "SKU-000497A",
                1
            ],
            [
                "SKU-000351C",
                1
            ],
            [
                "SKU-000183A",
                1
            ],
            [
                "SKU-000606A",
                1
            ]
        ],
        "pickTime": "2025-07-03 01:48:35"
    },
    {
        "replenish": true,
        "skus": [
            [
                "SKU-000314C",
                1
            ],
            [
                "SKU-000645D",
                1
            ],
            [
                "SKU-000782D",
                1
            ],
            [
                "SKU-000870C",
                1
            ]
        ],
        "pickTime": "2025-07-03 10:13:22"
    },
    {
        "replenish": true,
        "skus": [
            [
                "SKU-000354A",
                1
            ],
            [
                "SKU-000591A",
                1
            ],
            [
                "SKU-000804B",
                1
            ],
            [
                "SKU-000002C",
                1
            ],
            [
                "SKU-000835D",
                1
            ]
        ],
        "pickTime": "2025-07-03 12:02:08"
    },
    {
        "replenish": true,
        "skus": [
            [
                "SKU-000188D",
                1
            ],
            [
                "SKU-000541C",
                1
            ],
            [
                "SKU-000031C",
                1
            ]
        ],
        "pickTime": "2025-07-03 17:12:41"
    },
    {
        "replenish": true,
        "skus": [
            [
                "SKU-000961B",
                1
            ]
        ],
        "pickTime": "2025-07-04 11:28:12"
    },
    {
        "replenish": true,
        "skus": [
            [
                "SKU-000290B",
                1
            ],
            [
                "SKU-000518C",
                1
            ],
            [
                "SKU-000016A",
                1
            ],
            [
                "SKU-000629D",
                1
            ]
        ],
        "pickTime": "2025-07-04 16:05:17"
    },
    {
        "replenish": true,
        "skus": [
            [
                "SKU-000798B",
                1
            ]
        ],
        "pickTime": "2025-07-04 22:21:04"
    },
    {
        "replenish": true,
        "skus": [
            [
                "SKU-000638D",
                1
            ]
        ],
        "pickTime": "2025-07-05 03:47:10"
    },
    {
        "replenish": true,
        "skus": [
            [
                "SKU-000207B",
                1
            ],
            [
                "SKU-000387A",
                1
            ],
            [
                "SKU-000325A",
                1
            ],
            [
                "SKU-000015D",
                1
            ],
            [
                "SKU-000981B",
                1
            ],
            [
                "SKU-000095C",
                1
            ],
            [
                "SKU-000183A",
                1
            ],
            [
                "SKU-000610C",
                1
            ],
            [
                "SKU-000532A",
                1
            ],
            [
                "SKU-000183B",
                1
            ],
            [
                "SKU-000014B",
                1
            ],
            [
                "SKU-000821D",
                1
            ],
            [
                "SKU-000428D",
                1
            ],
            [
                "SKU-000203D",
                1
            ],
            [
                "SKU-000835C",
                1
            ],
            [
                "SKU-000417B",
                1
            ]
        ],
        "pickTime": "2025-07-05 12:20:29"
    },
    {
        "replenish": true,
        "skus": [
            [
                "SKU-000055B",
                1
            ],
            [
                "SKU-000195D",
                1
            ],
            [
                "SKU-000629C",
                1
            ],
            [
                "SKU-000309A",
                1
            ],
            [
                "SKU-000667C",
                1
            ],
            [
                "SKU-000856D",
                1
            ],
            [
                "SKU-000744C",
                1
            ],
            [
                "SKU-000410D",
                1
            ],
            [
                "SKU-000870B",
                1
            ],
            [
                "SKU-000523B",
                1
            ]
        ],
        "pickTime": "2025-07-05 20:05:50"
    },
    {
        "replenish": true,
        "skus": [
            [
                "SKU-000804D",
                1
            ],
            [
                "SKU-000421C",
                1
            ],
            [
                "SKU-000105C",
                1
            ],
            [
                "SKU-000760B",
                1
            ],
            [
                "SKU-000199C",
                1
            ],
            [
                "SKU-000649B",
                1
            ]
        ],
        "pickTime": "2025-07-05 22:11:03"
    },
    {
        "replenish": true,
        "skus": [
            [
                "SKU-000270C",
                1
            ],
            [
                "SKU-000180A",
                1
            ],
            [
                "SKU-000182D",
                1
            ],
            [
                "SKU-000062D",
                1
            ],
            [
                "SKU-000561B",
                1
            ],
            [
                "SKU-000286B",
                1
            ],
            [
                "SKU-000143D",
                1
            ],
            [
                "SKU-000685B",
                1
            ],
            [
                "SKU-000885C",
                1
            ],
            [
                "SKU-000404D",
                1
            ],
            [
                "SKU-000112C",
                1
            ]
        ],
        "pickTime": "2025-07-06 03:01:30"
    },
    {
        "replenish": true,
        "skus": [
            [
                "SKU-000087D",
                1
            ],
            [
                "SKU-000194C",
                1
            ],
            [
                "SKU-000303D",
                1
            ],
            [
                "SKU-000971C",
                1
            ],
            [
                "SKU-000663C",
                1
            ],
            [
                "SKU-000921C",
                1
            ]
        ],
        "pickTime": "2025-07-06 19:17:48"
    },
    {
        "replenish": true,
        "skus": [
            [
                "SKU-000049C",
                1
            ],
            [
                "SKU-000651C",
                1
            ],
            [
                "SKU-000239D",
                1
            ],
            [
                "SKU-000675A",
                1
            ],
            [
                "SKU-000002C",
                1
            ],
            [
                "SKU-000405C",
                1
            ],
            [
                "SKU-000339D",
                1
            ],
            [
                "SKU-000340A",
                1
            ],
            [
                "SKU-000470B",
                1
            ],
            [
                "SKU-000753A",
                1
            ],
            [
                "SKU-000420A",
                1
            ],
            [
                "SKU-000573A",
                1
            ],
            [
                "SKU-000854A",
                1
            ],
            [
                "SKU-000278C",
                1
            ],
            [
                "SKU-000296A",
                1
            ],
            [
                "SKU-000822D",
                1
            ],
            [
                "SKU-000314C",
                1
            ],
            [
                "SKU-000516B",
                1
            ],
            [
                "SKU-000729D",
                1
            ],
            [
                "SKU-000728A",
                1
            ],
            [
                "SKU-000708C",
                1
            ],
            [
                "SKU-000297C",
                1
            ],
            [
                "SKU-000912A",
                1
            ]
        ],
        "pickTime": "2025-07-07 18:56:32"
    },
    {
        "replenish": true,
        "skus": [
            [
                "SKU-000825A",
                1
            ],
            [
                "SKU-000953D",
                1
            ],
            [
                "SKU-000758B",
                1
            ],
            [
                "SKU-000509C",
                1
            ],
            [
                "SKU-000905B",
                1
            ],
            [
                "SKU-000835D",
                1
            ],
            [
                "SKU-000055B",
                1
            ],
            [
                "SKU-000816D",
                1
            ]
        ],
        "pickTime": "2025-07-07 19:53:54"
    },
    {
        "replenish": true,
        "skus": [
            [
                "SKU-000559B",
                1
            ],
            [
                "SKU-000102C",
                1
            ],
            [
                "SKU-000930C",
                1
            ],
            [
                "SKU-000611B",
                1
            ],
            [
                "SKU-000133A",
                1
            ],
            [
                "SKU-000632D",
                1
            ],
            [
                "SKU-000090A",
                1
            ],
            [
                "SKU-000769D",
                1
            ],
            [
                "SKU-000241B",
                1
            ],
            [
                "SKU-000596D",
                1
            ],
            [
                "SKU-000576A",
                1
            ],
            [
                "SKU-000898C",
                1
            ],
            [
                "SKU-000906B",
                1
            ],
            [
                "SKU-000866C",
                1
            ],
            [
                "SKU-000107C",
                1
            ]
        ],
        "pickTime": "2025-07-07 20:31:50"
    },
    {
        "replenish": true,
        "skus": [
            [
                "SKU-000818D",
                1
            ],
            [
                "SKU-000167B",
                1
            ],
            [
                "SKU-000990C",
                1
            ],
            [
                "SKU-000188C",
                1
            ],
            [
                "SKU-000222C",
                1
            ],
            [
                "SKU-000006D",
                1
            ],
            [
                "SKU-000096C",
                1
            ],
            [
                "SKU-000678C",
                1
            ],
            [
                "SKU-000079B",
                1
            ],
            [
                "SKU-000273B",
                1
            ],
            [
                "SKU-000229A",
                1
            ]
        ],
        "pickTime": "2025-07-07 23:06:53"
    },
    {
        "replenish": true,
        "skus": [
            [
                "SKU-000374D",
                1
            ],
            [
                "SKU-000427B",
                1
            ],
            [
                "SKU-000674A",
                1
            ],
            [
                "SKU-000481D",
                1
            ],
            [
                "SKU-000197D",
                1
            ],
            [
                "SKU-000944C",
                1
            ],
            [
                "SKU-000336B",
                1
            ],
            [
                "SKU-000862C",
                1
            ]
        ],
        "pickTime": "2025-07-08 00:28:17"
    },
    {
        "replenish": true,
        "skus": [
            [
                "SKU-000877C",
                1
            ],
            [
                "SKU-000411A",
                1
            ],
            [
                "SKU-000262C",
                1
            ],
            [
                "SKU-000736C",
                1
            ],
            [
                "SKU-000843A",
                1
            ],
            [
                "SKU-000738D",
                1
            ],
            [
                "SKU-000102C",
                1
            ]
        ],
        "pickTime": "2025-07-08 13:13:10"
    },
    {
        "replenish": true,
        "skus": [
            [
                "SKU-000768A",
                1
            ],
            [
                "SKU-000662D",
                1
            ],
            [
                "SKU-000891A",
                1
            ],
            [
                "SKU-000153A",
                1
            ],
            [
                "SKU-000743C",
                1
            ],
            [
                "SKU-000804B",
                1
            ],
            [
                "SKU-000349D",
                1
            ],
            [
                "SKU-000989D",
                1
            ],
            [
                "SKU-000456C",
                1
            ],
            [
                "SKU-000130A",
                1
            ],
            [
                "SKU-000549D",
                1
            ],
            [
                "SKU-000471B",
                1
            ],
            [
                "SKU-000909A",
                1
            ],
            [
                "SKU-000160D",
                1
            ],
            [
                "SKU-000456C",
                1
            ],
            [
                "SKU-000043D",
                1
            ],
            [
                "SKU-000777B",
                1
            ],
            [
                "SKU-000318B",
                1
            ],
            [
                "SKU-000744A",
                1
            ],
            [
                "SKU-000917B",
                1
            ],
            [
                "SKU-000428A",
                1
            ]
        ],
        "pickTime": "2025-07-08 19:14:16"
    },
    {
        "replenish": true,
        "skus": [
            [
                "SKU-000943A",
                1
            ],
            [
                "SKU-000119B",
                1
            ]
        ],
        "pickTime": "2025-07-08 22:10:01"
    },
    {
        "replenish": true,
        "skus": [
            [
                "SKU-000912A",
                1
            ],
            [
                "SKU-000389A",
                1
            ],
            [
                "SKU-000964B",
                1
            ],
            [
                "SKU-000225B",
                1
            ],
            [
                "SKU-000416D",
                1
            ],
            [
                "SKU-000410A",
                1
            ],
            [
                "SKU-000989B",
                1
            ],
            [
                "SKU-000602C",
                1
            ],
            [
                "SKU-000010C",
                1
            ],
            [
                "SKU-000047D",
                1
            ],
            [
                "SKU-000224A",
                1
            ]
        ],
        "pickTime": "2025-07-09 14:08:14"
    },
    {
        "replenish": true,
        "skus": [
            [
                "SKU-000762C",
                1
            ]
        ],
        "pickTime": "2025-07-09 19:44:14"
    },
    {
        "replenish": true,
        "skus": [
            [
                "SKU-000706C",
                1
            ],
            [
                "SKU-000521B",
                1
            ],
            [
                "SKU-000848B",
                1
            ],
            [
                "SKU-000582D",
                1
            ],
            [
                "SKU-000482D",
                1
            ],
            [
                "SKU-000053C",
                1
            ],
            [
                "SKU-000214B",
                1
            ],
            [
                "SKU-000306A",
                1
            ],
            [
                "SKU-000202C",
                1
            ]
        ],
        "pickTime": "2025-07-10 02:22:24"
    },
    {
        "replenish": true,
        "skus": [
            [
                "SKU-000383C",
                1
            ],
            [
                "SKU-000440D",
                1
            ],
            [
                "SKU-000755A",
                1
            ],
            [
                "SKU-000862C",
                1
            ]
        ],
        "pickTime": "2025-07-10 07:22:40"
    },
    {
        "replenish": true,
        "skus": [
            [
                "SKU-000313D",
                1
            ],
            [
                "SKU-000747C",
                1
            ],
            [
                "SKU-000231B",
                1
            ],
            [
                "SKU-000785D",
                1
            ],
            [
                "SKU-000113D",
                1
            ],
            [
                "SKU-000219B",
                1
            ],
            [
                "SKU-000186B",
                1
            ],
            [
                "SKU-000474A",
                1
            ],
            [
                "SKU-000509C",
                1
            ],
            [
                "SKU-000385B",
                1
            ],
            [
                "SKU-000093D",
                1
            ],
            [
                "SKU-000826B",
                1
            ],
            [
                "SKU-000941A",
                1
            ],
            [
                "SKU-000887A",
                1
            ],
            [
                "SKU-000722B",
                1
            ],
            [
                "SKU-000606B",
                1
            ],
            [
                "SKU-000336B",
                1
            ],
            [
                "SKU-000257A",
                1
            ],
            [
                "SKU-000838B",
                1
            ],
            [
                "SKU-000439B",
                1
            ],
            [
                "SKU-000317D",
                1
            ],
            [
                "SKU-000874A",
                1
            ]
        ],
        "pickTime": "2025-07-10 08:57:09"
    },
    {
        "replenish": true,
        "skus": [
            [
                "SKU-000613D",
                1
            ],
            [
                "SKU-000025D",
                1
            ],
            [
                "SKU-000682B",
                1
            ],
            [
                "SKU-000127A",
                1
            ],
            [
                "SKU-000921D",
                1
            ],
            [
                "SKU-000424C",
                1
            ],
            [
                "SKU-000247C",
                1
            ],
            [
                "SKU-000894A",
                1
            ],
            [
                "SKU-000173C",
                1
            ],
            [
                "SKU-000530A",
                1
            ],
            [
                "SKU-000675A",
                1
            ],
            [
                "SKU-000218C",
                1
            ],
            [
                "SKU-000108C",
                1
            ],
            [
                "SKU-000984B",
                1
            ],
            [
                "SKU-000414B",
                1
            ],
            [
                "SKU-000468C",
                1
            ],
            [
                "SKU-000075C",
                1
            ],
            [
                "SKU-000939B",
                1
            ],
            [
                "SKU-000453D",
                1
            ],
            [
                "SKU-000683C",
                1
            ],
            [
                "SKU-000393A",
                1
            ],
            [
                "SKU-000336B",
                1
            ],
            [
                "SKU-000606D",
                1
            ],
            [
                "SKU-000015D",
                1
            ]
        ],
        "pickTime": "2025-07-10 10:05:36"
    },
    {
        "replenish": true,
        "skus": [
            [
                "SKU-000297B",
                1
            ],
            [
                "SKU-000844C",
                1
            ],
            [
                "SKU-000751B",
                1
            ],
            [
                "SKU-000240B",
                1
            ],
            [
                "SKU-000134C",
                1
            ],
            [
                "SKU-000463A",
                1
            ],
            [
                "SKU-000443D",
                1
            ],
            [
                "SKU-000439B",
                1
            ],
            [
                "SKU-000193C",
                1
            ],
            [
                "SKU-000030D",
                1
            ],
            [
                "SKU-000049B",
                1
            ],
            [
                "SKU-000286B",
                1
            ],
            [
                "SKU-000809A",
                1
            ],
            [
                "SKU-000686B",
                1
            ],
            [
                "SKU-000903C",
                1
            ],
            [
                "SKU-000519B",
                1
            ]
        ],
        "pickTime": "2025-07-11 21:06:08"
    },
    {
        "replenish": true,
        "skus": [
            [
                "SKU-000752D",
                1
            ],
            [
                "SKU-000595A",
                1
            ],
            [
                "SKU-000349A",
                1
            ],
            [
                "SKU-000947B",
                1
            ],
            [
                "SKU-000462B",
                1
            ],
            [
                "SKU-000048C",
                1
            ],
            [
                "SKU-000763C",
                1
            ],
            [
                "SKU-000175D",
                1
            ],
            [
                "SKU-000880A",
                1
            ]
        ],
        "pickTime": "2025-07-11 23:13:53"
    },
    {
        "replenish": true,
        "skus": [
            [
                "SKU-000180A",
                1
            ],
            [
                "SKU-000718C",
                1
            ]
        ],
        "pickTime": "2025-07-11 23:28:38"
    },
    {
        "replenish": true,
        "skus": [
            [
                "SKU-000452C",
                1
            ],
            [
                "SKU-000297B",
                1
            ],
            [
                "SKU-000070A",
                1
            ],
            [
                "SKU-000084A",
                1
            ],
            [
                "SKU-000560B",
                1
            ],
            [
                "SKU-000853C",
                1
            ]
        ],
        "pickTime": "2025-07-12 20:00:27"
    },
    {
        "replenish": true,
        "skus": [
            [
                "SKU-000511A",
                1
            ],
            [
                "SKU-000407D",
                1
            ]
        ],
        "pickTime": "2025-07-12 21:39:12"
    },
    {
        "replenish": true,
        "skus": [
            [
                "SKU-000612D",
                1
            ],
            [
                "SKU-000225B",
                1
            ],
            [
                "SKU-000652B",
                1
            ],
            [
                "SKU-000420B",
                1
            ],
            [
                "SKU-000554C",
                1
            ],
            [
                "SKU-000933A",
                1
            ],
            [
                "SKU-000220D",
                1
            ],
            [
                "SKU-000440C",
                1
            ]
        ],
        "pickTime": "2025-07-13 02:13:46"
    },
    {
        "replenish": true,
        "skus": [
            [
                "SKU-000858B",
                1
            ],
            [
                "SKU-000226D",
                1
            ],
            [
                "SKU-000535B",
                1
            ],
            [
                "SKU-000443D",
                1
            ],
            [
                "SKU-000347B",
                1
            ],
            [
                "SKU-000901B",
                1
            ]
        ],
        "pickTime": "2025-07-13 02:51:58"
    },
    {
        "replenish": true,
        "skus": [
            [
                "SKU-000422D",
                1
            ],
            [
                "SKU-000941A",
                1
            ],
            [
                "SKU-000226D",
                1
            ]
        ],
        "pickTime": "2025-07-13 05:01:11"
    },
    {
        "replenish": true,
        "skus": [
            [
                "SKU-000558B",
                1
            ],
            [
                "SKU-000015D",
                1
            ],
            [
                "SKU-000335C",
                1
            ],
            [
                "SKU-000108C",
                1
            ],
            [
                "SKU-000905B",
                1
            ],
            [
                "SKU-000216B",
                1
            ]
        ],
        "pickTime": "2025-07-13 05:37:40"
    },
    {
        "replenish": true,
        "skus": [
            [
                "SKU-000129D",
                1
            ],
            [
                "SKU-000167B",
                1
            ],
            [
                "SKU-000061A",
                1
            ],
            [
                "SKU-000309B",
                1
            ]
        ],
        "pickTime": "2025-07-13 15:57:57"
    },
    {
        "replenish": true,
        "skus": [
            [
                "SKU-000287D",
                1
            ],
            [
                "SKU-000323B",
                1
            ],
            [
                "SKU-000957C",
                1
            ],
            [
                "SKU-000921C",
                1
            ],
            [
                "SKU-000618C",
                1
            ],
            [
                "SKU-000349C",
                1
            ]
        ],
        "pickTime": "2025-07-14 00:02:53"
    },
    {
        "replenish": true,
        "skus": [
            [
                "SKU-000794A",
                1
            ]
        ],
        "pickTime": "2025-07-14 08:05:41"
    },
    {
        "replenish": true,
        "skus": [
            [
                "SKU-000390A",
                1
            ],
            [
                "SKU-000239D",
                1
            ],
            [
                "SKU-000420B",
                1
            ],
            [
                "SKU-000491B",
                1
            ],
            [
                "SKU-000825C",
                1
            ],
            [
                "SKU-000661A",
                1
            ],
            [
                "SKU-000203D",
                1
            ],
            [
                "SKU-000544C",
                1
            ]
        ],
        "pickTime": "2025-07-14 11:39:30"
    },
    {
        "replenish": true,
        "skus": [
            [
                "SKU-000490A",
                1
            ],
            [
                "SKU-000336B",
                1
            ],
            [
                "SKU-000044C",
                1
            ],
            [
                "SKU-000712C",
                1
            ],
            [
                "SKU-000686B",
                1
            ],
            [
                "SKU-000477C",
                1
            ],
            [
                "SKU-000973C",
                1
            ],
            [
                "SKU-000148A",
                1
            ],
            [
                "SKU-000483A",
                1
            ],
            [
                "SKU-000411B",
                1
            ],
            [
                "SKU-000054B",
                1
            ],
            [
                "SKU-000301C",
                1
            ]
        ],
        "pickTime": "2025-07-14 11:42:53"
    },
    {
        "replenish": true,
        "skus": [
            [
                "SKU-000520B",
                1
            ],
            [
                "SKU-000957C",
                1
            ],
            [
                "SKU-000761B",
                1
            ],
            [
                "SKU-000341B",
                1
            ],
            [
                "SKU-000249D",
                1
            ],
            [
                "SKU-000112B",
                1
            ]
        ],
        "pickTime": "2025-07-14 12:57:41"
    },
    {
        "replenish": true,
        "skus": [
            [
                "SKU-000640C",
                1
            ],
            [
                "SKU-000212D",
                1
            ],
            [
                "SKU-000592D",
                1
            ]
        ],
        "pickTime": "2025-07-14 17:59:54"
    },
    {
        "replenish": true,
        "skus": [
            [
                "SKU-000488A",
                1
            ],
            [
                "SKU-000073C",
                1
            ],
            [
                "SKU-000804A",
                1
            ],
            [
                "SKU-000218D",
                1
            ],
            [
                "SKU-000929C",
                1
            ],
            [
                "SKU-000564C",
                1
            ]
        ],
        "pickTime": "2025-07-14 23:15:33"
    },
    {
        "replenish": true,
        "skus": [
            [
                "SKU-000264D",
                1
            ],
            [
                "SKU-000147A",
                1
            ],
            [
                "SKU-000985B",
                1
            ],
            [
                "SKU-000050D",
                1
            ],
            [
                "SKU-000836D",
                1
            ],
            [
                "SKU-000873B",
                1
            ],
            [
                "SKU-000612A",
                1
            ],
            [
                "SKU-000882C",
                1
            ],
            [
                "SKU-000827B",
                1
            ],
            [
                "SKU-000709B",
                1
            ]
        ],
        "pickTime": "2025-07-15 04:53:41"
    },
    {
        "replenish": true,
        "skus": [
            [
                "SKU-000713D",
                1
            ],
            [
                "SKU-000531D",
                1
            ],
            [
                "SKU-000784A",
                1
            ],
            [
                "SKU-000579D",
                1
            ],
            [
                "SKU-000546C",
                1
            ],
            [
                "SKU-000583C",
                1
            ],
            [
                "SKU-000954D",
                1
            ],
            [
                "SKU-000818C",
                1
            ],
            [
                "SKU-000177B",
                1
            ],
            [
                "SKU-000556A",
                1
            ],
            [
                "SKU-000518C",
                1
            ],
            [
                "SKU-000844C",
                1
            ],
            [
                "SKU-000306B",
                1
            ],
            [
                "SKU-000735A",
                1
            ]
        ],
        "pickTime": "2025-07-15 10:28:19"
    },
    {
        "replenish": true,
        "skus": [
            [
                "SKU-000175D",
                1
            ]
        ],
        "pickTime": "2025-07-15 10:44:26"
    },
    {
        "replenish": true,
        "skus": [
            [
                "SKU-000634D",
                1
            ],
            [
                "SKU-000857D",
                1
            ],
            [
                "SKU-000349C",
                1
            ]
        ],
        "pickTime": "2025-07-15 14:44:24"
    },
    {
        "replenish": true,
        "skus": [
            [
                "SKU-000122C",
                1
            ],
            [
                "SKU-000688A",
                1
            ],
            [
                "SKU-000398D",
                1
            ],
            [
                "SKU-000607A",
                1
            ],
            [
                "SKU-000737D",
                1
            ],
            [
                "SKU-000145A",
                1
            ],
            [
                "SKU-000929B",
                1
            ],
            [
                "SKU-000305B",
                1
            ],
            [
                "SKU-000261D",
                1
            ]
        ],
        "pickTime": "2025-07-15 16:14:44"
    },
    {
        "replenish": false,
        "skus": [
            [
                "SKU-000083B",
                1
            ],
            [
                "SKU-000445B",
                1
            ]
        ],
        "pickTime": "2025-07-15 17:43:48"
    },
    {
        "replenish": false,
        "skus": [
            [
                "SKU-000142B",
                1
            ],
            [
                "SKU-000846C",
                1
            ]
        ],
        "pickTime": "2025-07-16 02:12:06"
    },
    {
        "replenish": false,
        "skus": [
            [
                "SKU-000893D",
                1
            ],
            [
                "SKU-000342D",
                1
            ]
        ],
        "pickTime": "2025-07-16 09:17:38"
    },
    {
        "replenish": false,
        "skus": [
            [
                "SKU-000456A",
                1
            ],
            [
                "SKU-000114D",
                1
            ],
            [
                "SKU-000941A",
                1
            ],
            [
                "SKU-000374D",
                1
            ],
            [
                "SKU-000248B",
                1
            ],
            [
                "SKU-000959C",
                1
            ],
            [
                "SKU-000690A",
                1
            ]
        ],
        "pickTime": "2025-07-16 13:00:24"
    },
    {
        "replenish": false,
        "skus": [
            [
                "SKU-000823A",
                1
            ],
            [
                "SKU-000809C",
                1
            ],
            [
                "SKU-000362D",
                1
            ],
            [
                "SKU-000294D",
                1
            ],
            [
                "SKU-000077C",
                1
            ],
            [
                "SKU-000043B",
                1
            ],
            [
                "SKU-000084D",
                1
            ],
            [
                "SKU-000011B",
                1
            ]
        ],
        "pickTime": "2025-07-16 20:49:11"
    },
    {
        "replenish": false,
        "skus": [
            [
                "SKU-000871D",
                1
            ],
            [
                "SKU-000580D",
                1
            ]
        ],
        "pickTime": "2025-07-16 21:16:14"
    },
    {
        "replenish": false,
        "skus": [
            [
                "SKU-000495B",
                1
            ]
        ],
        "pickTime": "2025-07-16 23:48:01"
    },
    {
        "replenish": false,
        "skus": [
            [
                "SKU-000716A",
                1
            ],
            [
                "SKU-000833C",
                1
            ],
            [
                "SKU-000993A",
                1
            ]
        ],
        "pickTime": "2025-07-17 00:27:24"
    },
    {
        "replenish": false,
        "skus": [
            [
                "SKU-000604B",
                1
            ],
            [
                "SKU-000614B",
                1
            ],
            [
                "SKU-000472D",
                1
            ],
            [
                "SKU-000265C",
                1
            ],
            [
                "SKU-000611D",
                1
            ],
            [
                "SKU-000193A",
                1
            ]
        ],
        "pickTime": "2025-07-17 01:39:54"
    },
    {
        "replenish": false,
        "skus": [
            [
                "SKU-000438C",
                1
            ],
            [
                "SKU-000507B",
                1
            ],
            [
                "SKU-000575D",
                1
            ],
            [
                "SKU-000892B",
                1
            ]
        ],
        "pickTime": "2025-07-17 07:58:01"
    },
    {
        "replenish": false,
        "skus": [
            [
                "SKU-000825B",
                1
            ],
            [
                "SKU-000846C",
                1
            ],
            [
                "SKU-000407A",
                1
            ],
            [
                "SKU-000384A",
                1
            ]
        ],
        "pickTime": "2025-07-17 09:17:12"
    },
    {
        "replenish": false,
        "skus": [
            [
                "SKU-000518C",
                1
            ],
            [
                "SKU-000665D",
                1
            ]
        ],
        "pickTime": "2025-07-17 13:15:24"
    },
    {
        "replenish": false,
        "skus": [
            [
                "SKU-000695C",
                1
            ],
            [
                "SKU-000460B",
                1
            ],
            [
                "SKU-000736C",
                1
            ]
        ],
        "pickTime": "2025-07-17 20:19:12"
    },
    {
        "replenish": false,
        "skus": [
            [
                "SKU-000550D",
                1
            ],
            [
                "SKU-000859B",
                1
            ]
        ],
        "pickTime": "2025-07-18 01:25:47"
    },
    {
        "replenish": false,
        "skus": [
            [
                "SKU-000784C",
                1
            ]
        ],
        "pickTime": "2025-07-18 05:06:55"
    },
    {
        "replenish": false,
        "skus": [
            [
                "SKU-000870B",
                1
            ]
        ],
        "pickTime": "2025-07-18 23:16:43"
    },
    {
        "replenish": false,
        "skus": [
            [
                "SKU-000420A",
                1
            ],
            [
                "SKU-000683B",
                1
            ],
            [
                "SKU-000010C",
                1
            ],
            [
                "SKU-000129B",
                1
            ]
        ],
        "pickTime": "2025-07-19 00:32:30"
    },
    {
        "replenish": false,
        "skus": [
            [
                "SKU-000490B",
                1
            ],
            [
                "SKU-000328A",
                1
            ],
            [
                "SKU-000631C",
                1
            ],
            [
                "SKU-000514C",
                1
            ],
            [
                "SKU-000860A",
                1
            ],
            [
                "SKU-000658A",
                1
            ],
            [
                "SKU-000301A",
                1
            ],
            [
                "SKU-000681B",
                1
            ]
        ],
        "pickTime": "2025-07-19 06:48:03"
    },
    {
        "replenish": false,
        "skus": [
            [
                "SKU-000662B",
                1
            ],
            [
                "SKU-000674A",
                1
            ],
            [
                "SKU-000081A",
                1
            ],
            [
                "SKU-000850B",
                1
            ]
        ],
        "pickTime": "2025-07-19 08:38:53"
    },
    {
        "replenish": false,
        "skus": [
            [
                "SKU-000794A",
                1
            ]
        ],
        "pickTime": "2025-07-19 09:09:20"
    },
    {
        "replenish": false,
        "skus": [
            [
                "SKU-000303D",
                1
            ],
            [
                "SKU-000520C",
                1
            ]
        ],
        "pickTime": "2025-07-19 21:32:13"
    },
    {
        "replenish": false,
        "skus": [
            [
                "SKU-000257A",
                1
            ],
            [
                "SKU-000475C",
                1
            ],
            [
                "SKU-000542D",
                1
            ],
            [
                "SKU-000906C",
                1
            ],
            [
                "SKU-000115C",
                1
            ],
            [
                "SKU-000092C",
                1
            ],
            [
                "SKU-000960A",
                1
            ],
            [
                "SKU-000417A",
                1
            ],
            [
                "SKU-000141B",
                1
            ],
            [
                "SKU-000917B",
                1
            ],
            [
                "SKU-000130A",
                1
            ],
            [
                "SKU-000844C",
                1
            ],
            [
                "SKU-000989D",
                1
            ]
        ],
        "pickTime": "2025-07-20 01:14:48"
    },
    {
        "replenish": false,
        "skus": [
            [
                "SKU-000940A",
                1
            ]
        ],
        "pickTime": "2025-07-21 21:12:05"
    },
    {
        "replenish": false,
        "skus": [
            [
                "SKU-000056A",
                1
            ]
        ],
        "pickTime": "2025-07-22 14:35:39"
    },
    {
        "replenish": false,
        "skus": [
            [
                "SKU-000658B",
                1
            ],
            [
                "SKU-000791B",
                1
            ],
            [
                "SKU-000623B",
                1
            ],
            [
                "SKU-000024A",
                1
            ],
            [
                "SKU-000087C",
                1
            ],
            [
                "SKU-000163B",
                1
            ],
            [
                "SKU-000412A",
                1
            ]
        ],
        "pickTime": "2025-07-22 15:12:37"
    },
    {
        "replenish": false,
        "skus": [
            [
                "SKU-000417C",
                1
            ],
            [
                "SKU-000174A",
                1
            ]
        ],
        "pickTime": "2025-07-22 15:57:57"
    },
    {
        "replenish": false,
        "skus": [
            [
                "SKU-000122B",
                1
            ],
            [
                "SKU-000804B",
                1
            ],
            [
                "SKU-000858C",
                1
            ]
        ],
        "pickTime": "2025-07-22 22:10:46"
    },
    {
        "replenish": false,
        "skus": [
            [
                "SKU-000682B",
                1
            ],
            [
                "SKU-000434C",
                1
            ]
        ],
        "pickTime": "2025-07-22 23:04:41"
    },
    {
        "replenish": false,
        "skus": [
            [
                "SKU-000901A",
                1
            ],
            [
                "SKU-000421C",
                1
            ],
            [
                "SKU-000759B",
                1
            ],
            [
                "SKU-000834D",
                1
            ],
            [
                "SKU-000349A",
                1
            ],
            [
                "SKU-000436C",
                1
            ],
            [
                "SKU-000379B",
                1
            ]
        ],
        "pickTime": "2025-07-23 06:54:53"
    },
    {
        "replenish": false,
        "skus": [
            [
                "SKU-000628A",
                1
            ],
            [
                "SKU-000791A",
                1
            ]
        ],
        "pickTime": "2025-07-23 09:21:16"
    },
    {
        "replenish": false,
        "skus": [
            [
                "SKU-000443D",
                1
            ],
            [
                "SKU-000690A",
                1
            ],
            [
                "SKU-000928A",
                1
            ]
        ],
        "pickTime": "2025-07-23 14:07:00"
    },
    {
        "replenish": false,
        "skus": [
            [
                "SKU-000260C",
                1
            ],
            [
                "SKU-000514A",
                1
            ]
        ],
        "pickTime": "2025-07-23 17:18:59"
    },
    {
        "replenish": false,
        "skus": [
            [
                "SKU-000691A",
                1
            ],
            [
                "SKU-000328D",
                1
            ],
            [
                "SKU-000456C",
                1
            ],
            [
                "SKU-000216B",
                1
            ],
            [
                "SKU-000147B",
                1
            ],
            [
                "SKU-000365C",
                1
            ],
            [
                "SKU-000984B",
                1
            ],
            [
                "SKU-000921C",
                1
            ]
        ],
        "pickTime": "2025-07-24 04:22:57"
    },
    {
        "replenish": false,
        "skus": [
            [
                "SKU-000349C",
                1
            ],
            [
                "SKU-000755B",
                1
            ],
            [
                "SKU-000476B",
                1
            ]
        ],
        "pickTime": "2025-07-24 11:22:37"
    },
    {
        "replenish": false,
        "skus": [
            [
                "SKU-000859A",
                1
            ],
            [
                "SKU-000844C",
                1
            ],
            [
                "SKU-000027D",
                1
            ],
            [
                "SKU-000659A",
                1
            ],
            [
                "SKU-000189C",
                1
            ],
            [
                "SKU-000957C",
                1
            ],
            [
                "SKU-000322A",
                1
            ],
            [
                "SKU-000083A",
                1
            ],
            [
                "SKU-000821D",
                1
            ],
            [
                "SKU-000696B",
                1
            ],
            [
                "SKU-000347B",
                1
            ],
            [
                "SKU-000498B",
                1
            ],
            [
                "SKU-000975D",
                1
            ],
            [
                "SKU-000742C",
                1
            ]
        ],
        "pickTime": "2025-07-24 15:49:31"
    },
    {
        "replenish": false,
        "skus": [
            [
                "SKU-000158D",
                1
            ],
            [
                "SKU-000498B",
                1
            ]
        ],
        "pickTime": "2025-07-25 01:42:36"
    },
    {
        "replenish": false,
        "skus": [
            [
                "SKU-000759B",
                1
            ],
            [
                "SKU-000939B",
                1
            ],
            [
                "SKU-000688B",
                1
            ],
            [
                "SKU-000363B",
                1
            ],
            [
                "SKU-000527D",
                1
            ]
        ],
        "pickTime": "2025-07-25 02:55:20"
    },
    {
        "replenish": false,
        "skus": [
            [
                "SKU-000048B",
                1
            ],
            [
                "SKU-000286B",
                1
            ]
        ],
        "pickTime": "2025-07-25 05:47:52"
    },
    {
        "replenish": false,
        "skus": [
            [
                "SKU-000364D",
                1
            ],
            [
                "SKU-000527C",
                1
            ],
            [
                "SKU-000372B",
                1
            ],
            [
                "SKU-000457D",
                1
            ],
            [
                "SKU-000113A",
                1
            ]
        ],
        "pickTime": "2025-07-26 04:33:17"
    },
    {
        "replenish": false,
        "skus": [
            [
                "SKU-000414B",
                1
            ],
            [
                "SKU-000350B",
                1
            ],
            [
                "SKU-000162B",
                1
            ],
            [
                "SKU-000007C",
                1
            ],
            [
                "SKU-000379A",
                1
            ],
            [
                "SKU-000612B",
                1
            ]
        ],
        "pickTime": "2025-07-26 22:58:31"
    },
    {
        "replenish": false,
        "skus": [
            [
                "SKU-000894A",
                1
            ],
            [
                "SKU-000989B",
                1
            ],
            [
                "SKU-000268C",
                1
            ],
            [
                "SKU-000784C",
                1
            ],
            [
                "SKU-000894C",
                1
            ]
        ],
        "pickTime": "2025-07-27 16:02:25"
    },
    {
        "replenish": false,
        "skus": [
            [
                "SKU-000622B",
                1
            ],
            [
                "SKU-000203D",
                1
            ],
            [
                "SKU-000557A",
                1
            ],
            [
                "SKU-000063A",
                1
            ]
        ],
        "pickTime": "2025-07-28 02:46:01"
    },
    {
        "replenish": false,
        "skus": [
            [
                "SKU-000422D",
                1
            ],
            [
                "SKU-000229C",
                1
            ],
            [
                "SKU-000824D",
                1
            ],
            [
                "SKU-000052C",
                1
            ]
        ],
        "pickTime": "2025-07-28 06:13:08"
    },
    {
        "replenish": false,
        "skus": [
            [
                "SKU-000832D",
                1
            ],
            [
                "SKU-000726B",
                1
            ],
            [
                "SKU-000407A",
                1
            ],
            [
                "SKU-000381A",
                1
            ]
        ],
        "pickTime": "2025-07-28 06:41:34"
    },
    {
        "replenish": false,
        "skus": [
            [
                "SKU-000155D",
                1
            ]
        ],
        "pickTime": "2025-07-28 11:45:30"
    },
    {
        "replenish": false,
        "skus": [
            [
                "SKU-000958B",
                1
            ]
        ],
        "pickTime": "2025-07-28 20:12:50"
    },
    {
        "replenish": false,
        "skus": [
            [
                "SKU-000692C",
                1
            ],
            [
                "SKU-000634A",
                1
            ]
        ],
        "pickTime": "2025-07-29 02:04:43"
    },
    {
        "replenish": false,
        "skus": [
            [
                "SKU-000575C",
                1
            ],
            [
                "SKU-000371D",
                1
            ]
        ],
        "pickTime": "2025-07-29 13:07:13"
    },
    {
        "replenish": false,
        "skus": [
            [
                "SKU-000867B",
                1
            ],
            [
                "SKU-000028A",
                1
            ],
            [
                "SKU-000457D",
                1
            ],
            [
                "SKU-000928D",
                1
            ]
        ],
        "pickTime": "2025-07-30 00:24:42"
    },
    {
        "replenish": false,
        "skus": [
            [
                "SKU-000393B",
                1
            ],
            [
                "SKU-000372C",
                1
            ],
            [
                "SKU-000216B",
                1
            ]
        ],
        "pickTime": "2025-07-30 12:30:43"
    }
]