[
    {
        "replenish": true,
        "skus": [
            [
                "SKU-000225D",
                1
            ],
            [
                "SKU-000365D",
                1
            ],
            [
                "SKU-000968D",
                1
            ],
            [
                "SKU-000483D",
                1
            ],
            [
                "SKU-000670D",
                1
            ],
            [
                "SKU-000829A",
                1
            ],
            [
                "SKU-000183B",
                1
            ],
            [
                "SKU-000835A",
                1
            ]
        ],
        "pickTime": "2025-07-01 06:41:58"
    },
    {
        "replenish": true,
        "skus": [
            [
                "SKU-000031D",
                1
            ],
            [
                "SKU-000073A",
                1
            ],
            [
                "SKU-000999B",
                1
            ],
            [
                "SKU-000363D",
                1
            ],
            [
                "SKU-000201C",
                1
            ],
            [
                "SKU-000646A",
                1
            ],
            [
                "SKU-000608A",
                1
            ],
            [
                "SKU-000753D",
                1
            ],
            [
                "SKU-000141B",
                1
            ],
            [
                "SKU-000547C",
                1
            ]
        ],
        "pickTime": "2025-07-01 09:15:24"
    },
    {
        "replenish": true,
        "skus": [
            [
                "SKU-000719A",
                1
            ],
            [
                "SKU-000405B",
                1
            ],
            [
                "SKU-000933C",
                1
            ],
            [
                "SKU-000622B",
                1
            ],
            [
                "SKU-000115A",
                1
            ],
            [
                "SKU-000795B",
                1
            ],
            [
                "SKU-000833B",
                1
            ],
            [
                "SKU-000769C",
                1
            ],
            [
                "SKU-000586A",
                1
            ]
        ],
        "pickTime": "2025-07-01 12:36:56"
    },
    {
        "replenish": true,
        "skus": [
            [
                "SKU-000379B",
                1
            ],
            [
                "SKU-000256A",
                1
            ],
            [
                "SKU-000898C",
                1
            ],
            [
                "SKU-000359B",
                1
            ],
            [
                "SKU-000276B",
                1
            ]
        ],
        "pickTime": "2025-07-01 19:14:52"
    },
    {
        "replenish": true,
        "skus": [
            [
                "SKU-000836C",
                1
            ],
            [
                "SKU-000578B",
                1
            ],
            [
                "SKU-000570A",
                1
            ],
            [
                "SKU-000172B",
                1
            ],
            [
                "SKU-000474C",
                1
            ],
            [
                "SKU-000390C",
                1
            ],
            [
                "SKU-000457D",
                1
            ]
        ],
        "pickTime": "2025-07-01 21:08:32"
    },
    {
        "replenish": true,
        "skus": [
            [
                "SKU-000459A",
                1
            ],
            [
                "SKU-000358B",
                1
            ],
            [
                "SKU-000203D",
                1
            ],
            [
                "SKU-000293D",
                1
            ],
            [
                "SKU-000379D",
                1
            ]
        ],
        "pickTime": "2025-07-01 22:19:58"
    },
    {
        "replenish": true,
        "skus": [
            [
                "SKU-000886C",
                1
            ],
            [
                "SKU-000415C",
                1
            ],
            [
                "SKU-000824D",
                1
            ],
            [
                "SKU-000914A",
                1
            ],
            [
                "SKU-000906C",
                1
            ],
            [
                "SKU-000404C",
                1
            ],
            [
                "SKU-000747A",
                1
            ],
            [
                "SKU-000754D",
                1
            ],
            [
                "SKU-000119B",
                1
            ]
        ],
        "pickTime": "2025-07-01 23:39:33"
    },
    {
        "replenish": true,
        "skus": [
            [
                "SKU-000203A",
                1
            ],
            [
                "SKU-000780B",
                1
            ]
        ],
        "pickTime": "2025-07-02 22:19:55"
    },
    {
        "replenish": true,
        "skus": [
            [
                "SKU-000693D",
                1
            ],
            [
                "SKU-000467B",
                1
            ],
            [
                "SKU-000521C",
                1
            ],
            [
                "SKU-000591B",
                1
            ],
            [
                "SKU-000237B",
                1
            ],
            [
                "SKU-000158C",
                1
            ],
            [
                "SKU-000464D",
                1
            ],
            [
                "SKU-000465A",
                1
            ],
            [
                "SKU-000831C",
                1
            ],
            [
                "SKU-000029C",
                1
            ],
            [
                "SKU-000185B",
                1
            ],
            [
                "SKU-000623B",
                1
            ],
            [
                "SKU-000675A",
                1
            ]
        ],
        "pickTime": "2025-07-03 01:29:07"
    },
    {
        "replenish": true,
        "skus": [
            [
                "SKU-000679D",
                1
            ],
            [
                "SKU-000155A",
                1
            ],
            [
                "SKU-000225C",
                1
            ],
            [
                "SKU-000737B",
                1
            ],
            [
                "SKU-000820C",
                1
            ],
            [
                "SKU-000903C",
                1
            ],
            [
                "SKU-000574B",
                1
            ]
        ],
        "pickTime": "2025-07-03 08:27:22"
    },
    {
        "replenish": true,
        "skus": [
            [
                "SKU-000257B",
                1
            ],
            [
                "SKU-000864B",
                1
            ],
            [
                "SKU-000417C",
                1
            ],
            [
                "SKU-000771C",
                1
            ],
            [
                "SKU-000013D",
                1
            ],
            [
                "SKU-000029D",
                1
            ],
            [
                "SKU-000029C",
                1
            ],
            [
                "SKU-000194C",
                1
            ],
            [
                "SKU-000292D",
                1
            ],
            [
                "SKU-000816A",
                1
            ],
            [
                "SKU-000288B",
                1
            ],
            [
                "SKU-000142D",
                1
            ],
            [
                "SKU-000253C",
                1
            ],
            [
                "SKU-000050B",
                1
            ],
            [
                "SKU-000757D",
                1
            ],
            [
                "SKU-000159D",
                1
            ],
            [
                "SKU-000964B",
                1
            ],
            [
                "SKU-000894B",
                1
            ],
            [
                "SKU-000151C",
                1
            ],
            [
                "SKU-000880A",
                1
            ],
            [
                "SKU-000523D",
                1
            ],
            [
                "SKU-000629A",
                1
            ]
        ],
        "pickTime": "2025-07-05 10:44:41"
    },
    {
        "replenish": true,
        "skus": [
            [
                "SKU-000377C",
                1
            ],
            [
                "SKU-000532A",
                1
            ],
            [
                "SKU-000921D",
                1
            ],
            [
                "SKU-000865B",
                1
            ],
            [
                "SKU-000078C",
                1
            ],
            [
                "SKU-000289D",
                1
            ],
            [
                "SKU-000220C",
                1
            ],
            [
                "SKU-000653B",
                1
            ],
            [
                "SKU-000339B",
                1
            ],
            [
                "SKU-000160B",
                1
            ],
            [
                "SKU-000855A",
                1
            ],
            [
                "SKU-000289D",
                1
            ],
            [
                "SKU-000796A",
                1
            ],
            [
                "SKU-000102A",
                1
            ]
        ],
        "pickTime": "2025-07-05 12:36:26"
    },
    {
        "replenish": true,
        "skus": [
            [
                "SKU-000418D",
                1
            ],
            [
                "SKU-000797C",
                1
            ],
            [
                "SKU-000774D",
                1
            ],
            [
                "SKU-000730A",
                1
            ],
            [
                "SKU-000457A",
                1
            ],
            [
                "SKU-000477D",
                1
            ],
            [
                "SKU-000416C",
                1
            ],
            [
                "SKU-000325D",
                1
            ],
            [
                "SKU-000982A",
                1
            ],
            [
                "SKU-000040B",
                1
            ],
            [
                "SKU-000642B",
                1
            ],
            [
                "SKU-000907D",
                1
            ],
            [
                "SKU-000257C",
                1
            ],
            [
                "SKU-000703B",
                1
            ]
        ],
        "pickTime": "2025-07-05 20:48:00"
    },
    {
        "replenish": true,
        "skus": [
            [
                "SKU-000051C",
                1
            ],
            [
                "SKU-000757D",
                1
            ]
        ],
        "pickTime": "2025-07-06 07:10:50"
    },
    {
        "replenish": true,
        "skus": [
            [
                "SKU-000913A",
                1
            ],
            [
                "SKU-000101A",
                1
            ],
            [
                "SKU-000959C",
                1
            ],
            [
                "SKU-000959D",
                1
            ],
            [
                "SKU-000853D",
                1
            ],
            [
                "SKU-000984B",
                1
            ],
            [
                "SKU-000686B",
                1
            ],
            [
                "SKU-000603D",
                1
            ],
            [
                "SKU-000698A",
                1
            ],
            [
                "SKU-000400B",
                1
            ],
            [
                "SKU-000727B",
                1
            ],
            [
                "SKU-000078B",
                1
            ],
            [
                "SKU-000809D",
                1
            ],
            [
                "SKU-000099C",
                1
            ],
            [
                "SKU-000299B",
                1
            ]
        ],
        "pickTime": "2025-07-06 07:50:50"
    },
    {
        "replenish": true,
        "skus": [
            [
                "SKU-000428A",
                1
            ],
            [
                "SKU-000554A",
                1
            ],
            [
                "SKU-000183D",
                1
            ],
            [
                "SKU-000348D",
                1
            ]
        ],
        "pickTime": "2025-07-07 08:04:38"
    },
    {
        "replenish": true,
        "skus": [
            [
                "SKU-000592A",
                1
            ],
            [
                "SKU-000303D",
                1
            ],
            [
                "SKU-000629C",
                1
            ],
            [
                "SKU-000236A",
                1
            ],
            [
                "SKU-000957A",
                1
            ],
            [
                "SKU-000910D",
                1
            ],
            [
                "SKU-000720B",
                1
            ],
            [
                "SKU-000414A",
                1
            ],
            [
                "SKU-000323D",
                1
            ],
            [
                "SKU-000955C",
                1
            ],
            [
                "SKU-000266B",
                1
            ],
            [
                "SKU-000416B",
                1
            ],
            [
                "SKU-000668C",
                1
            ],
            [
                "SKU-000851D",
                1
            ],
            [
                "SKU-000724A",
                1
            ],
            [
                "SKU-000360D",
                1
            ],
            [
                "SKU-000012A",
                1
            ],
            [
                "SKU-000476D",
                1
            ],
            [
                "SKU-000625B",
                1
            ],
            [
                "SKU-000056C",
                1
            ],
            [
                "SKU-000409C",
                1
            ]
        ],
        "pickTime": "2025-07-07 17:27:49"
    },
    {
        "replenish": true,
        "skus": [
            [
                "SKU-000902B",
                1
            ],
            [
                "SKU-000021B",
                1
            ],
            [
                "SKU-000185A",
                1
            ],
            [
                "SKU-000339D",
                1
            ]
        ],
        "pickTime": "2025-07-07 22:59:14"
    },
    {
        "replenish": true,
        "skus": [
            [
                "SKU-000395D",
                1
            ],
            [
                "SKU-000960C",
                1
            ],
            [
                "SKU-000734C",
                1
            ],
            [
                "SKU-000622C",
                1
            ],
            [
                "SKU-000557C",
                1
            ],
            [
                "SKU-000806A",
                1
            ],
            [
                "SKU-000567B",
                1
            ],
            [
                "SKU-000614C",
                1
            ],
            [
                "SKU-000019B",
                1
            ],
            [
                "SKU-000127C",
                1
            ],
            [
                "SKU-000335A",
                1
            ],
            [
                "SKU-000899A",
                1
            ],
            [
                "SKU-000094A",
                1
            ]
        ],
        "pickTime": "2025-07-07 23:45:04"
    },
    {
        "replenish": true,
        "skus": [
            [
                "SKU-000536C",
                1
            ],
            [
                "SKU-000457A",
                1
            ],
            [
                "SKU-000095C",
                1
            ],
            [
                "SKU-000916C",
                1
            ],
            [
                "SKU-000852D",
                1
            ],
            [
                "SKU-000665C",
                1
            ],
            [
                "SKU-000159C",
                1
            ],
            [
                "SKU-000374A",
                1
            ],
            [
                "SKU-000570A",
                1
            ],
            [
                "SKU-000838D",
                1
            ],
            [
                "SKU-000743C",
                1
            ],
            [
                "SKU-000359C",
                1
            ],
            [
                "SKU-000833C",
                1
            ],
            [
                "SKU-000230D",
                1
            ],
            [
                "SKU-000891A",
                1
            ],
            [
                "SKU-000853B",
                1
            ],
            [
                "SKU-000485A",
                1
            ],
            [
                "SKU-000749D",
                1
            ],
            [
                "SKU-000231B",
                1
            ],
            [
                "SKU-000453C",
                1
            ],
            [
                "SKU-000050D",
                1
            ],
            [
                "SKU-000159D",
                1
            ],
            [
                "SKU-000236C",
                1
            ],
            [
                "SKU-000504B",
                1
            ],
            [
                "SKU-000468C",
                1
            ],
            [
                "SKU-000814A",
                1
            ],
            [
                "SKU-000523C",
                1
            ],
            [
                "SKU-000482C",
                1
            ]
        ],
        "pickTime": "2025-07-08 03:55:08"
    },
    {
        "replenish": true,
        "skus": [
            [
                "SKU-000455A",
                1
            ],
            [
                "SKU-000798A",
                1
            ],
            [
                "SKU-000647D",
                1
            ],
            [
                "SKU-000976D",
                1
            ],
            [
                "SKU-000642B",
                1
            ],
            [
                "SKU-000285C",
                1
            ],
            [
                "SKU-000892A",
                1
            ],
            [
                "SKU-000010D",
                1
            ],
            [
                "SKU-000872D",
                1
            ]
        ],
        "pickTime": "2025-07-08 04:10:44"
    },
    {
        "replenish": true,
        "skus": [
            [
                "SKU-000670A",
                1
            ],
            [
                "SKU-000470B",
                1
            ],
            [
                "SKU-000804A",
                1
            ],
            [
                "SKU-000927C",
                1
            ],
            [
                "SKU-000192A",
                1
            ],
            [
                "SKU-000115D",
                1
            ],
            [
                "SKU-000268A",
                1
            ]
        ],
        "pickTime": "2025-07-08 06:51:50"
    },
    {
        "replenish": true,
        "skus": [
            [
                "SKU-000029C",
                1
            ]
        ],
        "pickTime": "2025-07-08 15:20:54"
    },
    {
        "replenish": true,
        "skus": [
            [
                "SKU-000232D",
                1
            ],
            [
                "SKU-000752C",
                1
            ],
            [
                "SKU-000817C",
                1
            ],
            [
                "SKU-000078A",
                1
            ],
            [
                "SKU-000110A",
                1
            ],
            [
                "SKU-000497A",
                1
            ]
        ],
        "pickTime": "2025-07-09 16:07:49"
    },
    {
        "replenish": true,
        "skus": [
            [
                "SKU-000407D",
                1
            ],
            [
                "SKU-000445D",
                1
            ],
            [
                "SKU-000337C",
                1
            ],
            [
                "SKU-000292D",
                1
            ],
            [
                "SKU-000325D",
                1
            ],
            [
                "SKU-000272D",
                1
            ],
            [
                "SKU-000179B",
                1
            ],
            [
                "SKU-000723D",
                1
            ],
            [
                "SKU-000992A",
                1
            ],
            [
                "SKU-000359D",
                1
            ],
            [
                "SKU-000573D",
                1
            ],
            [
                "SKU-000836A",
                1
            ],
            [
                "SKU-000418B",
                1
            ],
            [
                "SKU-000502A",
                1
            ],
            [
                "SKU-000543A",
                1
            ]
        ],
        "pickTime": "2025-07-09 19:38:58"
    },
    {
        "replenish": true,
        "skus": [
            [
                "SKU-000603B",
                1
            ],
            [
                "SKU-000463A",
                1
            ],
            [
                "SKU-000622C",
                1
            ],
            [
                "SKU-000421C",
                1
            ]
        ],
        "pickTime": "2025-07-09 20:53:13"
    },
    {
        "replenish": true,
        "skus": [
            [
                "SKU-000907A",
                1
            ],
            [
                "SKU-000326B",
                1
            ],
            [
                "SKU-000338C",
                1
            ],
            [
                "SKU-000744A",
                1
            ],
            [
                "SKU-000389B",
                1
            ],
            [
                "SKU-000632C",
                1
            ],
            [
                "SKU-000242C",
                1
            ]
        ],
        "pickTime": "2025-07-09 22:07:31"
    },
    {
        "replenish": true,
        "skus": [
            [
                "SKU-000151C",
                1
            ]
        ],
        "pickTime": "2025-07-10 06:32:17"
    },
    {
        "replenish": true,
        "skus": [
            [
                "SKU-000316D",
                1
            ],
            [
                "SKU-000467B",
                1
            ],
            [
                "SKU-000031C",
                1
            ],
            [
                "SKU-000904C",
                1
            ],
            [
                "SKU-000851A",
                1
            ],
            [
                "SKU-000367C",
                1
            ],
            [
                "SKU-000805C",
                1
            ],
            [
                "SKU-000183D",
                1
            ],
            [
                "SKU-000917B",
                1
            ],
            [
                "SKU-000487D",
                1
            ],
            [
                "SKU-000102A",
                1
            ],
            [
                "SKU-000672B",
                1
            ]
        ],
        "pickTime": "2025-07-10 11:38:04"
    },
    {
        "replenish": true,
        "skus": [
            [
                "SKU-000188D",
                1
            ],
            [
                "SKU-000572A",
                1
            ],
            [
                "SKU-000658D",
                1
            ]
        ],
        "pickTime": "2025-07-10 12:26:28"
    },
    {
        "replenish": true,
        "skus": [
            [
                "SKU-000842C",
                1
            ],
            [
                "SKU-000323D",
                1
            ],
            [
                "SKU-000875A",
                1
            ],
            [
                "SKU-000792C",
                1
            ],
            [
                "SKU-000031B",
                1
            ],
            [
                "SKU-000349A",
                1
            ],
            [
                "SKU-000527D",
                1
            ]
        ],
        "pickTime": "2025-07-10 15:32:48"
    },
    {
        "replenish": true,
        "skus": [
            [
                "SKU-000847A",
                1
            ],
            [
                "SKU-000575D",
                1
            ],
            [
                "SKU-000242C",
                1
            ],
            [
                "SKU-000820A",
                1
            ],
            [
                "SKU-000246A",
                1
            ]
        ],
        "pickTime": "2025-07-10 16:05:55"
    },
    {
        "replenish": true,
        "skus": [
            [
                "SKU-000257A",
                1
            ],
            [
                "SKU-000457A",
                1
            ],
            [
                "SKU-000335A",
                1
            ],
            [
                "SKU-000671D",
                1
            ]
        ],
        "pickTime": "2025-07-11 03:20:38"
    },
    {
        "replenish": true,
        "skus": [
            [
                "SKU-000707D",
                1
            ],
            [
                "SKU-000491B",
                1
            ],
            [
                "SKU-000664B",
                1
            ],
            [
                "SKU-000622B",
                1
            ],
            [
                "SKU-000295A",
                1
            ],
            [
                "SKU-000801B",
                1
            ]
        ],
        "pickTime": "2025-07-11 05:31:42"
    },
    {
        "replenish": true,
        "skus": [
            [
                "SKU-000541B",
                1
            ],
            [
                "SKU-000335C",
                1
            ],
            [
                "SKU-000917A",
                1
            ],
            [
                "SKU-000058C",
                1
            ],
            [
                "SKU-000080B",
                1
            ],
            [
                "SKU-000409B",
                1
            ],
            [
                "SKU-000210D",
                1
            ],
            [
                "SKU-000655C",
                1
            ],
            [
                "SKU-000582D",
                1
            ]
        ],
        "pickTime": "2025-07-11 11:03:59"
    },
    {
        "replenish": true,
        "skus": [
            [
                "SKU-000417D",
                1
            ],
            [
                "SKU-000237C",
                1
            ],
            [
                "SKU-000923B",
                1
            ],
            [
                "SKU-000860A",
                1
            ],
            [
                "SKU-000029D",
                1
            ]
        ],
        "pickTime": "2025-07-11 18:08:39"
    },
    {
        "replenish": true,
        "skus": [
            [
                "SKU-000307D",
                1
            ],
            [
                "SKU-000899D",
                1
            ],
            [
                "SKU-000957A",
                1
            ]
        ],
        "pickTime": "2025-07-12 03:50:22"
    },
    {
        "replenish": true,
        "skus": [
            [
                "SKU-000563B",
                1
            ],
            [
                "SKU-000655D",
                1
            ],
            [
                "SKU-000216A",
                1
            ],
            [
                "SKU-000504A",
                1
            ],
            [
                "SKU-000913A",
                1
            ],
            [
                "SKU-000265A",
                1
            ],
            [
                "SKU-000944A",
                1
            ]
        ],
        "pickTime": "2025-07-12 07:19:57"
    },
    {
        "replenish": true,
        "skus": [
            [
                "SKU-000161C",
                1
            ],
            [
                "SKU-000467B",
                1
            ],
            [
                "SKU-000212C",
                1
            ],
            [
                "SKU-000109C",
                1
            ],
            [
                "SKU-000144D",
                1
            ],
            [
                "SKU-000414A",
                1
            ],
            [
                "SKU-000281A",
                1
            ],
            [
                "SKU-000012A",
                1
            ],
            [
                "SKU-000572D",
                1
            ],
            [
                "SKU-000759D",
                1
            ],
            [
                "SKU-000809C",
                1
            ]
        ],
        "pickTime": "2025-07-13 00:17:23"
    },
    {
        "replenish": true,
        "skus": [
            [
                "SKU-000890A",
                1
            ],
            [
                "SKU-000829A",
                1
            ],
            [
                "SKU-000480D",
                1
            ],
            [
                "SKU-000563D",
                1
            ],
            [
                "SKU-000916B",
                1
            ],
            [
                "SKU-000148D",
                1
            ],
            [
                "SKU-000471A",
                1
            ],
            [
                "SKU-000205B",
                1
            ],
            [
                "SKU-000046C",
                1
            ],
            [
                "SKU-000581D",
                1
            ],
            [
                "SKU-000466C",
                1
            ],
            [
                "SKU-000879C",
                1
            ],
            [
                "SKU-000345B",
                1
            ],
            [
                "SKU-000794A",
                1
            ],
            [
                "SKU-000056D",
                1
            ],
            [
                "SKU-000276C",
                1
            ],
            [
                "SKU-000789C",
                1
            ],
            [
                "SKU-000084C",
                1
            ],
            [
                "SKU-000505B",
                1
            ]
        ],
        "pickTime": "2025-07-13 04:31:28"
    },
    {
        "replenish": true,
        "skus": [
            [
                "SKU-000532C",
                1
            ],
            [
                "SKU-000443D",
                1
            ],
            [
                "SKU-000213D",
                1
            ],
            [
                "SKU-000546B",
                1
            ],
            [
                "SKU-000838A",
                1
            ],
            [
                "SKU-000105C",
                1
            ],
            [
                "SKU-000130A",
                1
            ],
            [
                "SKU-000440C",
                1
            ],
            [
                "SKU-000899B",
                1
            ],
            [
                "SKU-000807D",
                1
            ],
            [
                "SKU-000240D",
                1
            ],
            [
                "SKU-000876B",
                1
            ],
            [
                "SKU-000511C",
                1
            ],
            [
                "SKU-000269A",
                1
            ],
            [
                "SKU-000679C",
                1
            ]
        ],
        "pickTime": "2025-07-13 11:52:47"
    },
    {
        "replenish": true,
        "skus": [
            [
                "SKU-000618D",
                1
            ],
            [
                "SKU-000534B",
                1
            ]
        ],
        "pickTime": "2025-07-13 19:05:21"
    },
    {
        "replenish": true,
        "skus": [
            [
                "SKU-000265D",
                1
            ],
            [
                "SKU-000816A",
                1
            ],
            [
                "SKU-000056D",
                1
            ],
            [
                "SKU-000129B",
                1
            ],
            [
                "SKU-000225A",
                1
            ],
            [
                "SKU-000525A",
                1
            ],
            [
                "SKU-000386B",
                1
            ],
            [
                "SKU-000308A",
                1
            ],
            [
                "SKU-000061A",
                1
            ],
            [
                "SKU-000387A",
                1
            ],
            [
                "SKU-000271C",
                1
            ],
            [
                "SKU-000445A",
                1
            ],
            [
                "SKU-000717C",
                1
            ],
            [
                "SKU-000718B",
                1
            ]
        ],
        "pickTime": "2025-07-13 19:46:11"
    },
    {
        "replenish": true,
        "skus": [
            [
                "SKU-000409B",
                1
            ],
            [
                "SKU-000572D",
                1
            ],
            [
                "SKU-000649B",
                1
            ],
            [
                "SKU-000975B",
                1
            ]
        ],
        "pickTime": "2025-07-13 23:10:21"
    },
    {
        "replenish": true,
        "skus": [
            [
                "SKU-000767D",
                1
            ],
            [
                "SKU-000825C",
                1
            ],
            [
                "SKU-000524B",
                1
            ],
            [
                "SKU-000441B",
                1
            ],
            [
                "SKU-000038B",
                1
            ],
            [
                "SKU-000545A",
                1
            ]
        ],
        "pickTime": "2025-07-14 05:30:18"
    },
    {
        "replenish": true,
        "skus": [
            [
                "SKU-000825C",
                1
            ]
        ],
        "pickTime": "2025-07-14 11:59:17"
    },
    {
        "replenish": true,
        "skus": [
            [
                "SKU-000557B",
                1
            ]
        ],
        "pickTime": "2025-07-14 15:36:43"
    },
    {
        "replenish": true,
        "skus": [
            [
                "SKU-000771B",
                1
            ],
            [
                "SKU-000065C",
                1
            ],
            [
                "SKU-000216A",
                1
            ],
            [
                "SKU-000906D",
                1
            ],
            [
                "SKU-000916B",
                1
            ],
            [
                "SKU-000852A",
                1
            ],
            [
                "SKU-000488D",
                1
            ]
        ],
        "pickTime": "2025-07-14 23:07:56"
    },
    {
        "replenish": true,
        "skus": [
            [
                "SKU-000614D",
                1
            ],
            [
                "SKU-000696A",
                1
            ],
            [
                "SKU-000537C",
                1
            ],
            [
                "SKU-000370B",
                1
            ],
            [
                "SKU-000457C",
                1
            ],
            [
                "SKU-000520D",
                1
            ],
            [
                "SKU-000466A",
                1
            ],
            [
                "SKU-000210C",
                1
            ],
            [
                "SKU-000880A",
                1
            ],
            [
                "SKU-000174B",
                1
            ],
            [
                "SKU-000695A",
                1
            ],
            [
                "SKU-000043B",
                1
            ],
            [
                "SKU-000030C",
                1
            ],
            [
                "SKU-000671B",
                1
            ],
            [
                "SKU-000061A",
                1
            ]
        ],
        "pickTime": "2025-07-16 04:18:07"
    },
    {
        "replenish": true,
        "skus": [
            [
                "SKU-000220D",
                1
            ],
            [
                "SKU-000290B",
                1
            ],
            [
                "SKU-000389D",
                1
            ],
            [
                "SKU-000285A",
                1
            ],
            [
                "SKU-000134C",
                1
            ],
            [
                "SKU-000578B",
                1
            ],
            [
                "SKU-000658D",
                1
            ],
            [
                "SKU-000221C",
                1
            ],
            [
                "SKU-000316A",
                1
            ],
            [
                "SKU-000190A",
                1
            ],
            [
                "SKU-000938D",
                1
            ],
            [
                "SKU-000404B",
                1
            ],
            [
                "SKU-000748C",
                1
            ]
        ],
        "pickTime": "2025-07-16 14:04:55"
    },
    {
        "replenish": false,
        "skus": [
            [
                "SKU-000063D",
                1
            ],
            [
                "SKU-000897C",
                1
            ],
            [
                "SKU-000522B",
                1
            ],
            [
                "SKU-000197A",
                1
            ]
        ],
        "pickTime": "2025-07-16 16:15:26"
    },
    {
        "replenish": false,
        "skus": [
            [
                "SKU-000028A",
                1
            ],
            [
                "SKU-000004C",
                1
            ],
            [
                "SKU-000313C",
                1
            ],
            [
                "SKU-000164B",
                1
            ],
            [
                "SKU-000572D",
                1
            ]
        ],
        "pickTime": "2025-07-17 08:58:51"
    },
    {
        "replenish": false,
        "skus": [
            [
                "SKU-000778B",
                1
            ],
            [
                "SKU-000727A",
                1
            ]
        ],
        "pickTime": "2025-07-17 09:46:05"
    },
    {
        "replenish": false,
        "skus": [
            [
                "SKU-000681C",
                1
            ],
            [
                "SKU-000561B",
                1
            ],
            [
                "SKU-000380A",
                1
            ]
        ],
        "pickTime": "2025-07-17 16:19:39"
    },
    {
        "replenish": false,
        "skus": [
            [
                "SKU-000542D",
                1
            ],
            [
                "SKU-000793B",
                1
            ]
        ],
        "pickTime": "2025-07-17 18:07:28"
    },
    {
        "replenish": false,
        "skus": [
            [
                "SKU-000917B",
                1
            ],
            [
                "SKU-000882A",
                1
            ]
        ],
        "pickTime": "2025-07-17 20:22:46"
    },
    {
        "replenish": false,
        "skus": [
            [
                "SKU-000386A",
                1
            ],
            [
                "SKU-000605B",
                1
            ]
        ],
        "pickTime": "2025-07-18 01:38:23"
    },
    {
        "replenish": false,
        "skus": [
            [
                "SKU-000575A",
                1
            ],
            [
                "SKU-000222B",
                1
            ],
            [
                "SKU-000863D",
                1
            ]
        ],
        "pickTime": "2025-07-18 03:02:45"
    },
    {
        "replenish": false,
        "skus": [
            [
                "SKU-000509D",
                1
            ],
            [
                "SKU-000530A",
                1
            ]
        ],
        "pickTime": "2025-07-18 03:41:46"
    },
    {
        "replenish": false,
        "skus": [
            [
                "SKU-000181D",
                1
            ],
            [
                "SKU-000180C",
                1
            ],
            [
                "SKU-000972D",
                1
            ],
            [
                "SKU-000959D",
                1
            ]
        ],
        "pickTime": "2025-07-18 05:53:58"
    },
    {
        "replenish": false,
        "skus": [
            [
                "SKU-000145A",
                1
            ],
            [
                "SKU-000891D",
                1
            ],
            [
                "SKU-000995D",
                1
            ],
            [
                "SKU-000037A",
                1
            ],
            [
                "SKU-000675B",
                1
            ]
        ],
        "pickTime": "2025-07-19 08:07:25"
    },
    {
        "replenish": false,
        "skus": [
            [
                "SKU-000798A",
                1
            ],
            [
                "SKU-000731D",
                1
            ],
            [
                "SKU-000820C",
                1
            ],
            [
                "SKU-000243C",
                1
            ],
            [
                "SKU-000982C",
                1
            ],
            [
                "SKU-000210B",
                1
            ],
            [
                "SKU-000951D",
                1
            ],
            [
                "SKU-000916B",
                1
            ],
            [
                "SKU-000740C",
                1
            ],
            [
                "SKU-000346A",
                1
            ]
        ],
        "pickTime": "2025-07-19 09:29:08"
    },
    {
        "replenish": false,
        "skus": [
            [
                "SKU-000906C",
                1
            ]
        ],
        "pickTime": "2025-07-19 11:27:33"
    },
    {
        "replenish": false,
        "skus": [
            [
                "SKU-000783D",
                1
            ],
            [
                "SKU-000237C",
                1
            ],
            [
                "SKU-000534B",
                1
            ],
            [
                "SKU-000106D",
                1
            ]
        ],
        "pickTime": "2025-07-19 16:19:20"
    },
    {
        "replenish": false,
        "skus": [
            [
                "SKU-000949A",
                1
            ]
        ],
        "pickTime": "2025-07-19 18:03:39"
    },
    {
        "replenish": false,
        "skus": [
            [
                "SKU-000115A",
                1
            ],
            [
                "SKU-000740C",
                1
            ],
            [
                "SKU-000879D",
                1
            ],
            [
                "SKU-000871B",
                1
            ],
            [
                "SKU-000793D",
                1
            ],
            [
                "SKU-000969C",
                1
            ],
            [
                "SKU-000123B",
                1
            ]
        ],
        "pickTime": "2025-07-19 21:01:29"
    },
    {
        "replenish": false,
        "skus": [
            [
                "SKU-000871C",
                1
            ],
            [
                "SKU-000779B",
                1
            ],
            [
                "SKU-000610C",
                1
            ],
            [
                "SKU-000779B",
                1
            ]
        ],
        "pickTime": "2025-07-20 02:14:27"
    },
    {
        "replenish": false,
        "skus": [
            [
                "SKU-000380D",
                1
            ],
            [
                "SKU-000113A",
                1
            ],
            [
                "SKU-000653B",
                1
            ]
        ],
        "pickTime": "2025-07-20 21:39:37"
    },
    {
        "replenish": false,
        "skus": [
            [
                "SKU-000823A",
                1
            ]
        ],
        "pickTime": "2025-07-20 23:45:28"
    },
    {
        "replenish": false,
        "skus": [
            [
                "SKU-000553A",
                1
            ]
        ],
        "pickTime": "2025-07-21 06:59:09"
    },
    {
        "replenish": false,
        "skus": [
            [
                "SKU-000392A",
                1
            ],
            [
                "SKU-000463B",
                1
            ],
            [
                "SKU-000142D",
                1
            ],
            [
                "SKU-000264D",
                1
            ],
            [
                "SKU-000740D",
                1
            ],
            [
                "SKU-000259D",
                1
            ],
            [
                "SKU-000362C",
                1
            ],
            [
                "SKU-000075D",
                1
            ]
        ],
        "pickTime": "2025-07-21 08:20:26"
    },
    {
        "replenish": false,
        "skus": [
            [
                "SKU-000456B",
                1
            ]
        ],
        "pickTime": "2025-07-21 21:22:41"
    },
    {
        "replenish": false,
        "skus": [
            [
                "SKU-000725A",
                1
            ],
            [
                "SKU-000043A",
                1
            ]
        ],
        "pickTime": "2025-07-22 00:44:00"
    },
    {
        "replenish": false,
        "skus": [
            [
                "SKU-000851C",
                1
            ],
            [
                "SKU-000268A",
                1
            ],
            [
                "SKU-000399C",
                1
            ],
            [
                "SKU-000647C",
                1
            ],
            [
                "SKU-000338C",
                1
            ],
            [
                "SKU-000825C",
                1
            ]
        ],
        "pickTime": "2025-07-22 03:26:10"
    },
    {
        "replenish": false,
        "skus": [
            [
                "SKU-000121B",
                1
            ],
            [
                "SKU-000621B",
                1
            ]
        ],
        "pickTime": "2025-07-22 20:07:27"
    },
    {
        "replenish": false,
        "skus": [
            [
                "SKU-000489A",
                1
            ]
        ],
        "pickTime": "2025-07-23 18:42:16"
    },
    {
        "replenish": false,
        "skus": [
            [
                "SKU-000464D",
                1
            ],
            [
                "SKU-000655C",
                1
            ],
            [
                "SKU-000750A",
                1
            ],
            [
                "SKU-000187A",
                1
            ],
            [
                "SKU-000707C",
                1
            ],
            [
                "SKU-000189D",
                1
            ]
        ],
        "pickTime": "2025-07-24 06:15:26"
    },
    {
        "replenish": false,
        "skus": [
            [
                "SKU-000932C",
                1
            ],
            [
                "SKU-000828C",
                1
            ]
        ],
        "pickTime": "2025-07-24 07:30:36"
    },
    {
        "replenish": false,
        "skus": [
            [
                "SKU-000590B",
                1
            ],
            [
                "SKU-000521A",
                1
            ],
            [
                "SKU-000675C",
                1
            ],
            [
                "SKU-000959A",
                1
            ]
        ],
        "pickTime": "2025-07-24 08:09:21"
    },
    {
        "replenish": false,
        "skus": [
            [
                "SKU-000857A",
                1
            ]
        ],
        "pickTime": "2025-07-25 17:36:11"
    },
    {
        "replenish": false,
        "skus": [
            [
                "SKU-000957A",
                1
            ],
            [
                "SKU-000080B",
                1
            ],
            [
                "SKU-000750C",
                1
            ],
            [
                "SKU-000410B",
                1
            ],
            [
                "SKU-000689D",
                1
            ]
        ],
        "pickTime": "2025-07-25 20:23:22"
    },
    {
        "replenish": false,
        "skus": [
            [
                "SKU-000745A",
                1
            ]
        ],
        "pickTime": "2025-07-26 01:53:52"
    },
    {
        "replenish": false,
        "skus": [
            [
                "SKU-000278D",
                1
            ],
            [
                "SKU-000392A",
                1
            ]
        ],
        "pickTime": "2025-07-26 10:12:41"
    },
    {
        "replenish": false,
        "skus": [
            [
                "SKU-000717D",
                1
            ]
        ],
        "pickTime": "2025-07-26 10:46:49"
    },
    {
        "replenish": false,
        "skus": [
            [
                "SKU-000899A",
                1
            ],
            [
                "SKU-000750C",
                1
            ],
            [
                "SKU-000581B",
                1
            ],
            [
                "SKU-000502A",
                1
            ],
            [
                "SKU-000974C",
                1
            ],
            [
                "SKU-000495A",
                1
            ],
            [
                "SKU-000816A",
                1
            ],
            [
                "SKU-000667D",
                1
            ]
        ],
        "pickTime": "2025-07-26 13:14:21"
    },
    {
        "replenish": false,
        "skus": [
            [
                "SKU-000268A",
                1
            ],
            [
                "SKU-000760C",
                1
            ],
            [
                "SKU-000188B",
                1
            ],
            [
                "SKU-000015B",
                1
            ]
        ],
        "pickTime": "2025-07-26 22:50:55"
    },
    {
        "replenish": false,
        "skus": [
            [
                "SKU-000816C",
                1
            ],
            [
                "SKU-000478D",
                1
            ],
            [
                "SKU-000899A",
                1
            ],
            [
                "SKU-000006B",
                1
            ],
            [
                "SKU-000521B",
                1
            ],
            [
                "SKU-000105D",
                1
            ],
            [
                "SKU-000349A",
                1
            ],
            [
                "SKU-000903C",
                1
            ]
        ],
        "pickTime": "2025-07-27 13:44:27"
    },
    {
        "replenish": false,
        "skus": [
            [
                "SKU-000562B",
                1
            ],
            [
                "SKU-000419A",
                1
            ]
        ],
        "pickTime": "2025-07-27 14:46:31"
    },
    {
        "replenish": false,
        "skus": [
            [
                "SKU-000723B",
                1
            ],
            [
                "SKU-000655D",
                1
            ],
            [
                "SKU-000972C",
                1
            ]
        ],
        "pickTime": "2025-07-27 15:47:07"
    },
    {
        "replenish": false,
        "skus": [
            [
                "SKU-000682C",
                1
            ]
        ],
        "pickTime": "2025-07-28 04:13:06"
    },
    {
        "replenish": false,
        "skus": [
            [
                "SKU-000017B",
                1
            ],
            [
                "SKU-000491C",
                1
            ],
            [
                "SKU-000968D",
                1
            ]
        ],
        "pickTime": "2025-07-28 06:42:27"
    },
    {
        "replenish": false,
        "skus": [
            [
                "SKU-000130A",
                1
            ],
            [
                "SKU-000134C",
                1
            ]
        ],
        "pickTime": "2025-07-28 07:23:08"
    },
    {
        "replenish": false,
        "skus": [
            [
                "SKU-000095D",
                1
            ],
            [
                "SKU-000445B",
                1
            ],
            [
                "SKU-000266B",
                1
            ]
        ],
        "pickTime": "2025-07-28 10:40:32"
    },
    {
        "replenish": false,
        "skus": [
            [
                "SKU-000603B",
                1
            ],
            [
                "SKU-000982A",
                1
            ],
            [
                "SKU-000006A",
                1
            ],
            [
                "SKU-000050C",
                1
            ],
            [
                "SKU-000794D",
                1
            ],
            [
                "SKU-000400B",
                1
            ],
            [
                "SKU-000145C",
                1
            ]
        ],
        "pickTime": "2025-07-28 13:06:12"
    },
    {
        "replenish": false,
        "skus": [
            [
                "SKU-000309C",
                1
            ],
            [
                "SKU-000338C",
                1
            ],
            [
                "SKU-000384A",
                1
            ],
            [
                "SKU-000011B",
                1
            ]
        ],
        "pickTime": "2025-07-28 15:58:33"
    },
    {
        "replenish": false,
        "skus": [
            [
                "SKU-000640C",
                1
            ],
            [
                "SKU-000718C",
                1
            ]
        ],
        "pickTime": "2025-07-28 23:25:13"
    },
    {
        "replenish": false,
        "skus": [
            [
                "SKU-000975B",
                1
            ],
            [
                "SKU-000358C",
                1
            ]
        ],
        "pickTime": "2025-07-29 02:55:06"
    },
    {
        "replenish": false,
        "skus": [
            [
                "SKU-000494D",
                1
            ],
            [
                "SKU-000006A",
                1
            ],
            [
                "SKU-000999B",
                1
            ],
            [
                "SKU-000323D",
                1
            ]
        ],
        "pickTime": "2025-07-29 06:24:36"
    },
    {
        "replenish": false,
        "skus": [
            [
                "SKU-000542D",
                1
            ]
        ],
        "pickTime": "2025-07-29 09:25:45"
    },
    {
        "replenish": false,
        "skus": [
            [
                "SKU-000255C",
                1
            ],
            [
                "SKU-000820B",
                1
            ],
            [
                "SKU-000603C",
                1
            ]
        ],
        "pickTime": "2025-07-29 19:43:15"
    }
]