[
    {
        "replenish": true,
        "skus": [
            [
                "SKU-000612D",
                1
            ],
            [
                "SKU-000091C",
                1
            ],
            [
                "SKU-000589C",
                1
            ],
            [
                "SKU-000630A",
                1
            ],
            [
                "SKU-000621A",
                1
            ],
            [
                "SKU-000172B",
                1
            ]
        ],
        "pickTime": "2025-07-01 01:29:27"
    },
    {
        "replenish": true,
        "skus": [
            [
                "SKU-000519C",
                1
            ]
        ],
        "pickTime": "2025-07-01 04:39:26"
    },
    {
        "replenish": true,
        "skus": [
            [
                "SKU-000999C",
                1
            ],
            [
                "SKU-000606A",
                1
            ],
            [
                "SKU-000371B",
                1
            ],
            [
                "SKU-000130D",
                1
            ],
            [
                "SKU-000600C",
                1
            ],
            [
                "SKU-000589C",
                1
            ],
            [
                "SKU-000244D",
                1
            ]
        ],
        "pickTime": "2025-07-01 16:48:32"
    },
    {
        "replenish": true,
        "skus": [
            [
                "SKU-000999C",
                1
            ],
            [
                "SKU-000767C",
                1
            ],
            [
                "SKU-000635D",
                1
            ],
            [
                "SKU-000426D",
                1
            ],
            [
                "SKU-000598D",
                1
            ],
            [
                "SKU-000250C",
                1
            ],
            [
                "SKU-000892C",
                1
            ],
            [
                "SKU-000952D",
                1
            ],
            [
                "SKU-000407A",
                1
            ],
            [
                "SKU-000016A",
                1
            ],
            [
                "SKU-000393B",
                1
            ],
            [
                "SKU-000717D",
                1
            ],
            [
                "SKU-000396B",
                1
            ],
            [
                "SKU-000630A",
                1
            ],
            [
                "SKU-000431D",
                1
            ]
        ],
        "pickTime": "2025-07-01 17:50:23"
    },
    {
        "replenish": true,
        "skus": [
            [
                "SKU-000931D",
                1
            ],
            [
                "SKU-000177B",
                1
            ],
            [
                "SKU-000736D",
                1
            ],
            [
                "SKU-000088B",
                1
            ],
            [
                "SKU-000069A",
                1
            ],
            [
                "SKU-000812D",
                1
            ],
            [
                "SKU-000015C",
                1
            ],
            [
                "SKU-000892B",
                1
            ],
            [
                "SKU-000722B",
                1
            ],
            [
                "SKU-000885C",
                1
            ],
            [
                "SKU-000293C",
                1
            ],
            [
                "SKU-000648A",
                1
            ],
            [
                "SKU-000838C",
                1
            ],
            [
                "SKU-000903A",
                1
            ],
            [
                "SKU-000562C",
                1
            ],
            [
                "SKU-000547A",
                1
            ],
            [
                "SKU-000640C",
                1
            ],
            [
                "SKU-000688B",
                1
            ]
        ],
        "pickTime": "2025-07-01 20:33:03"
    },
    {
        "replenish": true,
        "skus": [
            [
                "SKU-000758A",
                1
            ],
            [
                "SKU-000309C",
                1
            ],
            [
                "SKU-000205D",
                1
            ],
            [
                "SKU-000165A",
                1
            ],
            [
                "SKU-000564D",
                1
            ],
            [
                "SKU-000789B",
                1
            ]
        ],
        "pickTime": "2025-07-02 04:45:56"
    },
    {
        "replenish": true,
        "skus": [
            [
                "SKU-000609C",
                1
            ],
            [
                "SKU-000355C",
                1
            ],
            [
                "SKU-000472D",
                1
            ],
            [
                "SKU-000759A",
                1
            ],
            [
                "SKU-000245A",
                1
            ],
            [
                "SKU-000855A",
                1
            ],
            [
                "SKU-000682C",
                1
            ],
            [
                "SKU-000296B",
                1
            ],
            [
                "SKU-000420A",
                1
            ],
            [
                "SKU-000884B",
                1
            ]
        ],
        "pickTime": "2025-07-02 05:32:28"
    },
    {
        "replenish": true,
        "skus": [
            [
                "SKU-000196D",
                1
            ],
            [
                "SKU-000488D",
                1
            ],
            [
                "SKU-000107B",
                1
            ],
            [
                "SKU-000728C",
                1
            ],
            [
                "SKU-000272A",
                1
            ],
            [
                "SKU-000063C",
                1
            ]
        ],
        "pickTime": "2025-07-02 14:45:00"
    },
    {
        "replenish": true,
        "skus": [
            [
                "SKU-000700B",
                1
            ],
            [
                "SKU-000258B",
                1
            ],
            [
                "SKU-000991D",
                1
            ],
            [
                "SKU-000575A",
                1
            ],
            [
                "SKU-000942D",
                1
            ]
        ],
        "pickTime": "2025-07-02 19:47:21"
    },
    {
        "replenish": true,
        "skus": [
            [
                "SKU-000265C",
                1
            ],
            [
                "SKU-000712B",
                1
            ],
            [
                "SKU-000523C",
                1
            ],
            [
                "SKU-000914A",
                1
            ],
            [
                "SKU-000115B",
                1
            ],
            [
                "SKU-000320A",
                1
            ],
            [
                "SKU-000237C",
                1
            ],
            [
                "SKU-000724A",
                1
            ],
            [
                "SKU-000312D",
                1
            ],
            [
                "SKU-000893D",
                1
            ],
            [
                "SKU-000687C",
                1
            ],
            [
                "SKU-000882A",
                1
            ],
            [
                "SKU-000490B",
                1
            ],
            [
                "SKU-000778D",
                1
            ],
            [
                "SKU-000252C",
                1
            ],
            [
                "SKU-000981D",
                1
            ],
            [
                "SKU-000309D",
                1
            ]
        ],
        "pickTime": "2025-07-03 10:04:30"
    },
    {
        "replenish": true,
        "skus": [
            [
                "SKU-000111B",
                1
            ],
            [
                "SKU-000258B",
                1
            ]
        ],
        "pickTime": "2025-07-04 00:52:03"
    },
    {
        "replenish": true,
        "skus": [
            [
                "SKU-000744D",
                1
            ],
            [
                "SKU-000459D",
                1
            ],
            [
                "SKU-000212A",
                1
            ],
            [
                "SKU-000235B",
                1
            ],
            [
                "SKU-000623A",
                1
            ],
            [
                "SKU-000646A",
                1
            ],
            [
                "SKU-000950A",
                1
            ],
            [
                "SKU-000222D",
                1
            ],
            [
                "SKU-000975C",
                1
            ],
            [
                "SKU-000967B",
                1
            ],
            [
                "SKU-000399A",
                1
            ],
            [
                "SKU-000687C",
                1
            ],
            [
                "SKU-000541D",
                1
            ],
            [
                "SKU-000511B",
                1
            ],
            [
                "SKU-000316D",
                1
            ],
            [
                "SKU-000078D",
                1
            ],
            [
                "SKU-000731C",
                1
            ],
            [
                "SKU-000498C",
                1
            ],
            [
                "SKU-000916D",
                1
            ]
        ],
        "pickTime": "2025-07-04 03:41:42"
    },
    {
        "replenish": true,
        "skus": [
            [
                "SKU-000609C",
                1
            ],
            [
                "SKU-000706B",
                1
            ],
            [
                "SKU-000582A",
                1
            ]
        ],
        "pickTime": "2025-07-04 07:52:13"
    },
    {
        "replenish": true,
        "skus": [
            [
                "SKU-000870B",
                1
            ],
            [
                "SKU-000791A",
                1
            ],
            [
                "SKU-000734B",
                1
            ],
            [
                "SKU-000014C",
                1
            ],
            [
                "SKU-000128A",
                1
            ]
        ],
        "pickTime": "2025-07-04 21:50:30"
    },
    {
        "replenish": true,
        "skus": [
            [
                "SKU-000846D",
                1
            ]
        ],
        "pickTime": "2025-07-05 09:37:29"
    },
    {
        "replenish": true,
        "skus": [
            [
                "SKU-000484C",
                1
            ],
            [
                "SKU-000850B",
                1
            ],
            [
                "SKU-000401B",
                1
            ],
            [
                "SKU-000640C",
                1
            ]
        ],
        "pickTime": "2025-07-05 10:10:14"
    },
    {
        "replenish": true,
        "skus": [
            [
                "SKU-000331D",
                1
            ],
            [
                "SKU-000011D",
                1
            ]
        ],
        "pickTime": "2025-07-05 10:14:41"
    },
    {
        "replenish": true,
        "skus": [
            [
                "SKU-000107B",
                1
            ],
            [
                "SKU-000611C",
                1
            ],
            [
                "SKU-000749B",
                1
            ],
            [
                "SKU-000760B",
                1
            ],
            [
                "SKU-000843A",
                1
            ],
            [
                "SKU-000302B",
                1
            ],
            [
                "SKU-000598A",
                1
            ],
            [
                "SKU-000356B",
                1
            ],
            [
                "SKU-000007C",
                1
            ],
            [
                "SKU-000129C",
                1
            ],
            [
                "SKU-000829C",
                1
            ],
            [
                "SKU-000638D",
                1
            ],
            [
                "SKU-000134C",
                1
            ],
            [
                "SKU-000910B",
                1
            ],
            [
                "SKU-000491B",
                1
            ],
            [
                "SKU-000993B",
                1
            ],
            [
                "SKU-000142A",
                1
            ],
            [
                "SKU-000329C",
                1
            ],
            [
                "SKU-000857A",
                1
            ],
            [
                "SKU-000784A",
                1
            ],
            [
                "SKU-000870B",
                1
            ],
            [
                "SKU-000549D",
                1
            ],
            [
                "SKU-000359C",
                1
            ]
        ],
        "pickTime": "2025-07-05 14:42:47"
    },
    {
        "replenish": true,
        "skus": [
            [
                "SKU-000494C",
                1
            ],
            [
                "SKU-000768C",
                1
            ],
            [
                "SKU-000747A",
                1
            ],
            [
                "SKU-000976C",
                1
            ],
            [
                "SKU-000203D",
                1
            ],
            [
                "SKU-000633C",
                1
            ],
            [
                "SKU-000526D",
                1
            ],
            [
                "SKU-000961D",
                1
            ],
            [
                "SKU-000592D",
                1
            ],
            [
                "SKU-000049A",
                1
            ],
            [
                "SKU-000212A",
                1
            ],
            [
                "SKU-000209C",
                1
            ],
            [
                "SKU-000286C",
                1
            ],
            [
                "SKU-000132D",
                1
            ]
        ],
        "pickTime": "2025-07-05 21:29:07"
    },
    {
        "replenish": true,
        "skus": [
            [
                "SKU-000509C",
                1
            ],
            [
                "SKU-000266D",
                1
            ],
            [
                "SKU-000065D",
                1
            ],
            [
                "SKU-000832D",
                1
            ],
            [
                "SKU-000996C",
                1
            ],
            [
                "SKU-000748B",
                1
            ],
            [
                "SKU-000864C",
                1
            ],
            [
                "SKU-000345A",
                1
            ],
            [
                "SKU-000907C",
                1
            ],
            [
                "SKU-000995A",
                1
            ],
            [
                "SKU-000262B",
                1
            ],
            [
                "SKU-000318A",
                1
            ],
            [
                "SKU-000354C",
                1
            ],
            [
                "SKU-000827A",
                1
            ],
            [
                "SKU-000638B",
                1
            ],
            [
                "SKU-000270B",
                1
            ],
            [
                "SKU-000078A",
                1
            ],
            [
                "SKU-000361C",
                1
            ],
            [
                "SKU-000559D",
                1
            ],
            [
                "SKU-000503B",
                1
            ],
            [
                "SKU-000752C",
                1
            ],
            [
                "SKU-000542C",
                1
            ],
            [
                "SKU-000085C",
                1
            ],
            [
                "SKU-000393A",
                1
            ],
            [
                "SKU-000289D",
                1
            ],
            [
                "SKU-000272B",
                1
            ],
            [
                "SKU-000038A",
                1
            ],
            [
                "SKU-000596C",
                1
            ],
            [
                "SKU-000116B",
                1
            ]
        ],
        "pickTime": "2025-07-06 07:05:24"
    },
    {
        "replenish": true,
        "skus": [
            [
                "SKU-000471D",
                1
            ],
            [
                "SKU-000470C",
                1
            ],
            [
                "SKU-000523B",
                1
            ],
            [
                "SKU-000384C",
                1
            ],
            [
                "SKU-000649C",
                1
            ],
            [
                "SKU-000428C",
                1
            ],
            [
                "SKU-000438A",
                1
            ],
            [
                "SKU-000853C",
                1
            ],
            [
                "SKU-000930B",
                1
            ],
            [
                "SKU-000792A",
                1
            ],
            [
                "SKU-000985D",
                1
            ],
            [
                "SKU-000423A",
                1
            ],
            [
                "SKU-000575C",
                1
            ],
            [
                "SKU-000367C",
                1
            ]
        ],
        "pickTime": "2025-07-06 15:44:21"
    },
    {
        "replenish": true,
        "skus": [
            [
                "SKU-000035C",
                1
            ],
            [
                "SKU-000273B",
                1
            ]
        ],
        "pickTime": "2025-07-07 09:08:59"
    },
    {
        "replenish": true,
        "skus": [
            [
                "SKU-000936C",
                1
            ],
            [
                "SKU-000042A",
                1
            ],
            [
                "SKU-000266B",
                1
            ],
            [
                "SKU-000415A",
                1
            ]
        ],
        "pickTime": "2025-07-07 23:44:25"
    },
    {
        "replenish": true,
        "skus": [
            [
                "SKU-000004A",
                1
            ],
            [
                "SKU-000391D",
                1
            ],
            [
                "SKU-000413A",
                1
            ],
            [
                "SKU-000328D",
                1
            ],
            [
                "SKU-000452A",
                1
            ],
            [
                "SKU-000336B",
                1
            ],
            [
                "SKU-000227C",
                1
            ],
            [
                "SKU-000646B",
                1
            ],
            [
                "SKU-000166B",
                1
            ],
            [
                "SKU-000981A",
                1
            ],
            [
                "SKU-000537C",
                1
            ],
            [
                "SKU-000132B",
                1
            ],
            [
                "SKU-000965B",
                1
            ],
            [
                "SKU-000893A",
                1
            ],
            [
                "SKU-000537B",
                1
            ],
            [
                "SKU-000387A",
                1
            ],
            [
                "SKU-000613A",
                1
            ],
            [
                "SKU-000560B",
                1
            ],
            [
                "SKU-000364C",
                1
            ],
            [
                "SKU-000259A",
                1
            ],
            [
                "SKU-000815D",
                1
            ],
            [
                "SKU-000638D",
                1
            ],
            [
                "SKU-000708C",
                1
            ],
            [
                "SKU-000988C",
                1
            ],
            [
                "SKU-000788C",
                1
            ],
            [
                "SKU-000004A",
                1
            ]
        ],
        "pickTime": "2025-07-08 00:59:56"
    },
    {
        "replenish": true,
        "skus": [
            [
                "SKU-000007C",
                1
            ]
        ],
        "pickTime": "2025-07-08 03:21:55"
    },
    {
        "replenish": true,
        "skus": [
            [
                "SKU-000487A",
                1
            ],
            [
                "SKU-000242D",
                1
            ],
            [
                "SKU-000583B",
                1
            ],
            [
                "SKU-000787B",
                1
            ],
            [
                "SKU-000255C",
                1
            ],
            [
                "SKU-000946D",
                1
            ],
            [
                "SKU-000811D",
                1
            ],
            [
                "SKU-000837B",
                1
            ],
            [
                "SKU-000313D",
                1
            ],
            [
                "SKU-000687A",
                1
            ],
            [
                "SKU-000403C",
                1
            ],
            [
                "SKU-000970C",
                1
            ]
        ],
        "pickTime": "2025-07-08 13:29:21"
    },
    {
        "replenish": true,
        "skus": [
            [
                "SKU-000490B",
                1
            ],
            [
                "SKU-000617A",
                1
            ]
        ],
        "pickTime": "2025-07-08 18:36:06"
    },
    {
        "replenish": true,
        "skus": [
            [
                "SKU-000336B",
                1
            ]
        ],
        "pickTime": "2025-07-08 22:40:55"
    },
    {
        "replenish": true,
        "skus": [
            [
                "SKU-000748D",
                1
            ],
            [
                "SKU-000891C",
                1
            ],
            [
                "SKU-000618D",
                1
            ],
            [
                "SKU-000699A",
                1
            ]
        ],
        "pickTime": "2025-07-09 05:52:40"
    },
    {
        "replenish": true,
        "skus": [
            [
                "SKU-000642D",
                1
            ],
            [
                "SKU-000198D",
                1
            ]
        ],
        "pickTime": "2025-07-09 06:38:28"
    },
    {
        "replenish": true,
        "skus": [
            [
                "SKU-000159B",
                1
            ],
            [
                "SKU-000038D",
                1
            ],
            [
                "SKU-000669A",
                1
            ],
            [
                "SKU-000582B",
                1
            ]
        ],
        "pickTime": "2025-07-09 16:45:37"
    },
    {
        "replenish": true,
        "skus": [
            [
                "SKU-000444A",
                1
            ],
            [
                "SKU-000836D",
                1
            ],
            [
                "SKU-000326C",
                1
            ],
            [
                "SKU-000315B",
                1
            ],
            [
                "SKU-000621A",
                1
            ]
        ],
        "pickTime": "2025-07-09 18:44:44"
    },
    {
        "replenish": true,
        "skus": [
            [
                "SKU-000386A",
                1
            ],
            [
                "SKU-000331C",
                1
            ]
        ],
        "pickTime": "2025-07-10 02:56:01"
    },
    {
        "replenish": true,
        "skus": [
            [
                "SKU-000346B",
                1
            ],
            [
                "SKU-000302A",
                1
            ],
            [
                "SKU-000289D",
                1
            ]
        ],
        "pickTime": "2025-07-10 04:42:00"
    },
    {
        "replenish": true,
        "skus": [
            [
                "SKU-000384A",
                1
            ],
            [
                "SKU-000286B",
                1
            ],
            [
                "SKU-000910B",
                1
            ]
        ],
        "pickTime": "2025-07-10 11:47:02"
    },
    {
        "replenish": true,
        "skus": [
            [
                "SKU-000642B",
                1
            ],
            [
                "SKU-000417D",
                1
            ],
            [
                "SKU-000697C",
                1
            ],
            [
                "SKU-000841C",
                1
            ],
            [
                "SKU-000434C",
                1
            ],
            [
                "SKU-000985D",
                1
            ],
            [
                "SKU-000455B",
                1
            ],
            [
                "SKU-000871C",
                1
            ],
            [
                "SKU-000541A",
                1
            ],
            [
                "SKU-000289D",
                1
            ],
            [
                "SKU-000677C",
                1
            ],
            [
                "SKU-000319C",
                1
            ],
            [
                "SKU-000277D",
                1
            ],
            [
                "SKU-000098B",
                1
            ],
            [
                "SKU-000883B",
                1
            ],
            [
                "SKU-000613D",
                1
            ]
        ],
        "pickTime": "2025-07-10 16:56:04"
    },
    {
        "replenish": true,
        "skus": [
            [
                "SKU-000931A",
                1
            ],
            [
                "SKU-000497D",
                1
            ],
            [
                "SKU-000611C",
                1
            ]
        ],
        "pickTime": "2025-07-11 01:27:56"
    },
    {
        "replenish": true,
        "skus": [
            [
                "SKU-000274D",
                1
            ],
            [
                "SKU-000855A",
                1
            ],
            [
                "SKU-000886D",
                1
            ],
            [
                "SKU-000399C",
                1
            ],
            [
                "SKU-000520B",
                1
            ],
            [
                "SKU-000309B",
                1
            ],
            [
                "SKU-000734B",
                1
            ],
            [
                "SKU-000922B",
                1
            ],
            [
                "SKU-000456A",
                1
            ],
            [
                "SKU-000435D",
                1
            ],
            [
                "SKU-000712B",
                1
            ],
            [
                "SKU-000818A",
                1
            ],
            [
                "SKU-000011B",
                1
            ],
            [
                "SKU-000345A",
                1
            ],
            [
                "SKU-000107B",
                1
            ],
            [
                "SKU-000116B",
                1
            ]
        ],
        "pickTime": "2025-07-11 23:44:09"
    },
    {
        "replenish": true,
        "skus": [
            [
                "SKU-000818B",
                1
            ],
            [
                "SKU-000685A",
                1
            ],
            [
                "SKU-000006D",
                1
            ],
            [
                "SKU-000443B",
                1
            ]
        ],
        "pickTime": "2025-07-12 01:58:00"
    },
    {
        "replenish": true,
        "skus": [
            [
                "SKU-000701D",
                1
            ],
            [
                "SKU-000320A",
                1
            ],
            [
                "SKU-000873D",
                1
            ],
            [
                "SKU-000284C",
                1
            ],
            [
                "SKU-000684C",
                1
            ],
            [
                "SKU-000337C",
                1
            ],
            [
                "SKU-000338B",
                1
            ]
        ],
        "pickTime": "2025-07-12 06:47:32"
    },
    {
        "replenish": true,
        "skus": [
            [
                "SKU-000505C",
                1
            ]
        ],
        "pickTime": "2025-07-12 07:45:54"
    },
    {
        "replenish": true,
        "skus": [
            [
                "SKU-000395D",
                1
            ],
            [
                "SKU-000673B",
                1
            ]
        ],
        "pickTime": "2025-07-12 18:37:36"
    },
    {
        "replenish": true,
        "skus": [
            [
                "SKU-000909B",
                1
            ],
            [
                "SKU-000910A",
                1
            ],
            [
                "SKU-000075B",
                1
            ],
            [
                "SKU-000061B",
                1
            ],
            [
                "SKU-000838D",
                1
            ],
            [
                "SKU-000292A",
                1
            ],
            [
                "SKU-000128A",
                1
            ],
            [
                "SKU-000746A",
                1
            ],
            [
                "SKU-000030C",
                1
            ],
            [
                "SKU-000776B",
                1
            ],
            [
                "SKU-000942D",
                1
            ],
            [
                "SKU-000277D",
                1
            ],
            [
                "SKU-000953C",
                1
            ],
            [
                "SKU-000639A",
                1
            ],
            [
                "SKU-000777D",
                1
            ],
            [
                "SKU-000397A",
                1
            ],
            [
                "SKU-000552D",
                1
            ]
        ],
        "pickTime": "2025-07-13 00:16:18"
    },
    {
        "replenish": true,
        "skus": [
            [
                "SKU-000886B",
                1
            ]
        ],
        "pickTime": "2025-07-13 03:19:13"
    },
    {
        "replenish": true,
        "skus": [
            [
                "SKU-000657D",
                1
            ],
            [
                "SKU-000328D",
                1
            ],
            [
                "SKU-000814A",
                1
            ],
            [
                "SKU-000826C",
                1
            ],
            [
                "SKU-000105A",
                1
            ],
            [
                "SKU-000076B",
                1
            ],
            [
                "SKU-000117C",
                1
            ],
            [
                "SKU-000621A",
                1
            ],
            [
                "SKU-000309D",
                1
            ],
            [
                "SKU-000722D",
                1
            ],
            [
                "SKU-000303D",
                1
            ],
            [
                "SKU-000687C",
                1
            ],
            [
                "SKU-000941A",
                1
            ],
            [
                "SKU-000698C",
                1
            ],
            [
                "SKU-000523C",
                1
            ],
            [
                "SKU-000006D",
                1
            ],
            [
                "SKU-000415D",
                1
            ]
        ],
        "pickTime": "2025-07-13 05:07:56"
    },
    {
        "replenish": true,
        "skus": [
            [
                "SKU-000856D",
                1
            ],
            [
                "SKU-000280B",
                1
            ],
            [
                "SKU-000224A",
                1
            ],
            [
                "SKU-000403A",
                1
            ],
            [
                "SKU-000042A",
                1
            ],
            [
                "SKU-000468A",
                1
            ],
            [
                "SKU-000112A",
                1
            ],
            [
                "SKU-000616A",
                1
            ],
            [
                "SKU-000155D",
                1
            ],
            [
                "SKU-000208A",
                1
            ],
            [
                "SKU-000746A",
                1
            ]
        ],
        "pickTime": "2025-07-13 07:27:13"
    },
    {
        "replenish": true,
        "skus": [
            [
                "SKU-000516D",
                1
            ],
            [
                "SKU-000699A",
                1
            ],
            [
                "SKU-000751B",
                1
            ],
            [
                "SKU-000242C",
                1
            ],
            [
                "SKU-000911C",
                1
            ],
            [
                "SKU-000878C",
                1
            ],
            [
                "SKU-000638A",
                1
            ],
            [
                "SKU-000943D",
                1
            ]
        ],
        "pickTime": "2025-07-13 09:33:13"
    },
    {
        "replenish": true,
        "skus": [
            [
                "SKU-000971B",
                1
            ]
        ],
        "pickTime": "2025-07-13 15:52:30"
    },
    {
        "replenish": true,
        "skus": [
            [
                "SKU-000919B",
                1
            ],
            [
                "SKU-000908D",
                1
            ],
            [
                "SKU-000897A",
                1
            ],
            [
                "SKU-000781C",
                1
            ],
            [
                "SKU-000621C",
                1
            ],
            [
                "SKU-000057C",
                1
            ],
            [
                "SKU-000732B",
                1
            ],
            [
                "SKU-000782A",
                1
            ],
            [
                "SKU-000530C",
                1
            ],
            [
                "SKU-000759C",
                1
            ],
            [
                "SKU-000885C",
                1
            ],
            [
                "SKU-000097C",
                1
            ],
            [
                "SKU-000548A",
                1
            ],
            [
                "SKU-000200C",
                1
            ],
            [
                "SKU-000402B",
                1
            ],
            [
                "SKU-000867A",
                1
            ],
            [
                "SKU-000007A",
                1
            ],
            [
                "SKU-000801B",
                1
            ],
            [
                "SKU-000429D",
                1
            ],
            [
                "SKU-000633A",
                1
            ]
        ],
        "pickTime": "2025-07-14 17:44:43"
    },
    {
        "replenish": true,
        "skus": [
            [
                "SKU-000431A",
                1
            ]
        ],
        "pickTime": "2025-07-14 20:37:46"
    },
    {
        "replenish": false,
        "skus": [
            [
                "SKU-000463B",
                1
            ],
            [
                "SKU-000947D",
                1
            ]
        ],
        "pickTime": "2025-07-14 22:44:47"
    },
    {
        "replenish": false,
        "skus": [
            [
                "SKU-000918D",
                1
            ],
            [
                "SKU-000522B",
                1
            ],
            [
                "SKU-000967A",
                1
            ]
        ],
        "pickTime": "2025-07-15 03:02:32"
    },
    {
        "replenish": false,
        "skus": [
            [
                "SKU-000233A",
                1
            ],
            [
                "SKU-000994A",
                1
            ],
            [
                "SKU-000638B",
                1
            ],
            [
                "SKU-000383D",
                1
            ],
            [
                "SKU-000792A",
                1
            ],
            [
                "SKU-000827A",
                1
            ],
            [
                "SKU-000796D",
                1
            ],
            [
                "SKU-000834B",
                1
            ],
            [
                "SKU-000910D",
                1
            ],
            [
                "SKU-000654A",
                1
            ]
        ],
        "pickTime": "2025-07-15 04:28:30"
    },
    {
        "replenish": false,
        "skus": [
            [
                "SKU-000647C",
                1
            ]
        ],
        "pickTime": "2025-07-15 13:46:32"
    },
    {
        "replenish": false,
        "skus": [
            [
                "SKU-000112B",
                1
            ],
            [
                "SKU-000836B",
                1
            ]
        ],
        "pickTime": "2025-07-15 14:19:21"
    },
    {
        "replenish": false,
        "skus": [
            [
                "SKU-000709C",
                1
            ],
            [
                "SKU-000377B",
                1
            ],
            [
                "SKU-000082A",
                1
            ],
            [
                "SKU-000402A",
                1
            ],
            [
                "SKU-000065C",
                1
            ],
            [
                "SKU-000121B",
                1
            ],
            [
                "SKU-000630A",
                1
            ],
            [
                "SKU-000772C",
                1
            ],
            [
                "SKU-000027D",
                1
            ],
            [
                "SKU-000511C",
                1
            ],
            [
                "SKU-000059D",
                1
            ],
            [
                "SKU-000903D",
                1
            ],
            [
                "SKU-000887C",
                1
            ],
            [
                "SKU-000174D",
                1
            ]
        ],
        "pickTime": "2025-07-15 19:10:34"
    },
    {
        "replenish": false,
        "skus": [
            [
                "SKU-000688A",
                1
            ],
            [
                "SKU-000612D",
                1
            ]
        ],
        "pickTime": "2025-07-15 22:04:10"
    },
    {
        "replenish": false,
        "skus": [
            [
                "SKU-000482C",
                1
            ],
            [
                "SKU-000610C",
                1
            ],
            [
                "SKU-000695A",
                1
            ],
            [
                "SKU-000472D",
                1
            ]
        ],
        "pickTime": "2025-07-16 01:54:14"
    },
    {
        "replenish": false,
        "skus": [
            [
                "SKU-000841C",
                1
            ],
            [
                "SKU-000326A",
                1
            ],
            [
                "SKU-000834C",
                1
            ],
            [
                "SKU-000011B",
                1
            ],
            [
                "SKU-000345C",
                1
            ],
            [
                "SKU-000224D",
                1
            ],
            [
                "SKU-000473D",
                1
            ],
            [
                "SKU-000880A",
                1
            ],
            [
                "SKU-000346B",
                1
            ],
            [
                "SKU-000657A",
                1
            ],
            [
                "SKU-000976C",
                1
            ],
            [
                "SKU-000203A",
                1
            ]
        ],
        "pickTime": "2025-07-16 18:46:47"
    },
    {
        "replenish": false,
        "skus": [
            [
                "SKU-000853C",
                1
            ],
            [
                "SKU-000186C",
                1
            ]
        ],
        "pickTime": "2025-07-16 21:21:06"
    },
    {
        "replenish": false,
        "skus": [
            [
                "SKU-000759D",
                1
            ]
        ],
        "pickTime": "2025-07-16 22:43:44"
    },
    {
        "replenish": false,
        "skus": [
            [
                "SKU-000504C",
                1
            ],
            [
                "SKU-000781C",
                1
            ]
        ],
        "pickTime": "2025-07-18 03:53:19"
    },
    {
        "replenish": false,
        "skus": [
            [
                "SKU-000408A",
                1
            ],
            [
                "SKU-000826B",
                1
            ],
            [
                "SKU-000404D",
                1
            ],
            [
                "SKU-000546A",
                1
            ],
            [
                "SKU-000531A",
                1
            ],
            [
                "SKU-000923A",
                1
            ],
            [
                "SKU-000230B",
                1
            ],
            [
                "SKU-000730A",
                1
            ],
            [
                "SKU-000044C",
                1
            ],
            [
                "SKU-000442D",
                1
            ]
        ],
        "pickTime": "2025-07-18 12:46:49"
    },
    {
        "replenish": false,
        "skus": [
            [
                "SKU-000306C",
                1
            ]
        ],
        "pickTime": "2025-07-18 22:51:04"
    },
    {
        "replenish": false,
        "skus": [
            [
                "SKU-000119C",
                1
            ],
            [
                "SKU-000520B",
                1
            ],
            [
                "SKU-000359C",
                1
            ],
            [
                "SKU-000965D",
                1
            ],
            [
                "SKU-000030A",
                1
            ],
            [
                "SKU-000759B",
                1
            ],
            [
                "SKU-000229A",
                1
            ],
            [
                "SKU-000155B",
                1
            ]
        ],
        "pickTime": "2025-07-19 06:21:51"
    },
    {
        "replenish": false,
        "skus": [
            [
                "SKU-000693D",
                1
            ]
        ],
        "pickTime": "2025-07-20 01:58:31"
    },
    {
        "replenish": false,
        "skus": [
            [
                "SKU-000425B",
                1
            ],
            [
                "SKU-000331D",
                1
            ]
        ],
        "pickTime": "2025-07-20 06:04:24"
    },
    {
        "replenish": false,
        "skus": [
            [
                "SKU-000774C",
                1
            ],
            [
                "SKU-000837B",
                1
            ],
            [
                "SKU-000824D",
                1
            ],
            [
                "SKU-000514A",
                1
            ],
            [
                "SKU-000322B",
                1
            ],
            [
                "SKU-000638D",
                1
            ]
        ],
        "pickTime": "2025-07-20 13:22:13"
    },
    {
        "replenish": false,
        "skus": [
            [
                "SKU-000533B",
                1
            ]
        ],
        "pickTime": "2025-07-20 20:58:12"
    },
    {
        "replenish": false,
        "skus": [
            [
                "SKU-000808B",
                1
            ],
            [
                "SKU-000426C",
                1
            ],
            [
                "SKU-000679D",
                1
            ],
            [
                "SKU-000647A",
                1
            ],
            [
                "SKU-000724A",
                1
            ],
            [
                "SKU-000114B",
                1
            ],
            [
                "SKU-000645D",
                1
            ]
        ],
        "pickTime": "2025-07-20 21:42:21"
    },
    {
        "replenish": false,
        "skus": [
            [
                "SKU-000621A",
                1
            ],
            [
                "SKU-000186C",
                1
            ],
            [
                "SKU-000160C",
                1
            ]
        ],
        "pickTime": "2025-07-20 22:47:59"
    },
    {
        "replenish": false,
        "skus": [
            [
                "SKU-000650D",
                1
            ],
            [
                "SKU-000811B",
                1
            ],
            [
                "SKU-000758A",
                1
            ],
            [
                "SKU-000638D",
                1
            ],
            [
                "SKU-000353A",
                1
            ],
            [
                "SKU-000361C",
                1
            ]
        ],
        "pickTime": "2025-07-21 05:38:18"
    },
    {
        "replenish": false,
        "skus": [
            [
                "SKU-000929B",
                1
            ],
            [
                "SKU-000011B",
                1
            ]
        ],
        "pickTime": "2025-07-21 07:50:30"
    },
    {
        "replenish": false,
        "skus": [
            [
                "SKU-000113B",
                1
            ],
            [
                "SKU-000269C",
                1
            ],
            [
                "SKU-000596C",
                1
            ],
            [
                "SKU-000647B",
                1
            ],
            [
                "SKU-000354C",
                1
            ]
        ],
        "pickTime": "2025-07-21 12:22:01"
    },
    {
        "replenish": false,
        "skus": [
            [
                "SKU-000657B",
                1
            ],
            [
                "SKU-000700B",
                1
            ],
            [
                "SKU-000642B",
                1
            ]
        ],
        "pickTime": "2025-07-21 21:20:33"
    },
    {
        "replenish": false,
        "skus": [
            [
                "SKU-000120A",
                1
            ],
            [
                "SKU-000631D",
                1
            ],
            [
                "SKU-000112B",
                1
            ]
        ],
        "pickTime": "2025-07-22 21:25:01"
    },
    {
        "replenish": false,
        "skus": [
            [
                "SKU-000704D",
                1
            ],
            [
                "SKU-000471A",
                1
            ],
            [
                "SKU-000146C",
                1
            ],
            [
                "SKU-000881D",
                1
            ]
        ],
        "pickTime": "2025-07-23 04:57:11"
    },
    {
        "replenish": false,
        "skus": [
            [
                "SKU-000779C",
                1
            ]
        ],
        "pickTime": "2025-07-23 11:31:46"
    },
    {
        "replenish": false,
        "skus": [
            [
                "SKU-000883C",
                1
            ],
            [
                "SKU-000051B",
                1
            ],
            [
                "SKU-000218C",
                1
            ]
        ],
        "pickTime": "2025-07-23 11:57:44"
    },
    {
        "replenish": false,
        "skus": [
            [
                "SKU-000928D",
                1
            ],
            [
                "SKU-000847B",
                1
            ],
            [
                "SKU-000522A",
                1
            ]
        ],
        "pickTime": "2025-07-23 13:48:38"
    },
    {
        "replenish": false,
        "skus": [
            [
                "SKU-000214D",
                1
            ]
        ],
        "pickTime": "2025-07-23 17:17:02"
    },
    {
        "replenish": false,
        "skus": [
            [
                "SKU-000597C",
                1
            ],
            [
                "SKU-000826B",
                1
            ]
        ],
        "pickTime": "2025-07-23 20:51:30"
    },
    {
        "replenish": false,
        "skus": [
            [
                "SKU-000238C",
                1
            ],
            [
                "SKU-000217C",
                1
            ],
            [
                "SKU-000830A",
                1
            ]
        ],
        "pickTime": "2025-07-23 22:41:46"
    },
    {
        "replenish": false,
        "skus": [
            [
                "SKU-000114B",
                1
            ],
            [
                "SKU-000274D",
                1
            ],
            [
                "SKU-000414A",
                1
            ]
        ],
        "pickTime": "2025-07-24 08:05:30"
    },
    {
        "replenish": false,
        "skus": [
            [
                "SKU-000565C",
                1
            ],
            [
                "SKU-000541C",
                1
            ],
            [
                "SKU-000871D",
                1
            ],
            [
                "SKU-000596C",
                1
            ],
            [
                "SKU-000095D",
                1
            ],
            [
                "SKU-000070C",
                1
            ],
            [
                "SKU-000407A",
                1
            ],
            [
                "SKU-000966A",
                1
            ],
            [
                "SKU-000409A",
                1
            ]
        ],
        "pickTime": "2025-07-24 12:07:44"
    },
    {
        "replenish": false,
        "skus": [
            [
                "SKU-000431D",
                1
            ],
            [
                "SKU-000632D",
                1
            ],
            [
                "SKU-000882B",
                1
            ]
        ],
        "pickTime": "2025-07-25 13:20:04"
    },
    {
        "replenish": false,
        "skus": [
            [
                "SKU-000092C",
                1
            ],
            [
                "SKU-000434C",
                1
            ],
            [
                "SKU-000577B",
                1
            ],
            [
                "SKU-000175B",
                1
            ],
            [
                "SKU-000999C",
                1
            ]
        ],
        "pickTime": "2025-07-25 23:12:18"
    },
    {
        "replenish": false,
        "skus": [
            [
                "SKU-000158D",
                1
            ],
            [
                "SKU-000877B",
                1
            ],
            [
                "SKU-000834B",
                1
            ],
            [
                "SKU-000620B",
                1
            ],
            [
                "SKU-000364B",
                1
            ],
            [
                "SKU-000621C",
                1
            ]
        ],
        "pickTime": "2025-07-26 02:32:29"
    },
    {
        "replenish": false,
        "skus": [
            [
                "SKU-000445C",
                1
            ]
        ],
        "pickTime": "2025-07-26 16:01:26"
    },
    {
        "replenish": false,
        "skus": [
            [
                "SKU-000220C",
                1
            ]
        ],
        "pickTime": "2025-07-27 01:42:37"
    },
    {
        "replenish": false,
        "skus": [
            [
                "SKU-000161B",
                1
            ],
            [
                "SKU-000110B",
                1
            ]
        ],
        "pickTime": "2025-07-27 01:47:46"
    },
    {
        "replenish": false,
        "skus": [
            [
                "SKU-000224A",
                1
            ]
        ],
        "pickTime": "2025-07-27 08:02:53"
    },
    {
        "replenish": false,
        "skus": [
            [
                "SKU-000114C",
                1
            ]
        ],
        "pickTime": "2025-07-27 09:47:11"
    },
    {
        "replenish": false,
        "skus": [
            [
                "SKU-000268D",
                1
            ],
            [
                "SKU-000855B",
                1
            ],
            [
                "SKU-000490B",
                1
            ],
            [
                "SKU-000070B",
                1
            ],
            [
                "SKU-000495A",
                1
            ]
        ],
        "pickTime": "2025-07-27 22:00:35"
    },
    {
        "replenish": false,
        "skus": [
            [
                "SKU-000044C",
                1
            ]
        ],
        "pickTime": "2025-07-28 05:19:54"
    },
    {
        "replenish": false,
        "skus": [
            [
                "SKU-000614C",
                1
            ]
        ],
        "pickTime": "2025-07-28 06:10:12"
    },
    {
        "replenish": false,
        "skus": [
            [
                "SKU-000549D",
                1
            ],
            [
                "SKU-000883A",
                1
            ],
            [
                "SKU-000007B",
                1
            ],
            [
                "SKU-000313B",
                1
            ],
            [
                "SKU-000838C",
                1
            ]
        ],
        "pickTime": "2025-07-28 12:22:29"
    },
    {
        "replenish": false,
        "skus": [
            [
                "SKU-000238B",
                1
            ],
            [
                "SKU-000101C",
                1
            ]
        ],
        "pickTime": "2025-07-28 15:48:25"
    },
    {
        "replenish": false,
        "skus": [
            [
                "SKU-000760A",
                1
            ],
            [
                "SKU-000316A",
                1
            ],
            [
                "SKU-000677A",
                1
            ],
            [
                "SKU-000573D",
                1
            ],
            [
                "SKU-000819A",
                1
            ],
            [
                "SKU-000143A",
                1
            ],
            [
                "SKU-000464C",
                1
            ],
            [
                "SKU-000879B",
                1
            ],
            [
                "SKU-000725D",
                1
            ]
        ],
        "pickTime": "2025-07-29 10:41:49"
    },
    {
        "replenish": false,
        "skus": [
            [
                "SKU-000290B",
                1
            ],
            [
                "SKU-000609C",
                1
            ],
            [
                "SKU-000861C",
                1
            ],
            [
                "SKU-000523B",
                1
            ],
            [
                "SKU-000457D",
                1
            ]
        ],
        "pickTime": "2025-07-29 14:20:15"
    }
]