[
    {
        "replenish": true,
        "skus": [
            [
                "SKU-000506A",
                1
            ],
            [
                "SKU-000710D",
                1
            ],
            [
                "SKU-000901A",
                1
            ],
            [
                "SKU-000988C",
                1
            ]
        ],
        "pickTime": "2025-07-01 01:15:05"
    },
    {
        "replenish": true,
        "skus": [
            [
                "SKU-000907D",
                1
            ],
            [
                "SKU-000843C",
                1
            ],
            [
                "SKU-000854B",
                1
            ]
        ],
        "pickTime": "2025-07-01 10:42:20"
    },
    {
        "replenish": true,
        "skus": [
            [
                "SKU-000474B",
                1
            ],
            [
                "SKU-000825B",
                1
            ]
        ],
        "pickTime": "2025-07-01 14:01:58"
    },
    {
        "replenish": true,
        "skus": [
            [
                "SKU-000318A",
                1
            ],
            [
                "SKU-000185A",
                1
            ],
            [
                "SKU-000051C",
                1
            ]
        ],
        "pickTime": "2025-07-01 17:03:57"
    },
    {
        "replenish": true,
        "skus": [
            [
                "SKU-000645B",
                1
            ],
            [
                "SKU-000672C",
                1
            ]
        ],
        "pickTime": "2025-07-01 21:51:05"
    },
    {
        "replenish": true,
        "skus": [
            [
                "SKU-000251C",
                1
            ],
            [
                "SKU-000503C",
                1
            ],
            [
                "SKU-000580B",
                1
            ],
            [
                "SKU-000388D",
                1
            ],
            [
                "SKU-000416C",
                1
            ],
            [
                "SKU-000062D",
                1
            ],
            [
                "SKU-000254B",
                1
            ]
        ],
        "pickTime": "2025-07-02 07:29:27"
    },
    {
        "replenish": true,
        "skus": [
            [
                "SKU-000503C",
                1
            ],
            [
                "SKU-000402B",
                1
            ],
            [
                "SKU-000483A",
                1
            ],
            [
                "SKU-000485D",
                1
            ],
            [
                "SKU-000725B",
                1
            ],
            [
                "SKU-000434A",
                1
            ],
            [
                "SKU-000372A",
                1
            ],
            [
                "SKU-000421A",
                1
            ],
            [
                "SKU-000424B",
                1
            ],
            [
                "SKU-000592C",
                1
            ],
            [
                "SKU-000834D",
                1
            ]
        ],
        "pickTime": "2025-07-02 07:51:26"
    },
    {
        "replenish": true,
        "skus": [
            [
                "SKU-000337C",
                1
            ],
            [
                "SKU-000677D",
                1
            ],
            [
                "SKU-000949A",
                1
            ],
            [
                "SKU-000484C",
                1
            ],
            [
                "SKU-000831A",
                1
            ],
            [
                "SKU-000264D",
                1
            ],
            [
                "SKU-000425B",
                1
            ],
            [
                "SKU-000825D",
                1
            ],
            [
                "SKU-000870A",
                1
            ],
            [
                "SKU-000616A",
                1
            ],
            [
                "SKU-000237A",
                1
            ],
            [
                "SKU-000237A",
                1
            ],
            [
                "SKU-000934C",
                1
            ],
            [
                "SKU-000224C",
                1
            ],
            [
                "SKU-000319B",
                1
            ],
            [
                "SKU-000224A",
                1
            ],
            [
                "SKU-000787D",
                1
            ],
            [
                "SKU-000079D",
                1
            ],
            [
                "SKU-000125A",
                1
            ],
            [
                "SKU-000406C",
                1
            ],
            [
                "SKU-000599B",
                1
            ],
            [
                "SKU-000848D",
                1
            ],
            [
                "SKU-000200C",
                1
            ],
            [
                "SKU-000542D",
                1
            ],
            [
                "SKU-000569C",
                1
            ],
            [
                "SKU-000977D",
                1
            ],
            [
                "SKU-000416C",
                1
            ]
        ],
        "pickTime": "2025-07-03 01:47:03"
    },
    {
        "replenish": true,
        "skus": [
            [
                "SKU-000864B",
                1
            ]
        ],
        "pickTime": "2025-07-03 04:33:05"
    },
    {
        "replenish": true,
        "skus": [
            [
                "SKU-000829A",
                1
            ],
            [
                "SKU-000266B",
                1
            ],
            [
                "SKU-000547C",
                1
            ],
            [
                "SKU-000192D",
                1
            ],
            [
                "SKU-000603C",
                1
            ],
            [
                "SKU-000126D",
                1
            ],
            [
                "SKU-000194C",
                1
            ],
            [
                "SKU-000905A",
                1
            ],
            [
                "SKU-000851D",
                1
            ],
            [
                "SKU-000157C",
                1
            ]
        ],
        "pickTime": "2025-07-03 19:36:49"
    },
    {
        "replenish": true,
        "skus": [
            [
                "SKU-000774C",
                1
            ],
            [
                "SKU-000663C",
                1
            ],
            [
                "SKU-000582C",
                1
            ]
        ],
        "pickTime": "2025-07-03 22:47:38"
    },
    {
        "replenish": true,
        "skus": [
            [
                "SKU-000495C",
                1
            ],
            [
                "SKU-000682B",
                1
            ],
            [
                "SKU-000077B",
                1
            ],
            [
                "SKU-000333D",
                1
            ],
            [
                "SKU-000168B",
                1
            ],
            [
                "SKU-000224C",
                1
            ],
            [
                "SKU-000825B",
                1
            ],
            [
                "SKU-000817C",
                1
            ],
            [
                "SKU-000525D",
                1
            ],
            [
                "SKU-000012A",
                1
            ],
            [
                "SKU-000995B",
                1
            ],
            [
                "SKU-000179D",
                1
            ],
            [
                "SKU-000892B",
                1
            ],
            [
                "SKU-000655C",
                1
            ],
            [
                "SKU-000459D",
                1
            ],
            [
                "SKU-000468B",
                1
            ],
            [
                "SKU-000030B",
                1
            ]
        ],
        "pickTime": "2025-07-04 11:38:06"
    },
    {
        "replenish": true,
        "skus": [
            [
                "SKU-000577A",
                1
            ],
            [
                "SKU-000957B",
                1
            ],
            [
                "SKU-000782B",
                1
            ],
            [
                "SKU-000682B",
                1
            ],
            [
                "SKU-000035C",
                1
            ],
            [
                "SKU-000163C",
                1
            ],
            [
                "SKU-000286D",
                1
            ],
            [
                "SKU-000928B",
                1
            ]
        ],
        "pickTime": "2025-07-04 15:08:28"
    },
    {
        "replenish": true,
        "skus": [
            [
                "SKU-000028A",
                1
            ],
            [
                "SKU-000069B",
                1
            ],
            [
                "SKU-000281A",
                1
            ],
            [
                "SKU-000672A",
                1
            ]
        ],
        "pickTime": "2025-07-05 09:13:36"
    },
    {
        "replenish": true,
        "skus": [
            [
                "SKU-000873D",
                1
            ],
            [
                "SKU-000045A",
                1
            ],
            [
                "SKU-000423D",
                1
            ],
            [
                "SKU-000835D",
                1
            ],
            [
                "SKU-000363B",
                1
            ],
            [
                "SKU-000720C",
                1
            ],
            [
                "SKU-000863A",
                1
            ],
            [
                "SKU-000564A",
                1
            ],
            [
                "SKU-000531A",
                1
            ],
            [
                "SKU-000950B",
                1
            ],
            [
                "SKU-000245D",
                1
            ],
            [
                "SKU-000402C",
                1
            ],
            [
                "SKU-000409D",
                1
            ],
            [
                "SKU-000444C",
                1
            ]
        ],
        "pickTime": "2025-07-06 04:07:06"
    },
    {
        "replenish": true,
        "skus": [
            [
                "SKU-000127D",
                1
            ],
            [
                "SKU-000939A",
                1
            ],
            [
                "SKU-000537D",
                1
            ],
            [
                "SKU-000489A",
                1
            ],
            [
                "SKU-000407D",
                1
            ],
            [
                "SKU-000583D",
                1
            ],
            [
                "SKU-000846C",
                1
            ],
            [
                "SKU-000455C",
                1
            ],
            [
                "SKU-000164B",
                1
            ],
            [
                "SKU-000813D",
                1
            ],
            [
                "SKU-000038D",
                1
            ],
            [
                "SKU-000198C",
                1
            ]
        ],
        "pickTime": "2025-07-06 05:01:22"
    },
    {
        "replenish": true,
        "skus": [
            [
                "SKU-000354B",
                1
            ],
            [
                "SKU-000516D",
                1
            ],
            [
                "SKU-000744D",
                1
            ],
            [
                "SKU-000635C",
                1
            ],
            [
                "SKU-000031D",
                1
            ],
            [
                "SKU-000803A",
                1
            ],
            [
                "SKU-000706C",
                1
            ],
            [
                "SKU-000496B",
                1
            ],
            [
                "SKU-000378B",
                1
            ],
            [
                "SKU-000593D",
                1
            ],
            [
                "SKU-000795B",
                1
            ],
            [
                "SKU-000146C",
                1
            ],
            [
                "SKU-000814B",
                1
            ],
            [
                "SKU-000281A",
                1
            ],
            [
                "SKU-000573A",
                1
            ]
        ],
        "pickTime": "2025-07-06 12:57:35"
    },
    {
        "replenish": true,
        "skus": [
            [
                "SKU-000184C",
                1
            ],
            [
                "SKU-000806A",
                1
            ],
            [
                "SKU-000850B",
                1
            ],
            [
                "SKU-000584B",
                1
            ]
        ],
        "pickTime": "2025-07-06 13:12:05"
    },
    {
        "replenish": true,
        "skus": [
            [
                "SKU-000849D",
                1
            ],
            [
                "SKU-000775D",
                1
            ],
            [
                "SKU-000447B",
                1
            ],
            [
                "SKU-000245B",
                1
            ],
            [
                "SKU-000185C",
                1
            ],
            [
                "SKU-000493A",
                1
            ],
            [
                "SKU-000112C",
                1
            ]
        ],
        "pickTime": "2025-07-06 16:02:23"
    },
    {
        "replenish": true,
        "skus": [
            [
                "SKU-000199D",
                1
            ],
            [
                "SKU-000605A",
                1
            ],
            [
                "SKU-000957B",
                1
            ]
        ],
        "pickTime": "2025-07-06 20:30:38"
    },
    {
        "replenish": true,
        "skus": [
            [
                "SKU-000914C",
                1
            ],
            [
                "SKU-000761D",
                1
            ],
            [
                "SKU-000825C",
                1
            ],
            [
                "SKU-000844C",
                1
            ],
            [
                "SKU-000834C",
                1
            ],
            [
                "SKU-000999D",
                1
            ],
            [
                "SKU-000198D",
                1
            ]
        ],
        "pickTime": "2025-07-06 21:15:17"
    },
    {
        "replenish": true,
        "skus": [
            [
                "SKU-000880A",
                1
            ],
            [
                "SKU-000365C",
                1
            ],
            [
                "SKU-000324C",
                1
            ],
            [
                "SKU-000196D",
                1
            ],
            [
                "SKU-000417B",
                1
            ],
            [
                "SKU-000356D",
                1
            ],
            [
                "SKU-000111D",
                1
            ],
            [
                "SKU-000340A",
                1
            ],
            [
                "SKU-000871B",
                1
            ],
            [
                "SKU-000873B",
                1
            ],
            [
                "SKU-000572C",
                1
            ],
            [
                "SKU-000375B",
                1
            ]
        ],
        "pickTime": "2025-07-07 03:49:19"
    },
    {
        "replenish": true,
        "skus": [
            [
                "SKU-000372A",
                1
            ],
            [
                "SKU-000370B",
                1
            ],
            [
                "SKU-000317D",
                1
            ],
            [
                "SKU-000486A",
                1
            ],
            [
                "SKU-000046C",
                1
            ],
            [
                "SKU-000903D",
                1
            ],
            [
                "SKU-000166C",
                1
            ],
            [
                "SKU-000883A",
                1
            ],
            [
                "SKU-000703D",
                1
            ],
            [
                "SKU-001000C",
                1
            ],
            [
                "SKU-000784A",
                1
            ],
            [
                "SKU-000091D",
                1
            ],
            [
                "SKU-000697B",
                1
            ],
            [
                "SKU-000820D",
                1
            ],
            [
                "SKU-000044C",
                1
            ],
            [
                "SKU-000477D",
                1
            ],
            [
                "SKU-000001B",
                1
            ],
            [
                "SKU-000863A",
                1
            ],
            [
                "SKU-000946B",
                1
            ],
            [
                "SKU-000404B",
                1
            ],
            [
                "SKU-000821D",
                1
            ],
            [
                "SKU-000554C",
                1
            ],
            [
                "SKU-000966C",
                1
            ],
            [
                "SKU-000993D",
                1
            ],
            [
                "SKU-000207B",
                1
            ]
        ],
        "pickTime": "2025-07-07 08:18:05"
    },
    {
        "replenish": true,
        "skus": [
            [
                "SKU-000542D",
                1
            ],
            [
                "SKU-000947C",
                1
            ],
            [
                "SKU-000868B",
                1
            ],
            [
                "SKU-000765C",
                1
            ],
            [
                "SKU-000273D",
                1
            ]
        ],
        "pickTime": "2025-07-07 19:42:47"
    },
    {
        "replenish": true,
        "skus": [
            [
                "SKU-000070C",
                1
            ],
            [
                "SKU-000865B",
                1
            ],
            [
                "SKU-000204C",
                1
            ],
            [
                "SKU-000213C",
                1
            ],
            [
                "SKU-000832C",
                1
            ],
            [
                "SKU-000010D",
                1
            ],
            [
                "SKU-000690D",
                1
            ],
            [
                "SKU-000113A",
                1
            ],
            [
                "SKU-000840D",
                1
            ],
            [
                "SKU-000793D",
                1
            ],
            [
                "SKU-000671C",
                1
            ],
            [
                "SKU-000034A",
                1
            ],
            [
                "SKU-000391C",
                1
            ],
            [
                "SKU-000266B",
                1
            ],
            [
                "SKU-000239C",
                1
            ],
            [
                "SKU-000770D",
                1
            ],
            [
                "SKU-000109D",
                1
            ],
            [
                "SKU-000154D",
                1
            ],
            [
                "SKU-000398D",
                1
            ],
            [
                "SKU-000859A",
                1
            ],
            [
                "SKU-000502A",
                1
            ],
            [
                "SKU-000550B",
                1
            ],
            [
                "SKU-000883A",
                1
            ],
            [
                "SKU-000367D",
                1
            ],
            [
                "SKU-000891B",
                1
            ],
            [
                "SKU-000214D",
                1
            ],
            [
                "SKU-000557C",
                1
            ],
            [
                "SKU-000803B",
                1
            ],
            [
                "SKU-000771A",
                1
            ],
            [
                "SKU-000892A",
                1
            ]
        ],
        "pickTime": "2025-07-08 07:59:14"
    },
    {
        "replenish": true,
        "skus": [
            [
                "SKU-000635C",
                1
            ],
            [
                "SKU-000523B",
                1
            ],
            [
                "SKU-000354B",
                1
            ],
            [
                "SKU-000396C",
                1
            ]
        ],
        "pickTime": "2025-07-08 08:14:06"
    },
    {
        "replenish": true,
        "skus": [
            [
                "SKU-000419D",
                1
            ],
            [
                "SKU-000873B",
                1
            ],
            [
                "SKU-000452C",
                1
            ]
        ],
        "pickTime": "2025-07-08 23:36:04"
    },
    {
        "replenish": true,
        "skus": [
            [
                "SKU-000073C",
                1
            ],
            [
                "SKU-000986A",
                1
            ],
            [
                "SKU-000074D",
                1
            ],
            [
                "SKU-000584B",
                1
            ],
            [
                "SKU-000175D",
                1
            ]
        ],
        "pickTime": "2025-07-09 13:47:08"
    },
    {
        "replenish": true,
        "skus": [
            [
                "SKU-000645D",
                1
            ],
            [
                "SKU-000871B",
                1
            ],
            [
                "SKU-000014A",
                1
            ],
            [
                "SKU-000065D",
                1
            ],
            [
                "SKU-000465D",
                1
            ],
            [
                "SKU-000022D",
                1
            ],
            [
                "SKU-000304B",
                1
            ],
            [
                "SKU-000616A",
                1
            ],
            [
                "SKU-000280C",
                1
            ],
            [
                "SKU-000901B",
                1
            ]
        ],
        "pickTime": "2025-07-10 07:25:05"
    },
    {
        "replenish": true,
        "skus": [
            [
                "SKU-000783D",
                1
            ],
            [
                "SKU-000645D",
                1
            ],
            [
                "SKU-000672D",
                1
            ],
            [
                "SKU-000610A",
                1
            ],
            [
                "SKU-000836D",
                1
            ],
            [
                "SKU-000883A",
                1
            ],
            [
                "SKU-000918C",
                1
            ],
            [
                "SKU-000894C",
                1
            ],
            [
                "SKU-000684C",
                1
            ],
            [
                "SKU-000384D",
                1
            ],
            [
                "SKU-000310A",
                1
            ],
            [
                "SKU-000461A",
                1
            ],
            [
                "SKU-000538A",
                1
            ],
            [
                "SKU-000026B",
                1
            ],
            [
                "SKU-000170D",
                1
            ],
            [
                "SKU-000707B",
                1
            ],
            [
                "SKU-000957B",
                1
            ],
            [
                "SKU-000811C",
                1
            ]
        ],
        "pickTime": "2025-07-10 07:25:59"
    },
    {
        "replenish": true,
        "skus": [
            [
                "SKU-000091C",
                1
            ],
            [
                "SKU-000463C",
                1
            ],
            [
                "SKU-000058D",
                1
            ],
            [
                "SKU-000234A",
                1
            ],
            [
                "SKU-000532A",
                1
            ],
            [
                "SKU-000388D",
                1
            ],
            [
                "SKU-000851C",
                1
            ],
            [
                "SKU-000908D",
                1
            ],
            [
                "SKU-000558A",
                1
            ],
            [
                "SKU-000961B",
                1
            ],
            [
                "SKU-000380A",
                1
            ]
        ],
        "pickTime": "2025-07-10 09:07:54"
    },
    {
        "replenish": true,
        "skus": [
            [
                "SKU-000631B",
                1
            ],
            [
                "SKU-000193B",
                1
            ]
        ],
        "pickTime": "2025-07-10 11:39:02"
    },
    {
        "replenish": true,
        "skus": [
            [
                "SKU-000295B",
                1
            ],
            [
                "SKU-000236B",
                1
            ],
            [
                "SKU-000568D",
                1
            ],
            [
                "SKU-000643D",
                1
            ],
            [
                "SKU-000063B",
                1
            ],
            [
                "SKU-000597C",
                1
            ],
            [
                "SKU-000990B",
                1
            ],
            [
                "SKU-000207D",
                1
            ]
        ],
        "pickTime": "2025-07-10 14:33:45"
    },
    {
        "replenish": true,
        "skus": [
            [
                "SKU-000615C",
                1
            ]
        ],
        "pickTime": "2025-07-11 02:05:16"
    },
    {
        "replenish": true,
        "skus": [
            [
                "SKU-000407C",
                1
            ],
            [
                "SKU-000684C",
                1
            ],
            [
                "SKU-000866C",
                1
            ],
            [
                "SKU-000720B",
                1
            ],
            [
                "SKU-000470D",
                1
            ],
            [
                "SKU-000584B",
                1
            ],
            [
                "SKU-000939C",
                1
            ],
            [
                "SKU-000629D",
                1
            ],
            [
                "SKU-000342D",
                1
            ]
        ],
        "pickTime": "2025-07-11 06:59:03"
    },
    {
        "replenish": true,
        "skus": [
            [
                "SKU-000430D",
                1
            ]
        ],
        "pickTime": "2025-07-11 16:52:23"
    },
    {
        "replenish": true,
        "skus": [
            [
                "SKU-000236A",
                1
            ],
            [
                "SKU-000805B",
                1
            ],
            [
                "SKU-000856C",
                1
            ],
            [
                "SKU-000301D",
                1
            ]
        ],
        "pickTime": "2025-07-12 07:23:29"
    },
    {
        "replenish": true,
        "skus": [
            [
                "SKU-000542D",
                1
            ]
        ],
        "pickTime": "2025-07-12 15:41:10"
    },
    {
        "replenish": true,
        "skus": [
            [
                "SKU-000290C",
                1
            ],
            [
                "SKU-000941A",
                1
            ],
            [
                "SKU-000428C",
                1
            ],
            [
                "SKU-000519D",
                1
            ],
            [
                "SKU-000361D",
                1
            ],
            [
                "SKU-000201D",
                1
            ],
            [
                "SKU-000441D",
                1
            ],
            [
                "SKU-000765A",
                1
            ],
            [
                "SKU-000706C",
                1
            ],
            [
                "SKU-000700A",
                1
            ],
            [
                "SKU-000019C",
                1
            ],
            [
                "SKU-000239C",
                1
            ]
        ],
        "pickTime": "2025-07-13 04:56:05"
    },
    {
        "replenish": true,
        "skus": [
            [
                "SKU-000074B",
                1
            ],
            [
                "SKU-000561A",
                1
            ]
        ],
        "pickTime": "2025-07-13 06:16:05"
    },
    {
        "replenish": true,
        "skus": [
            [
                "SKU-000662D",
                1
            ],
            [
                "SKU-000438B",
                1
            ],
            [
                "SKU-000898C",
                1
            ],
            [
                "SKU-000207A",
                1
            ],
            [
                "SKU-000931B",
                1
            ],
            [
                "SKU-000290C",
                1
            ],
            [
                "SKU-000887C",
                1
            ],
            [
                "SKU-000627B",
                1
            ]
        ],
        "pickTime": "2025-07-13 09:29:05"
    },
    {
        "replenish": true,
        "skus": [
            [
                "SKU-000033D",
                1
            ],
            [
                "SKU-000478D",
                1
            ],
            [
                "SKU-000937B",
                1
            ],
            [
                "SKU-000937D",
                1
            ]
        ],
        "pickTime": "2025-07-13 13:45:44"
    },
    {
        "replenish": true,
        "skus": [
            [
                "SKU-000792A",
                1
            ],
            [
                "SKU-000531B",
                1
            ],
            [
                "SKU-000312A",
                1
            ],
            [
                "SKU-000924D",
                1
            ]
        ],
        "pickTime": "2025-07-13 13:47:09"
    },
    {
        "replenish": true,
        "skus": [
            [
                "SKU-000593D",
                1
            ],
            [
                "SKU-000883C",
                1
            ],
            [
                "SKU-000826B",
                1
            ]
        ],
        "pickTime": "2025-07-13 15:00:14"
    },
    {
        "replenish": true,
        "skus": [
            [
                "SKU-000513A",
                1
            ],
            [
                "SKU-000123C",
                1
            ],
            [
                "SKU-000262B",
                1
            ]
        ],
        "pickTime": "2025-07-13 22:55:57"
    },
    {
        "replenish": true,
        "skus": [
            [
                "SKU-000860B",
                1
            ],
            [
                "SKU-000208C",
                1
            ]
        ],
        "pickTime": "2025-07-14 12:57:57"
    },
    {
        "replenish": true,
        "skus": [
            [
                "SKU-000339B",
                1
            ],
            [
                "SKU-000909D",
                1
            ],
            [
                "SKU-000890B",
                1
            ]
        ],
        "pickTime": "2025-07-14 16:08:26"
    },
    {
        "replenish": true,
        "skus": [
            [
                "SKU-000488A",
                1
            ],
            [
                "SKU-000050C",
                1
            ],
            [
                "SKU-000391C",
                1
            ],
            [
                "SKU-000675B",
                1
            ],
            [
                "SKU-000166A",
                1
            ],
            [
                "SKU-000534C",
                1
            ],
            [
                "SKU-000400D",
                1
            ]
        ],
        "pickTime": "2025-07-14 19:35:05"
    },
    {
        "replenish": true,
        "skus": [
            [
                "SKU-000017B",
                1
            ],
            [
                "SKU-000754D",
                1
            ],
            [
                "SKU-000688A",
                1
            ],
            [
                "SKU-000815D",
                1
            ],
            [
                "SKU-000361D",
                1
            ],
            [
                "SKU-000192B",
                1
            ],
            [
                "SKU-000356B",
                1
            ],
            [
                "SKU-000317D",
                1
            ]
        ],
        "pickTime": "2025-07-14 22:56:42"
    },
    {
        "replenish": true,
        "skus": [
            [
                "SKU-000404D",
                1
            ],
            [
                "SKU-000698B",
                1
            ],
            [
                "SKU-000833A",
                1
            ],
            [
                "SKU-000208D",
                1
            ],
            [
                "SKU-000153B",
                1
            ]
        ],
        "pickTime": "2025-07-15 03:09:05"
    },
    {
        "replenish": false,
        "skus": [
            [
                "SKU-000811C",
                1
            ]
        ],
        "pickTime": "2025-07-15 11:01:53"
    },
    {
        "replenish": false,
        "skus": [
            [
                "SKU-000073C",
                1
            ],
            [
                "SKU-000671C",
                1
            ]
        ],
        "pickTime": "2025-07-16 20:37:53"
    },
    {
        "replenish": false,
        "skus": [
            [
                "SKU-000769B",
                1
            ],
            [
                "SKU-000576D",
                1
            ]
        ],
        "pickTime": "2025-07-17 05:36:14"
    },
    {
        "replenish": false,
        "skus": [
            [
                "SKU-000483C",
                1
            ],
            [
                "SKU-000778B",
                1
            ]
        ],
        "pickTime": "2025-07-17 07:03:16"
    },
    {
        "replenish": false,
        "skus": [
            [
                "SKU-000871D",
                1
            ],
            [
                "SKU-000714A",
                1
            ],
            [
                "SKU-000717B",
                1
            ]
        ],
        "pickTime": "2025-07-17 21:20:13"
    },
    {
        "replenish": false,
        "skus": [
            [
                "SKU-000900D",
                1
            ],
            [
                "SKU-000047C",
                1
            ],
            [
                "SKU-000384D",
                1
            ],
            [
                "SKU-000391B",
                1
            ]
        ],
        "pickTime": "2025-07-18 02:22:41"
    },
    {
        "replenish": false,
        "skus": [
            [
                "SKU-000994B",
                1
            ]
        ],
        "pickTime": "2025-07-18 18:26:57"
    },
    {
        "replenish": false,
        "skus": [
            [
                "SKU-000494D",
                1
            ],
            [
                "SKU-000596D",
                1
            ]
        ],
        "pickTime": "2025-07-19 02:58:07"
    },
    {
        "replenish": false,
        "skus": [
            [
                "SKU-000262B",
                1
            ],
            [
                "SKU-000299C",
                1
            ],
            [
                "SKU-000130A",
                1
            ],
            [
                "SKU-000192D",
                1
            ]
        ],
        "pickTime": "2025-07-19 08:39:38"
    },
    {
        "replenish": false,
        "skus": [
            [
                "SKU-000740D",
                1
            ],
            [
                "SKU-000737D",
                1
            ]
        ],
        "pickTime": "2025-07-19 11:13:30"
    },
    {
        "replenish": false,
        "skus": [
            [
                "SKU-000486A",
                1
            ],
            [
                "SKU-000009A",
                1
            ]
        ],
        "pickTime": "2025-07-19 13:22:03"
    },
    {
        "replenish": false,
        "skus": [
            [
                "SKU-000397C",
                1
            ],
            [
                "SKU-000264B",
                1
            ]
        ],
        "pickTime": "2025-07-19 16:51:18"
    },
    {
        "replenish": false,
        "skus": [
            [
                "SKU-000621C",
                1
            ],
            [
                "SKU-000008A",
                1
            ],
            [
                "SKU-000903D",
                1
            ]
        ],
        "pickTime": "2025-07-20 02:28:46"
    },
    {
        "replenish": false,
        "skus": [
            [
                "SKU-000514A",
                1
            ],
            [
                "SKU-000095D",
                1
            ],
            [
                "SKU-000346B",
                1
            ],
            [
                "SKU-000581C",
                1
            ],
            [
                "SKU-000781C",
                1
            ]
        ],
        "pickTime": "2025-07-20 09:39:33"
    },
    {
        "replenish": false,
        "skus": [
            [
                "SKU-000929C",
                1
            ],
            [
                "SKU-000857A",
                1
            ],
            [
                "SKU-000942D",
                1
            ],
            [
                "SKU-000369B",
                1
            ]
        ],
        "pickTime": "2025-07-20 20:21:44"
    },
    {
        "replenish": false,
        "skus": [
            [
                "SKU-000881B",
                1
            ],
            [
                "SKU-000610A",
                1
            ],
            [
                "SKU-000910A",
                1
            ],
            [
                "SKU-000222D",
                1
            ]
        ],
        "pickTime": "2025-07-21 08:29:00"
    },
    {
        "replenish": false,
        "skus": [
            [
                "SKU-000652A",
                1
            ],
            [
                "SKU-000102D",
                1
            ],
            [
                "SKU-000009A",
                1
            ],
            [
                "SKU-000648D",
                1
            ]
        ],
        "pickTime": "2025-07-21 14:50:22"
    },
    {
        "replenish": false,
        "skus": [
            [
                "SKU-000690A",
                1
            ]
        ],
        "pickTime": "2025-07-22 05:42:02"
    },
    {
        "replenish": false,
        "skus": [
            [
                "SKU-000403D",
                1
            ],
            [
                "SKU-000360C",
                1
            ]
        ],
        "pickTime": "2025-07-22 06:08:14"
    },
    {
        "replenish": false,
        "skus": [
            [
                "SKU-000007C",
                1
            ],
            [
                "SKU-000444C",
                1
            ]
        ],
        "pickTime": "2025-07-22 09:22:15"
    },
    {
        "replenish": false,
        "skus": [
            [
                "SKU-000202A",
                1
            ],
            [
                "SKU-000972D",
                1
            ],
            [
                "SKU-000918A",
                1
            ],
            [
                "SKU-000768C",
                1
            ],
            [
                "SKU-000614B",
                1
            ],
            [
                "SKU-000842D",
                1
            ],
            [
                "SKU-000302D",
                1
            ],
            [
                "SKU-000239C",
                1
            ]
        ],
        "pickTime": "2025-07-23 08:38:20"
    },
    {
        "replenish": false,
        "skus": [
            [
                "SKU-000977B",
                1
            ],
            [
                "SKU-000774C",
                1
            ],
            [
                "SKU-000679D",
                1
            ],
            [
                "SKU-000976C",
                1
            ],
            [
                "SKU-000894C",
                1
            ]
        ],
        "pickTime": "2025-07-23 09:53:38"
    },
    {
        "replenish": false,
        "skus": [
            [
                "SKU-000237A",
                1
            ],
            [
                "SKU-000027D",
                1
            ],
            [
                "SKU-000528A",
                1
            ]
        ],
        "pickTime": "2025-07-23 14:45:01"
    },
    {
        "replenish": false,
        "skus": [
            [
                "SKU-000117C",
                1
            ],
            [
                "SKU-000579A",
                1
            ],
            [
                "SKU-000453D",
                1
            ],
            [
                "SKU-000391C",
                1
            ],
            [
                "SKU-000026C",
                1
            ]
        ],
        "pickTime": "2025-07-23 18:05:59"
    },
    {
        "replenish": false,
        "skus": [
            [
                "SKU-000152B",
                1
            ],
            [
                "SKU-000555A",
                1
            ],
            [
                "SKU-000408C",
                1
            ],
            [
                "SKU-000125A",
                1
            ],
            [
                "SKU-000233A",
                1
            ],
            [
                "SKU-000886D",
                1
            ],
            [
                "SKU-000486A",
                1
            ],
            [
                "SKU-000759B",
                1
            ],
            [
                "SKU-000200A",
                1
            ],
            [
                "SKU-000871B",
                1
            ]
        ],
        "pickTime": "2025-07-23 22:06:31"
    },
    {
        "replenish": false,
        "skus": [
            [
                "SKU-000185A",
                1
            ],
            [
                "SKU-000444A",
                1
            ],
            [
                "SKU-000556B",
                1
            ]
        ],
        "pickTime": "2025-07-24 00:35:07"
    },
    {
        "replenish": false,
        "skus": [
            [
                "SKU-000309C",
                1
            ],
            [
                "SKU-000558A",
                1
            ]
        ],
        "pickTime": "2025-07-24 02:56:53"
    },
    {
        "replenish": false,
        "skus": [
            [
                "SKU-000384D",
                1
            ],
            [
                "SKU-000627A",
                1
            ],
            [
                "SKU-000770D",
                1
            ],
            [
                "SKU-000338C",
                1
            ],
            [
                "SKU-000699B",
                1
            ],
            [
                "SKU-000514A",
                1
            ],
            [
                "SKU-000232A",
                1
            ]
        ],
        "pickTime": "2025-07-24 03:54:04"
    },
    {
        "replenish": false,
        "skus": [
            [
                "SKU-000751B",
                1
            ]
        ],
        "pickTime": "2025-07-24 13:52:39"
    },
    {
        "replenish": false,
        "skus": [
            [
                "SKU-000618B",
                1
            ],
            [
                "SKU-000193B",
                1
            ],
            [
                "SKU-000298C",
                1
            ],
            [
                "SKU-000139A",
                1
            ],
            [
                "SKU-000382A",
                1
            ]
        ],
        "pickTime": "2025-07-24 16:50:04"
    },
    {
        "replenish": false,
        "skus": [
            [
                "SKU-000327B",
                1
            ],
            [
                "SKU-000855D",
                1
            ]
        ],
        "pickTime": "2025-07-24 19:44:17"
    },
    {
        "replenish": false,
        "skus": [
            [
                "SKU-000237A",
                1
            ],
            [
                "SKU-000962D",
                1
            ],
            [
                "SKU-000426A",
                1
            ]
        ],
        "pickTime": "2025-07-24 22:43:16"
    },
    {
        "replenish": false,
        "skus": [
            [
                "SKU-000040C",
                1
            ]
        ],
        "pickTime": "2025-07-25 00:26:14"
    },
    {
        "replenish": false,
        "skus": [
            [
                "SKU-000153B",
                1
            ],
            [
                "SKU-000070C",
                1
            ],
            [
                "SKU-000180A",
                1
            ],
            [
                "SKU-000573A",
                1
            ]
        ],
        "pickTime": "2025-07-25 13:23:49"
    },
    {
        "replenish": false,
        "skus": [
            [
                "SKU-000435A",
                1
            ]
        ],
        "pickTime": "2025-07-25 19:05:50"
    },
    {
        "replenish": false,
        "skus": [
            [
                "SKU-000673D",
                1
            ],
            [
                "SKU-000326A",
                1
            ],
            [
                "SKU-000576D",
                1
            ]
        ],
        "pickTime": "2025-07-25 21:42:57"
    },
    {
        "replenish": false,
        "skus": [
            [
                "SKU-000974B",
                1
            ],
            [
                "SKU-000457B",
                1
            ]
        ],
        "pickTime": "2025-07-26 07:36:55"
    },
    {
        "replenish": false,
        "skus": [
            [
                "SKU-000751A",
                1
            ],
            [
                "SKU-000621C",
                1
            ],
            [
                "SKU-000607C",
                1
            ],
            [
                "SKU-000929C",
                1
            ],
            [
                "SKU-000611B",
                1
            ]
        ],
        "pickTime": "2025-07-26 08:08:18"
    },
    {
        "replenish": false,
        "skus": [
            [
                "SKU-000148A",
                1
            ],
            [
                "SKU-000968B",
                1
            ],
            [
                "SKU-000713D",
                1
            ],
            [
                "SKU-000319C",
                1
            ],
            [
                "SKU-000157D",
                1
            ]
        ],
        "pickTime": "2025-07-26 19:23:59"
    },
    {
        "replenish": false,
        "skus": [
            [
                "SKU-000384C",
                1
            ],
            [
                "SKU-000400D",
                1
            ],
            [
                "SKU-000106D",
                1
            ],
            [
                "SKU-000184A",
                1
            ],
            [
                "SKU-000811D",
                1
            ],
            [
                "SKU-000170C",
                1
            ],
            [
                "SKU-000034A",
                1
            ],
            [
                "SKU-000987A",
                1
            ],
            [
                "SKU-000339D",
                1
            ],
            [
                "SKU-000339B",
                1
            ],
            [
                "SKU-000207B",
                1
            ]
        ],
        "pickTime": "2025-07-27 02:59:17"
    },
    {
        "replenish": false,
        "skus": [
            [
                "SKU-000087B",
                1
            ],
            [
                "SKU-000895A",
                1
            ]
        ],
        "pickTime": "2025-07-27 07:52:11"
    },
    {
        "replenish": false,
        "skus": [
            [
                "SKU-000290B",
                1
            ]
        ],
        "pickTime": "2025-07-27 10:48:51"
    },
    {
        "replenish": false,
        "skus": [
            [
                "SKU-000093D",
                1
            ]
        ],
        "pickTime": "2025-07-27 12:09:07"
    },
    {
        "replenish": false,
        "skus": [
            [
                "SKU-000436A",
                1
            ],
            [
                "SKU-000183C",
                1
            ],
            [
                "SKU-000273D",
                1
            ],
            [
                "SKU-000104D",
                1
            ]
        ],
        "pickTime": "2025-07-28 10:06:37"
    },
    {
        "replenish": false,
        "skus": [
            [
                "SKU-000122D",
                1
            ],
            [
                "SKU-000236A",
                1
            ],
            [
                "SKU-000843C",
                1
            ]
        ],
        "pickTime": "2025-07-29 07:39:28"
    },
    {
        "replenish": false,
        "skus": [
            [
                "SKU-000276C",
                1
            ],
            [
                "SKU-000312B",
                1
            ],
            [
                "SKU-000897A",
                1
            ],
            [
                "SKU-000757D",
                1
            ]
        ],
        "pickTime": "2025-07-29 14:40:32"
    },
    {
        "replenish": false,
        "skus": [
            [
                "SKU-000619A",
                1
            ]
        ],
        "pickTime": "2025-07-29 17:22:20"
    },
    {
        "replenish": false,
        "skus": [
            [
                "SKU-000172B",
                1
            ],
            [
                "SKU-000082A",
                1
            ],
            [
                "SKU-000647A",
                1
            ],
            [
                "SKU-000690B",
                1
            ],
            [
                "SKU-000751C",
                1
            ],
            [
                "SKU-000124A",
                1
            ],
            [
                "SKU-000073A",
                1
            ],
            [
                "SKU-000629D",
                1
            ]
        ],
        "pickTime": "2025-07-29 17:38:47"
    },
    {
        "replenish": false,
        "skus": [
            [
                "SKU-000080D",
                1
            ],
            [
                "SKU-000844D",
                1
            ],
            [
                "SKU-000559C",
                1
            ]
        ],
        "pickTime": "2025-07-30 02:18:53"
    },
    {
        "replenish": false,
        "skus": [
            [
                "SKU-000163C",
                1
            ],
            [
                "SKU-000451D",
                1
            ],
            [
                "SKU-000739A",
                1
            ]
        ],
        "pickTime": "2025-07-30 02:57:16"
    }
]