[
    {
        "replenish": true,
        "skus": [
            [
                "SKU-000072A",
                1
            ],
            [
                "SKU-000289B",
                1
            ]
        ],
        "pickTime": "2025-07-01 06:20:32"
    },
    {
        "replenish": true,
        "skus": [
            [
                "SKU-000110B",
                1
            ],
            [
                "SKU-000878B",
                1
            ],
            [
                "SKU-000754D",
                1
            ]
        ],
        "pickTime": "2025-07-01 11:29:19"
    },
    {
        "replenish": true,
        "skus": [
            [
                "SKU-000283C",
                1
            ],
            [
                "SKU-000255C",
                1
            ],
            [
                "SKU-000013B",
                1
            ],
            [
                "SKU-000650C",
                1
            ]
        ],
        "pickTime": "2025-07-01 11:49:46"
    },
    {
        "replenish": true,
        "skus": [
            [
                "SKU-000888B",
                1
            ],
            [
                "SKU-000492A",
                1
            ],
            [
                "SKU-000130A",
                1
            ],
            [
                "SKU-000673B",
                1
            ],
            [
                "SKU-000954D",
                1
            ],
            [
                "SKU-000946B",
                1
            ],
            [
                "SKU-000820D",
                1
            ],
            [
                "SKU-000525B",
                1
            ],
            [
                "SKU-000022C",
                1
            ],
            [
                "SKU-000287B",
                1
            ],
            [
                "SKU-000674C",
                1
            ],
            [
                "SKU-000519B",
                1
            ],
            [
                "SKU-000554C",
                1
            ],
            [
                "SKU-000658B",
                1
            ],
            [
                "SKU-000502C",
                1
            ],
            [
                "SKU-000044C",
                1
            ],
            [
                "SKU-000955C",
                1
            ],
            [
                "SKU-000253C",
                1
            ]
        ],
        "pickTime": "2025-07-01 12:49:01"
    },
    {
        "replenish": true,
        "skus": [
            [
                "SKU-000608C",
                1
            ]
        ],
        "pickTime": "2025-07-02 04:00:12"
    },
    {
        "replenish": true,
        "skus": [
            [
                "SKU-000303C",
                1
            ],
            [
                "SKU-000445A",
                1
            ],
            [
                "SKU-000891A",
                1
            ],
            [
                "SKU-000407B",
                1
            ],
            [
                "SKU-000905D",
                1
            ],
            [
                "SKU-000487D",
                1
            ],
            [
                "SKU-000410B",
                1
            ],
            [
                "SKU-000481D",
                1
            ],
            [
                "SKU-000034A",
                1
            ],
            [
                "SKU-000636A",
                1
            ],
            [
                "SKU-000611B",
                1
            ],
            [
                "SKU-000238C",
                1
            ],
            [
                "SKU-000660B",
                1
            ],
            [
                "SKU-000516B",
                1
            ],
            [
                "SKU-000851C",
                1
            ],
            [
                "SKU-000015C",
                1
            ],
            [
                "SKU-000551D",
                1
            ],
            [
                "SKU-000993A",
                1
            ],
            [
                "SKU-000122C",
                1
            ],
            [
                "SKU-000493D",
                1
            ],
            [
                "SKU-000099C",
                1
            ]
        ],
        "pickTime": "2025-07-02 06:19:37"
    },
    {
        "replenish": true,
        "skus": [
            [
                "SKU-000564B",
                1
            ],
            [
                "SKU-000397D",
                1
            ],
            [
                "SKU-000567D",
                1
            ],
            [
                "SKU-000744D",
                1
            ],
            [
                "SKU-000946A",
                1
            ],
            [
                "SKU-000337B",
                1
            ],
            [
                "SKU-000875A",
                1
            ],
            [
                "SKU-000376B",
                1
            ],
            [
                "SKU-000519B",
                1
            ],
            [
                "SKU-000186C",
                1
            ],
            [
                "SKU-000615A",
                1
            ]
        ],
        "pickTime": "2025-07-02 17:55:02"
    },
    {
        "replenish": true,
        "skus": [
            [
                "SKU-000988B",
                1
            ],
            [
                "SKU-000617D",
                1
            ]
        ],
        "pickTime": "2025-07-03 03:39:31"
    },
    {
        "replenish": true,
        "skus": [
            [
                "SKU-000873C",
                1
            ]
        ],
        "pickTime": "2025-07-03 07:37:57"
    },
    {
        "replenish": true,
        "skus": [
            [
                "SKU-000617D",
                1
            ],
            [
                "SKU-000767C",
                1
            ],
            [
                "SKU-000197B",
                1
            ],
            [
                "SKU-000158C",
                1
            ],
            [
                "SKU-000496B",
                1
            ],
            [
                "SKU-000665A",
                1
            ],
            [
                "SKU-000145A",
                1
            ],
            [
                "SKU-000334C",
                1
            ],
            [
                "SKU-000586A",
                1
            ],
            [
                "SKU-000942B",
                1
            ],
            [
                "SKU-000115B",
                1
            ],
            [
                "SKU-000261B",
                1
            ]
        ],
        "pickTime": "2025-07-03 17:16:27"
    },
    {
        "replenish": true,
        "skus": [
            [
                "SKU-000065D",
                1
            ],
            [
                "SKU-000506A",
                1
            ],
            [
                "SKU-000386A",
                1
            ],
            [
                "SKU-000498C",
                1
            ],
            [
                "SKU-000731B",
                1
            ],
            [
                "SKU-000724D",
                1
            ],
            [
                "SKU-000223A",
                1
            ],
            [
                "SKU-000355B",
                1
            ],
            [
                "SKU-000707C",
                1
            ],
            [
                "SKU-000380D",
                1
            ],
            [
                "SKU-000618D",
                1
            ],
            [
                "SKU-000009C",
                1
            ],
            [
                "SKU-000248C",
                1
            ],
            [
                "SKU-000706C",
                1
            ]
        ],
        "pickTime": "2025-07-04 05:15:39"
    },
    {
        "replenish": true,
        "skus": [
            [
                "SKU-000997B",
                1
            ],
            [
                "SKU-000145C",
                1
            ],
            [
                "SKU-000172B",
                1
            ]
        ],
        "pickTime": "2025-07-04 07:07:27"
    },
    {
        "replenish": true,
        "skus": [
            [
                "SKU-000960C",
                1
            ],
            [
                "SKU-000830A",
                1
            ],
            [
                "SKU-000457D",
                1
            ]
        ],
        "pickTime": "2025-07-04 12:15:29"
    },
    {
        "replenish": true,
        "skus": [
            [
                "SKU-000620A",
                1
            ],
            [
                "SKU-000773C",
                1
            ],
            [
                "SKU-000548A",
                1
            ],
            [
                "SKU-000605B",
                1
            ],
            [
                "SKU-000230B",
                1
            ],
            [
                "SKU-000034A",
                1
            ],
            [
                "SKU-000792D",
                1
            ],
            [
                "SKU-000280B",
                1
            ]
        ],
        "pickTime": "2025-07-04 14:11:39"
    },
    {
        "replenish": true,
        "skus": [
            [
                "SKU-000367B",
                1
            ],
            [
                "SKU-000669B",
                1
            ],
            [
                "SKU-000438B",
                1
            ],
            [
                "SKU-000545B",
                1
            ],
            [
                "SKU-000863A",
                1
            ],
            [
                "SKU-000543C",
                1
            ],
            [
                "SKU-000463D",
                1
            ]
        ],
        "pickTime": "2025-07-04 18:56:59"
    },
    {
        "replenish": true,
        "skus": [
            [
                "SKU-000110C",
                1
            ]
        ],
        "pickTime": "2025-07-05 06:45:12"
    },
    {
        "replenish": true,
        "skus": [
            [
                "SKU-000401B",
                1
            ],
            [
                "SKU-000461B",
                1
            ],
            [
                "SKU-000732A",
                1
            ],
            [
                "SKU-000392B",
                1
            ],
            [
                "SKU-000294D",
                1
            ],
            [
                "SKU-000091C",
                1
            ],
            [
                "SKU-000013D",
                1
            ],
            [
                "SKU-000213D",
                1
            ],
            [
                "SKU-000543C",
                1
            ],
            [
                "SKU-000919C",
                1
            ],
            [
                "SKU-000918C",
                1
            ],
            [
                "SKU-000797C",
                1
            ],
            [
                "SKU-000696C",
                1
            ],
            [
                "SKU-000332A",
                1
            ],
            [
                "SKU-000724D",
                1
            ],
            [
                "SKU-000002A",
                1
            ]
        ],
        "pickTime": "2025-07-05 19:59:04"
    },
    {
        "replenish": true,
        "skus": [
            [
                "SKU-000531D",
                1
            ],
            [
                "SKU-000811D",
                1
            ]
        ],
        "pickTime": "2025-07-05 20:10:55"
    },
    {
        "replenish": true,
        "skus": [
            [
                "SKU-000336C",
                1
            ],
            [
                "SKU-000632B",
                1
            ],
            [
                "SKU-000686B",
                1
            ],
            [
                "SKU-000322B",
                1
            ],
            [
                "SKU-000142D",
                1
            ],
            [
                "SKU-000039C",
                1
            ]
        ],
        "pickTime": "2025-07-06 00:40:53"
    },
    {
        "replenish": true,
        "skus": [
            [
                "SKU-000316C",
                1
            ],
            [
                "SKU-000963C",
                1
            ],
            [
                "SKU-000172B",
                1
            ],
            [
                "SKU-000902B",
                1
            ],
            [
                "SKU-000676B",
                1
            ],
            [
                "SKU-000386A",
                1
            ],
            [
                "SKU-000543C",
                1
            ],
            [
                "SKU-000939B",
                1
            ],
            [
                "SKU-000423D",
                1
            ],
            [
                "SKU-000923D",
                1
            ],
            [
                "SKU-000992A",
                1
            ]
        ],
        "pickTime": "2025-07-06 01:12:54"
    },
    {
        "replenish": true,
        "skus": [
            [
                "SKU-000657D",
                1
            ]
        ],
        "pickTime": "2025-07-06 13:12:39"
    },
    {
        "replenish": true,
        "skus": [
            [
                "SKU-000519B",
                1
            ],
            [
                "SKU-000746A",
                1
            ]
        ],
        "pickTime": "2025-07-06 18:15:45"
    },
    {
        "replenish": true,
        "skus": [
            [
                "SKU-000007B",
                1
            ],
            [
                "SKU-000924A",
                1
            ],
            [
                "SKU-000751B",
                1
            ]
        ],
        "pickTime": "2025-07-06 22:06:48"
    },
    {
        "replenish": true,
        "skus": [
            [
                "SKU-000749C",
                1
            ],
            [
                "SKU-000156C",
                1
            ],
            [
                "SKU-000183C",
                1
            ],
            [
                "SKU-000338C",
                1
            ],
            [
                "SKU-000500C",
                1
            ],
            [
                "SKU-000489B",
                1
            ]
        ],
        "pickTime": "2025-07-06 22:34:27"
    },
    {
        "replenish": true,
        "skus": [
            [
                "SKU-000650C",
                1
            ],
            [
                "SKU-000506D",
                1
            ],
            [
                "SKU-000696C",
                1
            ],
            [
                "SKU-000956C",
                1
            ],
            [
                "SKU-000306A",
                1
            ],
            [
                "SKU-000107A",
                1
            ],
            [
                "SKU-000470D",
                1
            ]
        ],
        "pickTime": "2025-07-07 01:57:39"
    },
    {
        "replenish": true,
        "skus": [
            [
                "SKU-000724B",
                1
            ],
            [
                "SKU-000879A",
                1
            ],
            [
                "SKU-000727A",
                1
            ],
            [
                "SKU-000078A",
                1
            ],
            [
                "SKU-000076B",
                1
            ],
            [
                "SKU-000174D",
                1
            ],
            [
                "SKU-000271A",
                1
            ],
            [
                "SKU-000335D",
                1
            ],
            [
                "SKU-000789A",
                1
            ],
            [
                "SKU-000776B",
                1
            ],
            [
                "SKU-000992C",
                1
            ],
            [
                "SKU-000169A",
                1
            ],
            [
                "SKU-000553B",
                1
            ],
            [
                "SKU-000525B",
                1
            ],
            [
                "SKU-000953D",
                1
            ],
            [
                "SKU-000656D",
                1
            ],
            [
                "SKU-000353B",
                1
            ],
            [
                "SKU-000950A",
                1
            ],
            [
                "SKU-000863A",
                1
            ],
            [
                "SKU-000937D",
                1
            ],
            [
                "SKU-000276A",
                1
            ],
            [
                "SKU-000906A",
                1
            ],
            [
                "SKU-000947D",
                1
            ],
            [
                "SKU-000826A",
                1
            ],
            [
                "SKU-000912B",
                1
            ]
        ],
        "pickTime": "2025-07-07 03:45:41"
    },
    {
        "replenish": true,
        "skus": [
            [
                "SKU-000807D",
                1
            ],
            [
                "SKU-000366A",
                1
            ],
            [
                "SKU-000175C",
                1
            ],
            [
                "SKU-000815D",
                1
            ],
            [
                "SKU-000166A",
                1
            ],
            [
                "SKU-000755B",
                1
            ]
        ],
        "pickTime": "2025-07-07 03:52:07"
    },
    {
        "replenish": true,
        "skus": [
            [
                "SKU-000336D",
                1
            ],
            [
                "SKU-000532C",
                1
            ],
            [
                "SKU-000957B",
                1
            ],
            [
                "SKU-000195A",
                1
            ],
            [
                "SKU-000670B",
                1
            ],
            [
                "SKU-000682A",
                1
            ],
            [
                "SKU-000592B",
                1
            ],
            [
                "SKU-000357D",
                1
            ]
        ],
        "pickTime": "2025-07-07 19:30:46"
    },
    {
        "replenish": true,
        "skus": [
            [
                "SKU-000045B",
                1
            ],
            [
                "SKU-000103B",
                1
            ],
            [
                "SKU-000514D",
                1
            ],
            [
                "SKU-000530B",
                1
            ],
            [
                "SKU-000675D",
                1
            ],
            [
                "SKU-000907B",
                1
            ],
            [
                "SKU-000769C",
                1
            ],
            [
                "SKU-000837D",
                1
            ],
            [
                "SKU-000856A",
                1
            ],
            [
                "SKU-000044B",
                1
            ],
            [
                "SKU-000608C",
                1
            ],
            [
                "SKU-000518C",
                1
            ],
            [
                "SKU-000992A",
                1
            ],
            [
                "SKU-000536A",
                1
            ]
        ],
        "pickTime": "2025-07-07 21:59:26"
    },
    {
        "replenish": true,
        "skus": [
            [
                "SKU-000466B",
                1
            ],
            [
                "SKU-000922C",
                1
            ],
            [
                "SKU-000727D",
                1
            ],
            [
                "SKU-000583D",
                1
            ],
            [
                "SKU-000769C",
                1
            ],
            [
                "SKU-000976B",
                1
            ],
            [
                "SKU-000765B",
                1
            ],
            [
                "SKU-000430A",
                1
            ],
            [
                "SKU-000613A",
                1
            ],
            [
                "SKU-000394B",
                1
            ],
            [
                "SKU-000474C",
                1
            ],
            [
                "SKU-000522A",
                1
            ],
            [
                "SKU-000928D",
                1
            ],
            [
                "SKU-000072D",
                1
            ],
            [
                "SKU-000037C",
                1
            ],
            [
                "SKU-000522D",
                1
            ],
            [
                "SKU-000817C",
                1
            ],
            [
                "SKU-000370C",
                1
            ],
            [
                "SKU-000011D",
                1
            ],
            [
                "SKU-000415C",
                1
            ],
            [
                "SKU-000804C",
                1
            ],
            [
                "SKU-000067D",
                1
            ],
            [
                "SKU-000502C",
                1
            ]
        ],
        "pickTime": "2025-07-08 04:06:30"
    },
    {
        "replenish": true,
        "skus": [
            [
                "SKU-000857A",
                1
            ],
            [
                "SKU-000955D",
                1
            ],
            [
                "SKU-000741C",
                1
            ],
            [
                "SKU-000713D",
                1
            ],
            [
                "SKU-000757B",
                1
            ],
            [
                "SKU-000153D",
                1
            ],
            [
                "SKU-000629A",
                1
            ],
            [
                "SKU-000157B",
                1
            ],
            [
                "SKU-000367D",
                1
            ]
        ],
        "pickTime": "2025-07-08 06:36:43"
    },
    {
        "replenish": true,
        "skus": [
            [
                "SKU-000713D",
                1
            ],
            [
                "SKU-000566D",
                1
            ],
            [
                "SKU-000944B",
                1
            ],
            [
                "SKU-000873C",
                1
            ],
            [
                "SKU-000629D",
                1
            ],
            [
                "SKU-000665C",
                1
            ],
            [
                "SKU-000287D",
                1
            ],
            [
                "SKU-000088B",
                1
            ],
            [
                "SKU-001000D",
                1
            ],
            [
                "SKU-000200C",
                1
            ],
            [
                "SKU-000134C",
                1
            ]
        ],
        "pickTime": "2025-07-09 01:12:14"
    },
    {
        "replenish": true,
        "skus": [
            [
                "SKU-000593A",
                1
            ]
        ],
        "pickTime": "2025-07-09 20:51:45"
    },
    {
        "replenish": true,
        "skus": [
            [
                "SKU-000211B",
                1
            ],
            [
                "SKU-000574C",
                1
            ],
            [
                "SKU-000725D",
                1
            ],
            [
                "SKU-000825A",
                1
            ]
        ],
        "pickTime": "2025-07-10 01:05:04"
    },
    {
        "replenish": true,
        "skus": [
            [
                "SKU-000688A",
                1
            ],
            [
                "SKU-000898A",
                1
            ],
            [
                "SKU-000384B",
                1
            ],
            [
                "SKU-000855A",
                1
            ],
            [
                "SKU-000843D",
                1
            ],
            [
                "SKU-000212B",
                1
            ],
            [
                "SKU-000310D",
                1
            ]
        ],
        "pickTime": "2025-07-10 09:47:57"
    },
    {
        "replenish": true,
        "skus": [
            [
                "SKU-000945A",
                1
            ],
            [
                "SKU-000397A",
                1
            ],
            [
                "SKU-000276C",
                1
            ],
            [
                "SKU-000902B",
                1
            ],
            [
                "SKU-000885D",
                1
            ],
            [
                "SKU-000948C",
                1
            ],
            [
                "SKU-000691A",
                1
            ],
            [
                "SKU-000745A",
                1
            ],
            [
                "SKU-000125A",
                1
            ]
        ],
        "pickTime": "2025-07-10 11:26:06"
    },
    {
        "replenish": true,
        "skus": [
            [
                "SKU-000276C",
                1
            ],
            [
                "SKU-000268B",
                1
            ],
            [
                "SKU-000638B",
                1
            ],
            [
                "SKU-000502C",
                1
            ],
            [
                "SKU-000242A",
                1
            ],
            [
                "SKU-000662D",
                1
            ],
            [
                "SKU-000014C",
                1
            ],
            [
                "SKU-000895B",
                1
            ],
            [
                "SKU-000976B",
                1
            ],
            [
                "SKU-000520A",
                1
            ],
            [
                "SKU-000556A",
                1
            ],
            [
                "SKU-000302D",
                1
            ],
            [
                "SKU-000335C",
                1
            ],
            [
                "SKU-000380D",
                1
            ]
        ],
        "pickTime": "2025-07-10 12:49:27"
    },
    {
        "replenish": true,
        "skus": [
            [
                "SKU-000224C",
                1
            ]
        ],
        "pickTime": "2025-07-11 04:05:08"
    },
    {
        "replenish": true,
        "skus": [
            [
                "SKU-000830D",
                1
            ],
            [
                "SKU-000115D",
                1
            ],
            [
                "SKU-000967A",
                1
            ]
        ],
        "pickTime": "2025-07-11 08:25:01"
    },
    {
        "replenish": true,
        "skus": [
            [
                "SKU-000973C",
                1
            ],
            [
                "SKU-000777D",
                1
            ],
            [
                "SKU-000539A",
                1
            ],
            [
                "SKU-000393B",
                1
            ],
            [
                "SKU-000973C",
                1
            ],
            [
                "SKU-000567B",
                1
            ]
        ],
        "pickTime": "2025-07-11 12:13:07"
    },
    {
        "replenish": true,
        "skus": [
            [
                "SKU-000754D",
                1
            ],
            [
                "SKU-000022C",
                1
            ],
            [
                "SKU-000016C",
                1
            ],
            [
                "SKU-000145C",
                1
            ],
            [
                "SKU-000568B",
                1
            ],
            [
                "SKU-000431A",
                1
            ],
            [
                "SKU-000615A",
                1
            ],
            [
                "SKU-000252B",
                1
            ],
            [
                "SKU-000580D",
                1
            ],
            [
                "SKU-000081B",
                1
            ]
        ],
        "pickTime": "2025-07-11 13:30:58"
    },
    {
        "replenish": true,
        "skus": [
            [
                "SKU-000075D",
                1
            ],
            [
                "SKU-000620C",
                1
            ],
            [
                "SKU-000896C",
                1
            ]
        ],
        "pickTime": "2025-07-11 14:23:05"
    },
    {
        "replenish": true,
        "skus": [
            [
                "SKU-000122D",
                1
            ],
            [
                "SKU-000576B",
                1
            ],
            [
                "SKU-000880C",
                1
            ]
        ],
        "pickTime": "2025-07-11 15:22:56"
    },
    {
        "replenish": true,
        "skus": [
            [
                "SKU-000675D",
                1
            ]
        ],
        "pickTime": "2025-07-11 23:36:55"
    },
    {
        "replenish": true,
        "skus": [
            [
                "SKU-000189D",
                1
            ],
            [
                "SKU-000076B",
                1
            ],
            [
                "SKU-000100A",
                1
            ],
            [
                "SKU-000439B",
                1
            ],
            [
                "SKU-000950B",
                1
            ],
            [
                "SKU-000423D",
                1
            ],
            [
                "SKU-000215C",
                1
            ],
            [
                "SKU-000105A",
                1
            ],
            [
                "SKU-000721A",
                1
            ]
        ],
        "pickTime": "2025-07-12 08:42:31"
    },
    {
        "replenish": true,
        "skus": [
            [
                "SKU-000943A",
                1
            ],
            [
                "SKU-000985C",
                1
            ],
            [
                "SKU-000372A",
                1
            ],
            [
                "SKU-000335A",
                1
            ],
            [
                "SKU-000714B",
                1
            ],
            [
                "SKU-000653D",
                1
            ],
            [
                "SKU-000504B",
                1
            ],
            [
                "SKU-000709D",
                1
            ],
            [
                "SKU-000718C",
                1
            ]
        ],
        "pickTime": "2025-07-12 19:11:17"
    },
    {
        "replenish": true,
        "skus": [
            [
                "SKU-000230D",
                1
            ],
            [
                "SKU-000474B",
                1
            ],
            [
                "SKU-000091C",
                1
            ]
        ],
        "pickTime": "2025-07-12 21:50:25"
    },
    {
        "replenish": true,
        "skus": [
            [
                "SKU-000769C",
                1
            ],
            [
                "SKU-000926A",
                1
            ],
            [
                "SKU-000336A",
                1
            ],
            [
                "SKU-000010D",
                1
            ],
            [
                "SKU-000422D",
                1
            ],
            [
                "SKU-000430A",
                1
            ],
            [
                "SKU-000970D",
                1
            ],
            [
                "SKU-000426C",
                1
            ],
            [
                "SKU-000561A",
                1
            ],
            [
                "SKU-000855D",
                1
            ]
        ],
        "pickTime": "2025-07-12 22:51:38"
    },
    {
        "replenish": true,
        "skus": [
            [
                "SKU-000160D",
                1
            ]
        ],
        "pickTime": "2025-07-13 00:12:31"
    },
    {
        "replenish": true,
        "skus": [
            [
                "SKU-000889D",
                1
            ],
            [
                "SKU-000169A",
                1
            ]
        ],
        "pickTime": "2025-07-13 09:27:15"
    },
    {
        "replenish": false,
        "skus": [
            [
                "SKU-000741A",
                1
            ],
            [
                "SKU-000273B",
                1
            ],
            [
                "SKU-000230D",
                1
            ]
        ],
        "pickTime": "2025-07-13 22:13:02"
    },
    {
        "replenish": false,
        "skus": [
            [
                "SKU-000769C",
                1
            ],
            [
                "SKU-000795B",
                1
            ]
        ],
        "pickTime": "2025-07-14 18:47:28"
    },
    {
        "replenish": false,
        "skus": [
            [
                "SKU-000627C",
                1
            ],
            [
                "SKU-000450D",
                1
            ]
        ],
        "pickTime": "2025-07-15 10:07:29"
    },
    {
        "replenish": false,
        "skus": [
            [
                "SKU-000832D",
                1
            ],
            [
                "SKU-000428B",
                1
            ],
            [
                "SKU-000028D",
                1
            ],
            [
                "SKU-000934C",
                1
            ],
            [
                "SKU-000691A",
                1
            ],
            [
                "SKU-000392C",
                1
            ],
            [
                "SKU-000799A",
                1
            ]
        ],
        "pickTime": "2025-07-15 10:30:56"
    },
    {
        "replenish": false,
        "skus": [
            [
                "SKU-000450A",
                1
            ],
            [
                "SKU-000063B",
                1
            ]
        ],
        "pickTime": "2025-07-15 22:40:02"
    },
    {
        "replenish": false,
        "skus": [
            [
                "SKU-000276B",
                1
            ],
            [
                "SKU-000189C",
                1
            ],
            [
                "SKU-000820C",
                1
            ],
            [
                "SKU-000574A",
                1
            ],
            [
                "SKU-000225C",
                1
            ]
        ],
        "pickTime": "2025-07-16 10:38:44"
    },
    {
        "replenish": false,
        "skus": [
            [
                "SKU-000402B",
                1
            ],
            [
                "SKU-000444A",
                1
            ],
            [
                "SKU-000847C",
                1
            ],
            [
                "SKU-000496B",
                1
            ],
            [
                "SKU-000144A",
                1
            ]
        ],
        "pickTime": "2025-07-16 15:32:32"
    },
    {
        "replenish": false,
        "skus": [
            [
                "SKU-000197B",
                1
            ],
            [
                "SKU-000631A",
                1
            ],
            [
                "SKU-000797A",
                1
            ]
        ],
        "pickTime": "2025-07-16 20:55:21"
    },
    {
        "replenish": false,
        "skus": [
            [
                "SKU-000221A",
                1
            ],
            [
                "SKU-000059D",
                1
            ],
            [
                "SKU-000750B",
                1
            ],
            [
                "SKU-000435A",
                1
            ],
            [
                "SKU-000495A",
                1
            ],
            [
                "SKU-000294B",
                1
            ],
            [
                "SKU-000344A",
                1
            ],
            [
                "SKU-000955D",
                1
            ]
        ],
        "pickTime": "2025-07-17 00:31:04"
    },
    {
        "replenish": false,
        "skus": [
            [
                "SKU-000842A",
                1
            ]
        ],
        "pickTime": "2025-07-17 15:15:43"
    },
    {
        "replenish": false,
        "skus": [
            [
                "SKU-000653D",
                1
            ]
        ],
        "pickTime": "2025-07-18 05:37:38"
    },
    {
        "replenish": false,
        "skus": [
            [
                "SKU-000950C",
                1
            ],
            [
                "SKU-000334C",
                1
            ],
            [
                "SKU-000212B",
                1
            ],
            [
                "SKU-000713B",
                1
            ],
            [
                "SKU-000018D",
                1
            ],
            [
                "SKU-000593A",
                1
            ],
            [
                "SKU-000932B",
                1
            ],
            [
                "SKU-000974C",
                1
            ],
            [
                "SKU-000839B",
                1
            ]
        ],
        "pickTime": "2025-07-18 10:42:47"
    },
    {
        "replenish": false,
        "skus": [
            [
                "SKU-000894D",
                1
            ],
            [
                "SKU-000037A",
                1
            ],
            [
                "SKU-000860D",
                1
            ]
        ],
        "pickTime": "2025-07-18 20:17:59"
    },
    {
        "replenish": false,
        "skus": [
            [
                "SKU-000995D",
                1
            ],
            [
                "SKU-000313C",
                1
            ]
        ],
        "pickTime": "2025-07-19 08:35:26"
    },
    {
        "replenish": false,
        "skus": [
            [
                "SKU-000711D",
                1
            ]
        ],
        "pickTime": "2025-07-19 20:41:49"
    },
    {
        "replenish": false,
        "skus": [
            [
                "SKU-000085C",
                1
            ],
            [
                "SKU-000095A",
                1
            ],
            [
                "SKU-000955C",
                1
            ],
            [
                "SKU-000916B",
                1
            ],
            [
                "SKU-000404D",
                1
            ]
        ],
        "pickTime": "2025-07-20 01:23:17"
    },
    {
        "replenish": false,
        "skus": [
            [
                "SKU-000206D",
                1
            ],
            [
                "SKU-000974B",
                1
            ]
        ],
        "pickTime": "2025-07-20 13:09:19"
    },
    {
        "replenish": false,
        "skus": [
            [
                "SKU-000253A",
                1
            ],
            [
                "SKU-000870A",
                1
            ],
            [
                "SKU-000141B",
                1
            ]
        ],
        "pickTime": "2025-07-21 02:30:35"
    },
    {
        "replenish": false,
        "skus": [
            [
                "SKU-000676B",
                1
            ]
        ],
        "pickTime": "2025-07-21 02:46:01"
    },
    {
        "replenish": false,
        "skus": [
            [
                "SKU-000426D",
                1
            ],
            [
                "SKU-000961A",
                1
            ],
            [
                "SKU-000384B",
                1
            ],
            [
                "SKU-000930D",
                1
            ],
            [
                "SKU-000940C",
                1
            ]
        ],
        "pickTime": "2025-07-21 16:40:08"
    },
    {
        "replenish": false,
        "skus": [
            [
                "SKU-000329C",
                1
            ],
            [
                "SKU-000545A",
                1
            ]
        ],
        "pickTime": "2025-07-21 20:50:23"
    },
    {
        "replenish": false,
        "skus": [
            [
                "SKU-000589B",
                1
            ],
            [
                "SKU-000214D",
                1
            ],
            [
                "SKU-000016A",
                1
            ]
        ],
        "pickTime": "2025-07-22 23:04:27"
    },
    {
        "replenish": false,
        "skus": [
            [
                "SKU-000180B",
                1
            ],
            [
                "SKU-000955C",
                1
            ]
        ],
        "pickTime": "2025-07-23 13:35:47"
    },
    {
        "replenish": false,
        "skus": [
            [
                "SKU-000482C",
                1
            ],
            [
                "SKU-000104D",
                1
            ],
            [
                "SKU-000992A",
                1
            ]
        ],
        "pickTime": "2025-07-23 19:51:52"
    },
    {
        "replenish": false,
        "skus": [
            [
                "SKU-000873C",
                1
            ],
            [
                "SKU-000236B",
                1
            ]
        ],
        "pickTime": "2025-07-23 21:41:19"
    },
    {
        "replenish": false,
        "skus": [
            [
                "SKU-000625B",
                1
            ],
            [
                "SKU-000331C",
                1
            ],
            [
                "SKU-000829A",
                1
            ],
            [
                "SKU-000741C",
                1
            ]
        ],
        "pickTime": "2025-07-24 02:00:34"
    },
    {
        "replenish": false,
        "skus": [
            [
                "SKU-000242D",
                1
            ],
            [
                "SKU-000853B",
                1
            ],
            [
                "SKU-000541C",
                1
            ]
        ],
        "pickTime": "2025-07-25 02:00:58"
    },
    {
        "replenish": false,
        "skus": [
            [
                "SKU-000340D",
                1
            ]
        ],
        "pickTime": "2025-07-25 04:13:57"
    },
    {
        "replenish": false,
        "skus": [
            [
                "SKU-000793C",
                1
            ]
        ],
        "pickTime": "2025-07-26 03:38:53"
    },
    {
        "replenish": false,
        "skus": [
            [
                "SKU-000128C",
                1
            ],
            [
                "SKU-000553B",
                1
            ],
            [
                "SKU-000883A",
                1
            ],
            [
                "SKU-000287D",
                1
            ],
            [
                "SKU-000776D",
                1
            ],
            [
                "SKU-000231B",
                1
            ],
            [
                "SKU-000759A",
                1
            ],
            [
                "SKU-000600C",
                1
            ],
            [
                "SKU-000341C",
                1
            ],
            [
                "SKU-000528A",
                1
            ],
            [
                "SKU-000830D",
                1
            ],
            [
                "SKU-000457C",
                1
            ],
            [
                "SKU-000900D",
                1
            ],
            [
                "SKU-000673B",
                1
            ],
            [
                "SKU-000603D",
                1
            ],
            [
                "SKU-000535D",
                1
            ],
            [
                "SKU-000769C",
                1
            ],
            [
                "SKU-000329C",
                1
            ],
            [
                "SKU-000650C",
                1
            ],
            [
                "SKU-000049C",
                1
            ],
            [
                "SKU-000378D",
                1
            ],
            [
                "SKU-000709D",
                1
            ],
            [
                "SKU-000345A",
                1
            ],
            [
                "SKU-000376A",
                1
            ],
            [
                "SKU-000347D",
                1
            ]
        ],
        "pickTime": "2025-07-26 08:13:19"
    },
    {
        "replenish": false,
        "skus": [
            [
                "SKU-000088B",
                1
            ],
            [
                "SKU-000410C",
                1
            ]
        ],
        "pickTime": "2025-07-26 11:53:55"
    },
    {
        "replenish": false,
        "skus": [
            [
                "SKU-000469B",
                1
            ],
            [
                "SKU-000743D",
                1
            ],
            [
                "SKU-000211C",
                1
            ],
            [
                "SKU-000020D",
                1
            ]
        ],
        "pickTime": "2025-07-26 12:59:29"
    },
    {
        "replenish": false,
        "skus": [
            [
                "SKU-000113B",
                1
            ],
            [
                "SKU-000707B",
                1
            ],
            [
                "SKU-000918C",
                1
            ]
        ],
        "pickTime": "2025-07-26 21:55:04"
    },
    {
        "replenish": false,
        "skus": [
            [
                "SKU-000727C",
                1
            ]
        ],
        "pickTime": "2025-07-26 23:44:59"
    },
    {
        "replenish": false,
        "skus": [
            [
                "SKU-000408C",
                1
            ],
            [
                "SKU-000919D",
                1
            ],
            [
                "SKU-000644B",
                1
            ],
            [
                "SKU-000703B",
                1
            ],
            [
                "SKU-000900D",
                1
            ]
        ],
        "pickTime": "2025-07-27 04:11:40"
    },
    {
        "replenish": false,
        "skus": [
            [
                "SKU-000816A",
                1
            ],
            [
                "SKU-000371C",
                1
            ],
            [
                "SKU-000380D",
                1
            ]
        ],
        "pickTime": "2025-07-27 09:59:17"
    },
    {
        "replenish": false,
        "skus": [
            [
                "SKU-000785A",
                1
            ]
        ],
        "pickTime": "2025-07-27 13:25:55"
    },
    {
        "replenish": false,
        "skus": [
            [
                "SKU-000677A",
                1
            ],
            [
                "SKU-000198D",
                1
            ],
            [
                "SKU-000246C",
                1
            ]
        ],
        "pickTime": "2025-07-27 13:47:43"
    },
    {
        "replenish": false,
        "skus": [
            [
                "SKU-000328B",
                1
            ]
        ],
        "pickTime": "2025-07-28 02:37:12"
    },
    {
        "replenish": false,
        "skus": [
            [
                "SKU-000798B",
                1
            ],
            [
                "SKU-000238C",
                1
            ],
            [
                "SKU-000670A",
                1
            ],
            [
                "SKU-000299D",
                1
            ],
            [
                "SKU-000763C",
                1
            ],
            [
                "SKU-000047D",
                1
            ],
            [
                "SKU-000498A",
                1
            ],
            [
                "SKU-000459B",
                1
            ]
        ],
        "pickTime": "2025-07-28 05:21:54"
    },
    {
        "replenish": false,
        "skus": [
            [
                "SKU-000230B",
                1
            ]
        ],
        "pickTime": "2025-07-28 12:59:55"
    },
    {
        "replenish": false,
        "skus": [
            [
                "SKU-000704B",
                1
            ]
        ],
        "pickTime": "2025-07-28 18:45:54"
    },
    {
        "replenish": false,
        "skus": [
            [
                "SKU-000807A",
                1
            ],
            [
                "SKU-000622C",
                1
            ]
        ],
        "pickTime": "2025-07-29 00:49:35"
    },
    {
        "replenish": false,
        "skus": [
            [
                "SKU-000629C",
                1
            ],
            [
                "SKU-000248C",
                1
            ],
            [
                "SKU-000175A",
                1
            ],
            [
                "SKU-000781C",
                1
            ],
            [
                "SKU-000289D",
                1
            ],
            [
                "SKU-000716C",
                1
            ]
        ],
        "pickTime": "2025-07-29 11:35:46"
    },
    {
        "replenish": false,
        "skus": [
            [
                "SKU-000309B",
                1
            ]
        ],
        "pickTime": "2025-07-29 15:31:08"
    },
    {
        "replenish": false,
        "skus": [
            [
                "SKU-000804C",
                1
            ],
            [
                "SKU-000886C",
                1
            ],
            [
                "SKU-000606A",
                1
            ],
            [
                "SKU-000553B",
                1
            ],
            [
                "SKU-000952A",
                1
            ],
            [
                "SKU-000965B",
                1
            ],
            [
                "SKU-000244C",
                1
            ],
            [
                "SKU-000196C",
                1
            ]
        ],
        "pickTime": "2025-07-29 21:29:59"
    },
    {
        "replenish": false,
        "skus": [
            [
                "SKU-000878B",
                1
            ],
            [
                "SKU-000294C",
                1
            ],
            [
                "SKU-000413B",
                1
            ]
        ],
        "pickTime": "2025-07-30 00:05:33"
    },
    {
        "replenish": false,
        "skus": [
            [
                "SKU-000221C",
                1
            ],
            [
                "SKU-000567A",
                1
            ],
            [
                "SKU-000489B",
                1
            ],
            [
                "SKU-000037C",
                1
            ]
        ],
        "pickTime": "2025-07-30 07:34:24"
    },
    {
        "replenish": false,
        "skus": [
            [
                "SKU-000002A",
                1
            ],
            [
                "SKU-000982C",
                1
            ],
            [
                "SKU-000916C",
                1
            ],
            [
                "SKU-000281A",
                1
            ],
            [
                "SKU-000958B",
                1
            ],
            [
                "SKU-000089C",
                1
            ],
            [
                "SKU-000902A",
                1
            ],
            [
                "SKU-000837B",
                1
            ],
            [
                "SKU-000833A",
                1
            ],
            [
                "SKU-000454D",
                1
            ],
            [
                "SKU-000596A",
                1
            ],
            [
                "SKU-000401C",
                1
            ],
            [
                "SKU-000713B",
                1
            ],
            [
                "SKU-000912A",
                1
            ]
        ],
        "pickTime": "2025-07-30 10:39:31"
    },
    {
        "replenish": false,
        "skus": [
            [
                "SKU-000812D",
                1
            ],
            [
                "SKU-000532C",
                1
            ]
        ],
        "pickTime": "2025-07-30 15:27:21"
    }
]